run_id,game_id,cutoff_utc,season,week,home_team,away_team,kickoff_utc,model_id,data_mode,forecast_policy,mu_home_score,mu_away_score,dist_mean_home_score,dist_mean_away_score,mean_margin,mean_total,p_home_win,p_tie,p_away_win,p_home_win_given_no_tie,fair_decimal_home,fair_decimal_away,fair_american_home,fair_american_away,mean_home_handicap,fair_home_handicap,fair_home_handicap_p_win,fair_home_handicap_p_push,fair_home_handicap_p_loss,fair_total,fair_total_p_over,fair_total_p_push,fair_total_p_under,negative_latent_mass,omitted_upper_mass,max_score_support,clipped_negative_cells,warnings,data_quality_flags,schema_version,feature_version,config_hash,features_hash,neutral_site,margin_q50_lo,margin_q50_hi,total_q50_lo,total_q50_hi,margin_q80_lo,margin_q80_hi,total_q80_lo,total_q80_hi,margin_q95_lo,margin_q95_hi,total_q95_lo,total_q95_hi,p_margin_0,p_margin_3,p_margin_-3,p_margin_7,p_margin_-7,p_total_even,actual_home,actual_away,crps_margin,crps_total,score_mae,score_rmse_sq,actual_margin,actual_total,margin_mae,margin_rmse_sq,total_mae,total_rmse_sq,is_tie,home_win,logloss_3way,brier_3way,logloss_binary_no_tie,brier_binary_no_tie,margin_cover_50,margin_width_50,total_cover_50,total_width_50,margin_cover_80,margin_width_80,total_cover_80,total_width_80,margin_cover_95,margin_width_95,total_cover_95,total_width_95,obs_margin_0,obs_margin_3,obs_margin_-3,obs_margin_7,obs_margin_-7,obs_total_even
confirmation-20260916T173933Z-48f95d,2024_01_ARI_BUF,2024-09-07 17:00:00+00:00,2024,1,BUF,ARI,2024-09-08 17:00:00+00:00,M1_ridge_alpha100,historical_reconstruction,kickoff_minus_24h,26.698799012340714,18.626967463143224,26.705966125529482,18.713766940584115,7.992199184945367,45.4197330661136,0.7163764877522087,0.025114021778684825,0.25850949046910643,0.734831050764769,1.3608570282369787,3.7711806110183037,-277.1180611018303,277.1180611018304,-7.992199184945367,-8.0,0.48670203329701,0.03022043216766398,0.48307753453532604,45.5,0.49514763979354337,0.0,0.5048523602064566,0.023655915031880005,4.551914400963142e-15,100,0,negative_latent_mass=0.0237 exceeds 0.01,rest_missing,1,1,b8eb3c94eb3388ec3f3ff44dda35e9130178f1d32a5f2a459ddc134106dcbcb5,b7a8fd6d3b282691ecd59299f76b860a8be26f51d7febaf57f7dd1bbd7edede6,False,-1,17,36,55,-9,25,28,63,-18,33,19,72,0.025114021778684825,0.02803756993015989,0.02125445602633721,0.030109622853613932,0.015777116100940715,0.5000374471239719,34,28,3.202609266539504,10.426521713126336,8.290133466943201,69.71852729785596,6.0,62.0,1.9921991849453669,3.968857592496984,16.5802669338864,274.9052515989267,0.0,1.0,0.33354942933387693,0.1479001674522703,0.3081146690969033,0.07031457163851654,1.0,18.0,0.0,19.0,1.0,34.0,1.0,35.0,1.0,51.0,1.0,53.0,0.0,0.0,0.0,0.0,0.0,1.0
confirmation-20260916T173933Z-48f95d,2024_01_BAL_KC,2024-09-05 00:20:00+00:00,2024,1,KC,BAL,2024-09-06 00:20:00+00:00,M1_ridge_alpha100,historical_reconstruction,kickoff_minus_24h,20.039594424578745,22.140943616899982,20.100495531420083,22.17149120346505,-2.070995672044954,42.27198673488513,0.4219602965967978,0.029996147855140955,0.5480435555480613,0.4350088875046888,2.298803607752086,1.7699393457420074,129.8803607752086,-129.8803607752086,2.070995672044954,2.0,0.4820302288666576,0.030184619560424168,0.48778515157291824,42.0,0.4907952440925394,0.029323736214470646,0.47988101969298996,0.023727163551631153,-2.220446049250313e-16,100,0,negative_latent_mass=0.0237 exceeds 0.01,rest_missing,1,1,b8eb3c94eb3388ec3f3ff44dda35e9130178f1d32a5f2a459ddc134106dcbcb5,b7a8fd6d3b282691ecd59299f76b860a8be26f51d7febaf57f7dd1bbd7edede6,False,-11,7,33,51,-19,15,25,60,-28,24,16,69,0.029996147855140955,0.02802279651907821,0.030124624261590044,0.023855845072073983,0.02824066838661555,0.5001011370896363,27,20,5.4828322470938184,3.841440676221029,4.535497836022483,26.15926797934016,7.0,47.0,9.070995672044955,82.2829624822583,4.728013265114868,22.354109435102153,0.0,1.0,0.8628440532661366,0.6353814063743703,0.8323888170569023,0.3192149571986894,1.0,18.0,1.0,18.0,1.0,34.0,1.0,35.0,1.0,52.0,1.0,53.0,0.0,0.0,0.0,1.0,0.0,0.0
confirmation-20260916T173933Z-48f95d,2024_01_CAR_NO,2024-09-07 17:00:00+00:00,2024,1,NO,CAR,2024-09-08 17:00:00+00:00,M1_ridge_alpha100,historical_reconstruction,kickoff_minus_24h,23.31833143066602,15.736900610169368,23.34070127932818,15.925121534273298,7.4155797450548855,39.26582281360149,0.7034793129872516,0.02603632550916794,0.27048436150358046,0.722284959297908,1.3844951180653726,3.60081325617762,-260.081325617762,260.081325617762,-7.4155797450548855,-7.5,0.5011537825824649,0.0,0.4988462174175351,39.0,0.4879320626691478,0.029498971161779106,0.4825689661690731,0.0488899285687551,1.1102230246251565e-16,100,0,negative_latent_mass=0.0489 exceeds 0.01,rest_missing,1,1,b8eb3c94eb3388ec3f3ff44dda35e9130178f1d32a5f2a459ddc134106dcbcb5,b7a8fd6d3b282691ecd59299f76b860a8be26f51d7febaf57f7dd1bbd7edede6,False,-1,16,30,48,-9,24,22,57,-18,32,14,66,0.02603632550916794,0.028508955675065638,0.021942706020697866,0.030346958087624592,0.016485325295514,0.5002008564051474,47,10,22.34718109726015,11.407845085004922,14.79221012747256,297.4347405749462,37.0,57.0,29.584420254945115,875.2379218212068,17.73417718639851,314.5010404785774,0.0,1.0,0.35171680870617783,0.1617641978905312,0.32533553748714267,0.0771256438321646,0.0,17.0,0.0,18.0,0.0,33.0,1.0,35.0,0.0,50.0,1.0,52.0,0.0,0.0,0.0,0.0,0.0,0.0
confirmation-20260916T173933Z-48f95d,2024_01_DAL_CLE,2024-09-07 20:25:00+00:00,2024,1,CLE,DAL,2024-09-08 20:25:00+00:00,M1_ridge_alpha100,historical_reconstruction,kickoff_minus_24h,20.395190186922314,24.687641373272186,20.45008536410004,24.700967309939376,-4.250881945839337,45.15105267403942,0.35855548943425397,0.028700589915248008,0.612743920650498,0.36915032142660087,2.7089235521601265,1.585163683147776,170.89235521601262,-170.89235521601262,4.250881945839337,4.5,0.5064146808579517,0.0,0.4935853191420483,45.0,0.4878838515436208,0.029311521968811174,0.48280462648756806,0.01795376309687365,2.220446049250313e-16,100,0,negative_latent_mass=0.0180 exceeds 0.01,rest_missing,1,1,b8eb3c94eb3388ec3f3ff44dda35e9130178f1d32a5f2a459ddc134106dcbcb5,b7a8fd6d3b282691ecd59299f76b860a8be26f51d7febaf57f7dd1bbd7edede6,False,-13,5,36,54,-21,13,28,63,-30,22,19,72,0.028700589915248008,0.025914030077541148,0.030028057549742755,0.020972134342825747,0.029577824817971176,0.500044136974028,17,33,6.977061533692824,3.872332174934946,5.874559027080332,40.38851630513609,-16.0,50.0,11.749118054160663,138.04177505060403,4.84894732596058,23.51229016994026,0.0,0.0,0.48980817804214866,0.2793530338580684,0.4606876721220315,0.13627195980936274,0.0,18.0,1.0,18.0,1.0,34.0,1.0,35.0,1.0,52.0,1.0,53.0,0.0,0.0,0.0,0.0,0.0,1.0
confirmation-20260916T173933Z-48f95d,2024_01_DEN_SEA,2024-09-07 20:05:00+00:00,2024,1,SEA,DEN,2024-09-08 20:05:00+00:00,M1_ridge_alpha100,historical_reconstruction,kickoff_minus_24h,22.621881896145936,20.53394692047409,22.649786841739758,20.58390274419023,2.0658840975495267,43.23368958592998,0.5476702964936434,0.029950036352450318,0.4223796671539063,0.5645794722101857,1.7712298254225454,2.296630351986342,-129.66303519863416,129.66303519863416,-2.0658840975495267,-2.0,0.487426561432444,0.030175300368435104,0.4823981381991209,43.0,0.4900342806602084,0.02931407191772637,0.48065164742206523,0.020563879782545456,-2.220446049250313e-16,100,0,negative_latent_mass=0.0206 exceeds 0.01,rest_missing,1,1,b8eb3c94eb3388ec3f3ff44dda35e9130178f1d32a5f2a459ddc134106dcbcb5,b7a8fd6d3b282691ecd59299f76b860a8be26f51d7febaf57f7dd1bbd7edede6,False,-7,11,34,52,-15,19,26,61,-24,28,17,70,0.029950036352450318,0.03011113414089042,0.028027868656707255,0.028209857292800764,0.023864976986219227,0.5000785602451993,26,20,3.5387203725955727,3.4067280527473245,1.967057951225236,5.782435310226474,6.0,46.0,3.9341159024504733,15.477267933913701,2.76631041407002,7.652473306992245,0.0,1.0,0.6020818218315765,0.3839037485767062,0.5716741219353291,0.18959103602076047,1.0,18.0,1.0,18.0,1.0,34.0,1.0,35.0,1.0,52.0,1.0,53.0,0.0,0.0,0.0,0.0,0.0,1.0
confirmation-20260916T173933Z-48f95d,2024_01_GB_PHI,2024-09-06 00:15:00+00:00,2024,1,PHI,GB,2024-09-07 00:15:00+00:00,M1_ridge_alpha100,historical_reconstruction,kickoff_minus_24h,22.10459782099086,24.702604738212894,22.137386592189404,24.715863445987605,-2.5784768537982,46.853250038177,0.4074083338180188,0.029633074809815484,0.5629585913721658,0.4198497735670142,2.3818043094416135,1.7236914758241704,138.18043094416134,-138.18043094416137,2.5784768537982,2.5,0.4971037720006086,0.0,0.5028962279993914,47.0,0.47975681942072257,0.029292324490240357,0.4909508560890371,0.012643116383674826,4.440892098500626e-16,100,0,negative_latent_mass=0.0126 exceeds 0.01,rest_missing,1,1,b8eb3c94eb3388ec3f3ff44dda35e9130178f1d32a5f2a459ddc134106dcbcb5,b7a8fd6d3b282691ecd59299f76b860a8be26f51d7febaf57f7dd1bbd7edede6,True,-12,6,38,56,-19,14,29,64,-28,23,21,74,0.029633074809815484,0.027576322696963664,0.030146840917468706,0.023194939534250027,0.02855723359571509,0.5000280058169337,34,29,4.7790685165682,10.065354459722663,8.073374980911495,79.53771143829645,5.0,63.0,7.5784768537982,57.43331142355507,16.146749961822998,260.717534329631,0.0,1.0,0.8979393192915887,0.6689653775507538,0.8678583136714808,0.33657428523024474,1.0,18.0,0.0,18.0,1.0,33.0,1.0,35.0,1.0,51.0,1.0,53.0,0.0,0.0,0.0,0.0,0.0,0.0
confirmation-20260916T173933Z-48f95d,2024_01_HOU_IND,2024-09-07 17:00:00+00:00,2024,1,IND,HOU,2024-09-08 17:00:00+00:00,M1_ridge_alpha100,historical_reconstruction,kickoff_minus_24h,22.18491692932008,20.78997635654836,22.21690001109759,20.836241893612193,1.380658117485396,43.05314190470978,0.5268663125317242,0.03016559538048405,0.44296809208779175,0.5432538895528496,1.840759945268126,2.189400144034087,-118.94001440340867,118.94001440340868,-1.380658117485396,-1.5,0.4967091740303794,0.0,0.5032908259696206,43.0,0.4847287663659102,0.029313929787236164,0.4859573038468536,0.020692000835211645,0.0,100,0,negative_latent_mass=0.0207 exceeds 0.01,rest_missing,1,1,b8eb3c94eb3388ec3f3ff44dda35e9130178f1d32a5f2a459ddc134106dcbcb5,b7a8fd6d3b282691ecd59299f76b860a8be26f51d7febaf57f7dd1bbd7edede6,False,-8,10,34,52,-15,18,26,60,-24,27,17,70,0.03016559538048405,0.029961973538127126,0.028560968351211552,0.02762915578268344,0.024708794549443615,0.5000828819301302,27,29,3.424564899186305,7.79354830034557,6.473429047645109,44.762495961725435,-2.0,56.0,3.380658117485396,11.428849307319902,12.946858095290217,167.62113453958185,0.0,0.0,0.814257538420923,0.5887826208577505,0.783627599475331,0.2951247885142997,1.0,18.0,0.0,18.0,1.0,33.0,1.0,34.0,1.0,51.0,1.0,53.0,0.0,0.0,0.0,0.0,0.0,1.0
confirmation-20260916T173933Z-48f95d,2024_01_JAX_MIA,2024-09-07 17:00:00+00:00,2024,1,MIA,JAX,2024-09-08 17:00:00+00:00,M1_ridge_alpha100,historical_reconstruction,kickoff_minus_24h,23.653599422618967,19.999321439618136,23.67367815001076,20.05784431545724,3.61583383455352,43.731522465468,0.5941291580926831,0.029170034141856697,0.3767008077654602,0.6119806546839703,1.6340385800534898,2.5771910912986336,-157.7191091298634,157.71910912986337,-3.61583383455352,-3.5,0.5044773546466026,0.0,0.4955226453533974,43.5,0.5046269901219889,0.0,0.49537300987801114,0.020610080591148452,1.1102230246251565e-16,100,0,negative_latent_mass=0.0206 exceeds 0.01,rest_missing,1,1,b8eb3c94eb3388ec3f3ff44dda35e9130178f1d32a5f2a459ddc134106dcbcb5,b7a8fd6d3b282691ecd59299f76b860a8be26f51d7febaf57f7dd1bbd7edede6,False,-5,13,35,53,-13,20,26,61,-22,29,18,70,0.029170034141856697,0.030144109431094256,0.026589349013907228,0.029268988645864944,0.021840738961689813,0.5000673057561047,20,17,3.0911752288280043,4.44654894283504,3.3657612327339983,11.423161503720307,3.0,37.0,0.6158338345535199,0.37925131178089216,6.731522465467997,45.313394703100336,0.0,1.0,0.520658545389209,0.3074855297735416,0.49105460696292985,0.15055901233948027,1.0,18.0,1.0,18.0,1.0,33.0,1.0,35.0,1.0,51.0,1.0,52.0,0.0,1.0,0.0,0.0,0.0,0.0
confirmation-20260916T173933Z-48f95d,2024_01_LA_DET,2024-09-08 00:20:00+00:00,2024,1,DET,LA,2024-09-09 00:20:00+00:00,M1_ridge_alpha100,historical_reconstruction,kickoff_minus_24h,25.067848053955395,23.027340992495024,25.08042917693734,23.050388617631807,2.0300405593055304,48.13081779456913,0.5463196454250434,0.02983288012185948,0.4238474744530972,0.5631191103380877,1.7758232346254703,2.2889534050662346,-128.89534050662343,128.89534050662343,-2.0300405593055304,-2.0,0.4861085846359343,0.030152920730343587,0.4837384946337221,48.0,0.48817137936554267,0.02929039553744183,0.4825382250970155,0.010039566564309621,1.2212453270876722e-15,100,0,negative_latent_mass=0.0100 exceeds 0.01,rest_missing,1,1,b8eb3c94eb3388ec3f3ff44dda35e9130178f1d32a5f2a459ddc134106dcbcb5,b7a8fd6d3b282691ecd59299f76b860a8be26f51d7febaf57f7dd1bbd7edede6,False,-7,11,39,57,-15,19,31,66,-24,28,22,75,0.02983288012185948,0.030076200251853952,0.028044480009433888,0.028124113445257726,0.023889237390087074,0.5000195787414065,26,20,3.555463223095185,3.30576117840175,1.9849797203472335,5.075240608602912,6.0,46.0,3.9699594406944696,15.760577960759147,2.1308177945691327,4.540384473652463,0.0,1.0,0.6045510433538157,0.38636254646389245,0.5742641095633076,0.190864911751784,1.0,18.0,1.0,18.0,1.0,34.0,1.0,35.0,1.0,52.0,1.0,53.0,0.0,0.0,0.0,0.0,0.0,1.0
confirmation-20260916T173933Z-48f95d,2024_01_LV_LAC,2024-09-07 20:05:00+00:00,2024,1,LAC,LV,2024-09-08 20:05:00+00:00,M1_ridge_alpha100,historical_reconstruction,kickoff_minus_24h,18.57999240971698,19.232011506931663,18.672137825498687,19.305120581620532,-0.6329827561218409,37.97725840711923,0.4649682129254735,0.03080510349171541,0.5042266835828111,0.47974686474373013,2.0844325903707097,1.9221412274765302,108.44325903707099,-108.44325903707102,0.6329827561218409,0.5,0.4957733164171889,0.0,0.5042266835828111,38.0,0.48024601797824784,0.029384973400366454,0.4903690086213857,0.04058877657530238,-4.440892098500626e-16,100,0,negative_latent_mass=0.0406 exceeds 0.01,rest_missing,1,1,b8eb3c94eb3388ec3f3ff44dda35e9130178f1d32a5f2a459ddc134106dcbcb5,b7a8fd6d3b282691ecd59299f76b860a8be26f51d7febaf57f7dd1bbd7edede6,False,-10,8,29,47,-17,16,21,55,-26,25,12,65,0.03080510349171541,0.029122490015663628,0.029791917400134923,0.02566072846777912,0.02705554816515394,0.5003108747036088,22,10,7.575346118173779,4.141309490327994,6.316491378060922,48.82996784548732,12.0,32.0,12.63298275612184,159.59225331647178,5.97725840711923,35.727618065477515,0.0,1.0,0.7657862350314412,0.5414525160182171,0.7344966793033213,0.2706633247439786,0.0,18.0,1.0,18.0,1.0,33.0,1.0,34.0,1.0,51.0,1.0,53.0,0.0,0.0,0.0,0.0,0.0,1.0
confirmation-20260916T173933Z-48f95d,2024_01_MIN_NYG,2024-09-07 17:00:00+00:00,2024,1,NYG,MIN,2024-09-08 17:00:00+00:00,M1_ridge_alpha100,historical_reconstruction,kickoff_minus_24h,19.119899456528714,19.507340765185322,19.199135883706024,19.574881280587856,-0.3757453968818343,38.77401716429387,0.47298092938585057,0.0307040712757649,0.4963149993383845,0.4879633921586539,2.0493340608527966,1.9529853621517796,104.93340608527967,-104.93340608527967,0.3757453968818343,0.5,0.5036850006616155,0.0,0.4963149993383845,38.5,0.5041064468980165,0.0,0.49589355310198346,0.03652492089154095,-2.220446049250313e-16,100,0,negative_latent_mass=0.0365 exceeds 0.01,rest_missing,1,1,b8eb3c94eb3388ec3f3ff44dda35e9130178f1d32a5f2a459ddc134106dcbcb5,b7a8fd6d3b282691ecd59299f76b860a8be26f51d7febaf57f7dd1bbd7edede6,False,-9,8,30,48,-17,16,22,56,-26,25,13,65,0.0307040712757649,0.029262816309686687,0.029661095365192708,0.025934733134082472,0.02676467839958061,0.5002547625421828,6,28,14.767693143231465,3.7866342086752716,10.812127301559084,122.59990675636246,-22.0,34.0,21.624254603118167,467.60838714047725,4.774017164293873,22.791239884972516,0.0,0.0,0.7005444745234756,0.4783522794471018,0.6693591568084812,0.23810827208698027,0.0,17.0,1.0,18.0,0.0,33.0,1.0,34.0,1.0,51.0,1.0,52.0,0.0,0.0,0.0,0.0,0.0,1.0
confirmation-20260916T173933Z-48f95d,2024_01_NE_CIN,2024-09-07 17:00:00+00:00,2024,1,CIN,NE,2024-09-08 17:00:00+00:00,M1_ridge_alpha100,historical_reconstruction,kickoff_minus_24h,21.937349133565647,16.159582966764415,21.971874677047847,16.32844786514782,5.6434268119000315,38.300322542195666,0.6546684336625167,0.028010994509268472,0.3173205718282148,0.6735348136288763,1.4847042495282343,3.0631137461107594,-206.311374611076,206.31137461107596,-5.6434268119000315,-5.5,0.507330954545351,0.0,0.49266904545464896,38.0,0.4890166180931599,0.029473267013232086,0.481510114893608,0.0479019778813919,-2.220446049250313e-16,100,0,negative_latent_mass=0.0479 exceeds 0.01,rest_missing,1,1,b8eb3c94eb3388ec3f3ff44dda35e9130178f1d32a5f2a459ddc134106dcbcb5,b7a8fd6d3b282691ecd59299f76b860a8be26f51d7febaf57f7dd1bbd7edede6,False,-3,15,29,47,-11,22,21,56,-20,31,13,65,0.028010994509268472,0.029625191094865406,0.024259027993057108,0.03026748133916468,0.018999818339764104,0.5002697239679075,10,16,6.977929434268261,7.240100850680675,6.150161271097833,71.71683064152982,-6.0,26.0,11.643426811900031,135.56938792407254,12.300322542195666,151.29793464204684,0.0,0.0,1.1478427484945735,0.895426575496487,1.119431962685376,0.4536491451700852,0.0,18.0,0.0,18.0,1.0,33.0,1.0,35.0,1.0,51.0,1.0,52.0,0.0,0.0,0.0,0.0,0.0,1.0
confirmation-20260916T173933Z-48f95d,2024_01_NYJ_SF,2024-09-09 00:15:00+00:00,2024,1,SF,NYJ,2024-09-10 00:15:00+00:00,M1_ridge_alpha100,historical_reconstruction,kickoff_minus_24h,26.233661762765195,14.829699483156984,26.24209829815402,15.066019304562325,11.176078993591693,41.308117602716344,0.7949137831028903,0.021025825554487763,0.18406039134262198,0.8119864689516726,1.2315476159240253,5.318766125098507,-431.8766125098506,431.87661250985064,-11.176078993591693,-11.5,0.4951383765048517,0.0,0.5048616234951483,41.0,0.48862451349457536,0.029583217218305115,0.48179226928711955,0.05485765393186223,3.1086244689504383e-15,100,0,negative_latent_mass=0.0549 exceeds 0.01,rest_missing,1,1,b8eb3c94eb3388ec3f3ff44dda35e9130178f1d32a5f2a459ddc134106dcbcb5,b7a8fd6d3b282691ecd59299f76b860a8be26f51d7febaf57f7dd1bbd7edede6,False,2,20,32,50,-6,28,24,59,-14,36,16,68,0.021025825554487763,0.024718325672933666,0.016690727908596884,0.028699212140907506,0.011484438670803688,0.5001008648663419,32,19,3.124773454348533,5.891920845148799,4.845941198641828,24.31481806009857,13.0,51.0,1.8239210064083071,3.326687837617492,9.691882397283656,93.9325844027768,0.0,1.0,0.22952161913599728,0.07638066936261523,0.20827160281192258,0.035349087857260375,1.0,18.0,0.0,18.0,1.0,34.0,1.0,35.0,1.0,50.0,1.0,52.0,0.0,0.0,0.0,0.0,0.0,0.0
confirmation-20260916T173933Z-48f95d,2024_01_PIT_ATL,2024-09-07 17:00:00+00:00,2024,1,ATL,PIT,2024-09-08 17:00:00+00:00,M1_ridge_alpha100,historical_reconstruction,kickoff_minus_24h,19.9117931069448,20.76317051485117,19.974991835566964,20.809810618228042,-0.834818782661082,40.784802453795,0.4591583920325296,0.030424536670304373,0.510417071297166,0.4735664312870476,2.1116361590119967,1.899574912072654,111.1636159011997,-111.16361590119972,0.834818782661082,1.0,0.48958292870283404,0.030188303344117776,0.4802287679530482,40.5,0.5053524709815967,0.0,0.49464752901840325,0.02812284358569553,-2.220446049250313e-16,100,0,negative_latent_mass=0.0281 exceeds 0.01,rest_missing,1,1,b8eb3c94eb3388ec3f3ff44dda35e9130178f1d32a5f2a459ddc134106dcbcb5,b7a8fd6d3b282691ecd59299f76b860a8be26f51d7febaf57f7dd1bbd7edede6,False,-10,8,32,50,-18,16,23,58,-26,25,15,67,0.030424536670304373,0.028950835477806414,0.029814974323974675,0.025371062345901453,0.02717264648961155,0.5001515868200093,10,18,4.58372119022936,7.585388423688543,6.392401226897503,53.69774891496733,-8.0,28.0,7.165181217338918,51.33982187730642,12.784802453795002,163.4511737825627,0.0,0.0,0.6725271006120559,0.45144352548274513,0.6416301306529186,0.22426516484195,1.0,18.0,0.0,18.0,1.0,34.0,1.0,35.0,1.0,51.0,1.0,52.0,0.0,0.0,0.0,0.0,0.0,1.0
confirmation-20260916T173933Z-48f95d,2024_01_TEN_CHI,2024-09-07 17:00:00+00:00,2024,1,CHI,TEN,2024-09-08 17:00:00+00:00,M1_ridge_alpha100,historical_reconstruction,kickoff_minus_24h,21.460700423727374,18.229414668190383,21.500640136981108,18.326399848949194,3.1742402880319105,39.8270399859303,0.5815399675553138,0.02969085557480016,0.38876917686988605,0.5993347284177265,1.6685166945690761,2.49584895653892,-149.58489565389192,149.584895653892,-3.1742402880319105,-3.0,0.4914428171536165,0.030228313982049185,0.47832886886433434,39.5,0.5059587840918167,0.0,0.4940412159081833,0.03410949191262712,-2.220446049250313e-16,100,0,negative_latent_mass=0.0341 exceeds 0.01,rest_missing,1,1,b8eb3c94eb3388ec3f3ff44dda35e9130178f1d32a5f2a459ddc134106dcbcb5,b7a8fd6d3b282691ecd59299f76b860a8be26f51d7febaf57f7dd1bbd7edede6,False,-6,12,31,49,-14,20,23,57,-22,28,14,66,0.02969085557480016,0.030228313982049185,0.027042252065339643,0.0291034216708058,0.022447229713534612,0.5001914605074864,24,17,3.497673645217439,3.2098772941268927,1.912879855984043,4.00306814208113,7.0,41.0,3.8257597119680895,14.63643737371816,1.1729600140697016,1.3758351946063947,0.0,1.0,0.54207557756193,0.3271318185424602,0.5119350248943717,0.16053265985209697,1.0,18.0,1.0,18.0,1.0,34.0,1.0,34.0,1.0,50.0,1.0,52.0,0.0,0.0,0.0,1.0,0.0,0.0
confirmation-20260916T173933Z-48f95d,2024_01_WAS_TB,2024-09-07 20:25:00+00:00,2024,1,TB,WAS,2024-09-08 20:25:00+00:00,M1_ridge_alpha100,historical_reconstruction,kickoff_minus_24h,24.19500213016554,17.7059479365816,24.21182836962309,17.81794368539074,6.393884684232351,42.02977205501383,0.674465337979445,0.026958396779458858,0.29857626524109615,0.6931515936699127,1.4426858556372477,3.258938222818293,-225.89382228182933,225.89382228182933,-6.393884684232351,-6.5,0.49911871412006603,0.0,0.500881285879934,42.0,0.4828267996949528,0.029375105935581767,0.4877980943694654,0.03172100771531858,2.220446049250313e-16,100,0,negative_latent_mass=0.0317 exceeds 0.01,rest_missing,1,1,b8eb3c94eb3388ec3f3ff44dda35e9130178f1d32a5f2a459ddc134106dcbcb5,b7a8fd6d3b282691ecd59299f76b860a8be26f51d7febaf57f7dd1bbd7edede6,False,-2,15,33,51,-10,23,25,59,-19,32,16,69,0.026958396779458858,0.029175551497919987,0.02333971733777178,0.030246441203192403,0.017971465472404285,0.5001004468729016,37,20,6.266969990830634,9.227718089173687,7.485113972493085,84.14935170405151,17.0,57.0,10.60611531576765,112.4896820913611,14.97022794498617,224.10772472484487,0.0,1.0,0.3938349938624398,0.19584735749907714,0.3665065538300672,0.09415594446731433,0.0,17.0,0.0,18.0,1.0,33.0,1.0,34.0,1.0,51.0,1.0,53.0,0.0,0.0,0.0,0.0,0.0,0.0
confirmation-20260916T173933Z-48f95d,2024_02_ATL_PHI,2024-09-16 00:15:00+00:00,2024,2,PHI,ATL,2024-09-17 00:15:00+00:00,M1_ridge_alpha100,historical_reconstruction,kickoff_minus_24h,24.820309312014828,19.64224135990989,24.833981794645624,19.70719378658911,5.126788008056508,44.54117558123473,0.6380981304228155,0.028042371990730446,0.333859497586454,0.6565081769353941,1.5232102738888025,2.911277453646733,-191.1277453646733,191.12774536467336,-5.126788008056508,-5.0,0.49006178371350284,0.030189069486826984,0.4797491467996702,44.5,0.4990624971536145,0.0,0.5009375028463855,0.020445317338845467,6.661338147750939e-16,100,0,negative_latent_mass=0.0204 exceeds 0.01,,1,1,b8eb3c94eb3388ec3f3ff44dda35e9130178f1d32a5f2a459ddc134106dcbcb5,b7a8fd6d3b282691ecd59299f76b860a8be26f51d7febaf57f7dd1bbd7edede6,False,-4,14,35,54,-12,22,27,62,-21,31,18,71,0.028042371990730446,0.029770659114555387,0.024922824902613633,0.02992724865896391,0.019767991790768418,0.5000522445689344,21,22,4.207639217089,3.2334053362565873,3.0633940040282575,9.978188366964833,-1.0,43.0,6.126788008056508,37.53753129566503,1.5411755812347323,2.375222172194215,0.0,0.0,1.097035040418982,0.8516987676317305,1.0685919723640434,0.4310029863830347,1.0,18.0,1.0,19.0,1.0,34.0,1.0,35.0,1.0,52.0,1.0,53.0,0.0,0.0,0.0,0.0,0.0,0.0
confirmation-20260916T173933Z-48f95d,2024_02_BUF_MIA,2024-09-12 00:15:00+00:00,2024,2,MIA,BUF,2024-09-13 00:15:00+00:00,M1_ridge_alpha100,historical_reconstruction,kickoff_minus_24h,23.04787777459417,24.31487849854606,23.072266220682568,24.329983312955584,-1.2577170922730172,47.402249533638155,0.4468541718306882,0.03006188360639583,0.523083944562916,0.4607037957144817,2.17059205785173,1.854268567168651,117.05920578517302,-117.05920578517302,1.2577170922730172,1.5,0.5070626798816892,0.0,0.4929373201183108,47.5,0.49601231983204663,0.0,0.5039876801679534,0.01103739108543846,4.440892098500626e-16,100,0,negative_latent_mass=0.0110 exceeds 0.01,,1,1,b8eb3c94eb3388ec3f3ff44dda35e9130178f1d32a5f2a459ddc134106dcbcb5,b7a8fd6d3b282691ecd59299f76b860a8be26f51d7febaf57f7dd1bbd7edede6,False,-10,8,38,57,-18,16,30,65,-27,25,21,74,0.03006188360639583,0.02862858650962477,0.02990034545594052,0.024822704782448177,0.027472695527884276,0.5000242407838402,10,31,13.067535033795233,4.342799848511187,9.871141453863492,107.68663337492474,-21.0,41.0,19.74228290772698,389.7577344087289,6.402249533638155,40.98879909096998,0.0,0.0,0.6480133219404651,0.4280312916621225,0.6174903148882406,0.21224798738573092,0.0,18.0,1.0,19.0,0.0,34.0,1.0,35.0,1.0,52.0,1.0,53.0,0.0,0.0,0.0,0.0,0.0,0.0
confirmation-20260916T173933Z-48f95d,2024_02_CHI_HOU,2024-09-15 00:20:00+00:00,2024,2,HOU,CHI,2024-09-16 00:20:00+00:00,M1_ridge_alpha100,historical_reconstruction,kickoff_minus_24h,22.055329432140603,20.17768864987887,22.08862144285588,20.233217717920336,1.8554037249355417,42.32183916077622,0.5413441227809623,0.030070826515875913,0.4285850507031617,0.5581274773253566,1.7917053731025265,2.2630961390109188,-126.30961390109185,126.30961390109186,-1.8554037249355417,-2.0,0.4810517731700039,0.03018212740434786,0.48876609942564825,42.0,0.4923265813598081,0.029320304738156583,0.4783531139020353,0.023192255185591978,-2.220446049250313e-16,100,0,negative_latent_mass=0.0232 exceeds 0.01,,1,1,b8eb3c94eb3388ec3f3ff44dda35e9130178f1d32a5f2a459ddc134106dcbcb5,b7a8fd6d3b282691ecd59299f76b860a8be26f51d7febaf57f7dd1bbd7edede6,False,-7,11,33,51,-15,19,25,60,-24,27,16,69,0.030070826515875913,0.030083090297073185,0.028203713968114247,0.028054482939800375,0.024135138435229037,0.5001006925750293,19,13,3.587411395980804,6.11208545764711,5.160919580388109,30.929510486052912,6.0,32.0,4.144596275064458,17.177678283278183,10.321839160776221,106.54036366093356,0.0,1.0,0.6137001158816281,0.39495461400114457,0.5831678887043704,0.19525132629485323,1.0,18.0,0.0,18.0,1.0,34.0,1.0,35.0,1.0,51.0,1.0,53.0,0.0,0.0,0.0,0.0,0.0,1.0
confirmation-20260916T173933Z-48f95d,2024_02_CIN_KC,2024-09-14 20:25:00+00:00,2024,2,KC,CIN,2024-09-15 20:25:00+00:00,M1_ridge_alpha100,historical_reconstruction,kickoff_minus_24h,22.29615478156748,17.776313567964433,22.327051555162278,17.886179637416102,4.44087191774617,40.21323119257838,0.619153623157206,0.028820194002931013,0.352026182839863,0.6375272831394464,1.5685603211765133,2.7588283296497282,-175.88283296497283,175.88283296497283,-4.44087191774617,-4.5,0.5000681447706421,0.0,0.4999318552293579,40.0,0.4878705901460856,0.029382143426146982,0.48274726642776744,0.034742177945108955,-2.220446049250313e-16,100,0,negative_latent_mass=0.0347 exceeds 0.01,,1,1,b8eb3c94eb3388ec3f3ff44dda35e9130178f1d32a5f2a459ddc134106dcbcb5,b7a8fd6d3b282691ecd59299f76b860a8be26f51d7febaf57f7dd1bbd7edede6,False,-4,13,31,49,-12,21,23,58,-21,30,15,67,0.028820194002931013,0.03003232103288534,0.0257007894921455,0.029779309901033408,0.020710211156626916,0.500169806857981,26,25,3.435165388388549,6.4779794977121465,5.39338440371081,32.04849521477457,1.0,51.0,3.44087191774617,11.839599554334207,10.786768807421623,116.3543813047641,0.0,1.0,0.47940185751354336,0.26979699974145466,0.45015820578384025,0.13138647046827107,1.0,17.0,0.0,18.0,1.0,33.0,1.0,35.0,1.0,51.0,1.0,52.0,0.0,0.0,0.0,0.0,0.0,0.0
confirmation-20260916T173933Z-48f95d,2024_02_CLE_JAX,2024-09-14 17:00:00+00:00,2024,2,JAX,CLE,2024-09-15 17:00:00+00:00,M1_ridge_alpha100,historical_reconstruction,kickoff_minus_24h,21.806728816377856,18.719888045531174,21.84266801487439,18.804447751554147,3.038220263320245,40.64711576642854,0.5773158307154194,0.029685798607186335,0.3929983706773943,0.5949782347684137,1.680733750519857,2.469003115001024,-146.9003115001024,146.9003115001024,-3.038220263320245,-3.0,0.48717251837602793,0.030216965060222215,0.48261051656374987,40.5,0.5010756699370097,0.0,0.4989243300629903,0.030426657619425396,-2.220446049250313e-16,100,0,negative_latent_mass=0.0304 exceeds 0.01,,1,1,b8eb3c94eb3388ec3f3ff44dda35e9130178f1d32a5f2a459ddc134106dcbcb5,b7a8fd6d3b282691ecd59299f76b860a8be26f51d7febaf57f7dd1bbd7edede6,False,-6,12,31,50,-14,20,23,58,-23,28,15,67,0.029685798607186335,0.030216965060222215,0.02717036847691894,0.02898708011314062,0.022623870081470043,0.5001550579316059,13,18,4.984771254730626,5.7361034023587125,4.823557883214269,39.41995690313156,-5.0,31.0,8.038220263320245,64.61298500165218,9.647115766428541,93.06684261087415,0.0,0.0,0.9339498129805175,0.7026257930338793,0.9038144720070518,0.35399909984813765,1.0,18.0,1.0,19.0,1.0,34.0,1.0,35.0,1.0,51.0,1.0,52.0,0.0,0.0,0.0,0.0,0.0,0.0
confirmation-20260916T173933Z-48f95d,2024_02_IND_GB,2024-09-14 17:00:00+00:00,2024,2,GB,IND,2024-09-15 17:00:00+00:00,M1_ridge_alpha100,historical_reconstruction,kickoff_minus_24h,24.619540731980294,21.144991978663427,24.634161288798243,21.18654506562784,3.447616223170404,45.820706354426065,0.588889774056631,0.029209075976549967,0.38190114996681895,0.606608240233616,1.6485104119503577,2.5419952888536628,-154.1995288853663,154.1995288853663,-3.447616223170404,-3.5,0.4991323298613005,0.0,0.5008676701386995,46.0,0.4785320746317381,0.029297348010009543,0.49217057735825237,0.015177037076982881,5.551115123125783e-16,100,0,negative_latent_mass=0.0152 exceeds 0.01,,1,1,b8eb3c94eb3388ec3f3ff44dda35e9130178f1d32a5f2a459ddc134106dcbcb5,b7a8fd6d3b282691ecd59299f76b860a8be26f51d7febaf57f7dd1bbd7edede6,False,-5,12,37,55,-13,20,28,63,-22,29,20,72,0.029209075976549967,0.030146548519973355,0.026759394991370235,0.02913875404651686,0.02206458481663034,0.5000376193959323,16,10,3.274824683211184,12.994367259128047,9.910353177213041,99.84376583315236,6.0,26.0,2.552383776829596,6.514662944222914,19.820706354426065,392.8604003883858,0.0,1.0,0.5295162536642392,0.31571327634059054,0.49987209952447853,0.15475707665209235,1.0,17.0,0.0,18.0,1.0,33.0,0.0,35.0,1.0,51.0,1.0,52.0,0.0,0.0,0.0,0.0,0.0,1.0
confirmation-20260916T173933Z-48f95d,2024_02_LAC_CAR,2024-09-14 17:00:00+00:00,2024,2,CAR,LAC,2024-09-15 17:00:00+00:00,M1_ridge_alpha100,historical_reconstruction,kickoff_minus_24h,15.723376231843345,19.795475801616476,15.91947409491436,19.857595813259465,-3.9381217183451014,35.77706990817383,0.3643270579212431,0.02989562214211363,0.6057773199366433,0.37555449314198897,2.6627294261179877,1.6014207629287724,166.27294261179875,-166.27294261179875,3.9381217183451014,4.0,0.48396013630952506,0.030401212095032187,0.4856386515954427,35.5,0.501747170369012,0.0,0.49825282963098805,0.05942621668618415,-2.220446049250313e-16,100,0,negative_latent_mass=0.0594 exceeds 0.01,,1,1,b8eb3c94eb3388ec3f3ff44dda35e9130178f1d32a5f2a459ddc134106dcbcb5,b7a8fd6d3b282691ecd59299f76b860a8be26f51d7febaf57f7dd1bbd7edede6,False,-13,5,27,45,-20,13,19,53,-29,21,11,62,0.02989562214211363,0.026255528817487054,0.030268002271031533,0.021395890682747963,0.02978213960677946,0.5005128159327643,3,26,12.510538845574661,4.387507338889911,9.530939140827448,102.32097004122544,-23.0,29.0,19.0618782816549,363.3552036246267,6.777069908173829,45.92867654027523,0.0,0.0,0.501242819292793,0.2890394748331485,0.470891212058028,0.14104117731913624,0.0,18.0,1.0,18.0,0.0,33.0,1.0,34.0,1.0,50.0,1.0,51.0,0.0,0.0,0.0,0.0,0.0,0.0
confirmation-20260916T173933Z-48f95d,2024_02_LA_ARI,2024-09-14 20:05:00+00:00,2024,2,ARI,LA,2024-09-15 20:05:00+00:00,M1_ridge_alpha100,historical_reconstruction,kickoff_minus_24h,21.623402034714225,24.34221174041827,21.66141333146121,24.357179089099528,-2.6957657576383243,46.01859242056075,0.4038603872954254,0.029596076627137452,0.5665435360774371,0.4161776117842924,2.402820266358553,1.7128496957032167,140.28202663585532,-140.28202663585535,2.6957657576383243,2.5,0.4934770131584857,0.0,0.5065229868415143,46.0,0.4844064306914847,0.02929941441839618,0.4862941548901191,0.014373220196175509,1.1102230246251565e-16,100,0,negative_latent_mass=0.0144 exceeds 0.01,,1,1,b8eb3c94eb3388ec3f3ff44dda35e9130178f1d32a5f2a459ddc134106dcbcb5,b7a8fd6d3b282691ecd59299f76b860a8be26f51d7febaf57f7dd1bbd7edede6,False,-12,6,37,55,-20,14,29,63,-28,23,20,73,0.029596076627137452,0.027471587128178345,0.030158010805565252,0.02304513442121124,0.02865054325931409,0.5000355387237543,41,10,26.315302758142785,3.9086364952229893,16.84788287881916,290.0547628665315,31.0,51.0,33.69576575763833,1135.4046299936317,4.981407579439249,24.8144214724948,0.0,1.0,0.9066860367475558,0.677229943858406,0.8766431584341413,0.34084858098189247,0.0,18.0,1.0,18.0,0.0,34.0,1.0,34.0,0.0,51.0,1.0,53.0,0.0,0.0,0.0,0.0,0.0,0.0
confirmation-20260916T173933Z-48f95d,2024_02_LV_BAL,2024-09-14 17:00:00+00:00,2024,2,BAL,LV,2024-09-15 17:00:00+00:00,M1_ridge_alpha100,historical_reconstruction,kickoff_minus_24h,24.030194887106028,17.339520972351373,24.04795628551693,17.46320289999837,6.584753385518555,41.5111591855153,0.6799145423171529,0.026788533813529577,0.2932969238693176,0.6986298106221439,1.43137321768374,3.318178224808447,-231.81782248084468,231.81782248084468,-6.584753385518555,-6.5,0.5051229749442416,0.0,0.49487702505575837,41.5,0.4966712215303737,0.0,0.5033287784696263,0.03445877919605487,3.3306690738754696e-16,100,0,negative_latent_mass=0.0345 exceeds 0.01,,1,1,b8eb3c94eb3388ec3f3ff44dda35e9130178f1d32a5f2a459ddc134106dcbcb5,b7a8fd6d3b282691ecd59299f76b860a8be26f51d7febaf57f7dd1bbd7edede6,False,-2,16,32,51,-10,23,24,59,-19,32,16,68,0.026788533813529577,0.029063719953597696,0.023086582622059287,0.030276432951673295,0.0176960818607384,0.5001147144544849,23,26,5.773737382853659,4.816913106000089,4.792376692759278,36.987558551475324,-3.0,49.0,9.584753385518555,91.8674974612094,7.488840814484703,56.082736744691914,0.0,0.0,1.226569791054694,0.9624306482107912,1.1994159048550483,0.4880836122899327,0.0,18.0,1.0,19.0,1.0,33.0,1.0,35.0,1.0,51.0,1.0,52.0,0.0,0.0,1.0,0.0,0.0,0.0
confirmation-20260916T173933Z-48f95d,2024_02_NO_DAL,2024-09-14 17:00:00+00:00,2024,2,DAL,NO,2024-09-15 17:00:00+00:00,M1_ridge_alpha100,historical_reconstruction,kickoff_minus_24h,24.415923368628413,22.346302808327984,24.431566519814677,22.374939229170593,2.0566272906440863,46.806505748985266,0.5471804656043923,0.029843814794978305,0.4229757196006294,0.5640127578929546,1.773009539244842,2.2936450965105895,-129.36450965105894,129.36450965105894,-2.0566272906440863,-2.0,0.4869679131877771,0.030156520702476694,0.4828755661097462,47.0,0.47843761554819997,0.029289642151593034,0.492272742300207,0.012266668944826269,5.551115123125783e-16,100,0,negative_latent_mass=0.0123 exceeds 0.01,,1,1,b8eb3c94eb3388ec3f3ff44dda35e9130178f1d32a5f2a459ddc134106dcbcb5,b7a8fd6d3b282691ecd59299f76b860a8be26f51d7febaf57f7dd1bbd7edede6,False,-7,11,38,56,-15,19,29,64,-24,28,20,73,0.029843814794978305,0.03008561328931451,0.028024699523925643,0.028156011321064538,0.02385963357150137,0.5000288191927802,19,44,19.81376684015698,10.100132625984758,13.528313645322042,248.57258410061834,-25.0,63.0,27.056627290644087,732.0610803448265,16.193494251014734,262.2292560576472,0.0,0.0,0.8604405020546545,0.633254135390968,0.8301422972835936,0.3181103910660166,0.0,18.0,0.0,18.0,0.0,34.0,1.0,35.0,0.0,52.0,1.0,53.0,0.0,0.0,0.0,0.0,0.0,0.0
confirmation-20260916T173933Z-48f95d,2024_02_NYG_WAS,2024-09-14 17:00:00+00:00,2024,2,WAS,NYG,2024-09-15 17:00:00+00:00,M1_ridge_alpha100,historical_reconstruction,kickoff_minus_24h,20.181067544935466,19.89307123035928,20.239512357225937,19.953445156146053,0.2860672010798826,40.19295751337197,0.49340806050352926,0.03053744490378181,0.4760544945926889,0.5089500960194991,1.9648291803479443,2.0364528979517105,-103.64528979517102,103.64528979517105,-0.2860672010798826,-0.5,0.49340806050352926,0.0,0.5065919394964707,40.0,0.4877539859223171,0.029345763852500022,0.48290025022518285,0.030229810914768587,0.0,100,0,negative_latent_mass=0.0302 exceeds 0.01,,1,1,b8eb3c94eb3388ec3f3ff44dda35e9130178f1d32a5f2a459ddc134106dcbcb5,b7a8fd6d3b282691ecd59299f76b860a8be26f51d7febaf57f7dd1bbd7edede6,False,-9,9,31,49,-17,17,23,58,-25,26,14,67,0.03053744490378181,0.029587272888493863,0.029297705259281343,0.02662026246300766,0.02601678453646968,0.5001774212411582,21,18,3.2932283829376674,3.1988164640899117,1.3569663994600578,2.197144716441264,3.0,39.0,2.7139327989201174,7.365431237054382,1.1929575133719723,1.4231476287106395,0.0,1.0,0.7064187383694727,0.48419581052594785,0.6754053104218566,0.24113000819925912,1.0,18.0,1.0,18.0,1.0,34.0,1.0,35.0,1.0,51.0,1.0,53.0,0.0,1.0,0.0,0.0,0.0,0.0
confirmation-20260916T173933Z-48f95d,2024_02_NYJ_TEN,2024-09-14 17:00:00+00:00,2024,2,TEN,NYJ,2024-09-15 17:00:00+00:00,M1_ridge_alpha100,historical_reconstruction,kickoff_minus_24h,20.342526648626,15.908466726192426,20.39827651579388,16.088611512391367,4.309665003402513,36.486888028185255,0.6163595371336237,0.029470343172026504,0.35417011969434975,0.6350754279349894,1.5746161101707226,2.7402923139465987,-174.0292313946598,174.0292313946599,-4.309665003402513,-4.5,0.4967681022367949,0.0,0.5032318977632051,36.5,0.49371251664895177,0.0,0.5062874833510482,0.05502302977953172,-2.220446049250313e-16,100,0,negative_latent_mass=0.0550 exceeds 0.01,,1,1,b8eb3c94eb3388ec3f3ff44dda35e9130178f1d32a5f2a459ddc134106dcbcb5,b7a8fd6d3b282691ecd59299f76b860a8be26f51d7febaf57f7dd1bbd7edede6,False,-4,13,27,45,-12,21,19,54,-21,29,11,63,0.029470343172026504,0.03015860641069773,0.025853041175061812,0.02990306651283222,0.020893099168755817,0.5004343167045545,17,24,6.763924250538629,3.788019450700024,5.654832501701257,37.06917553983131,-7.0,41.0,11.309665003402513,127.90852248918756,4.5131119718147445,20.36817967013757,0.0,0.0,1.0379779171739802,0.7978638144378625,1.00806459863177,0.4033207991668099,0.0,17.0,1.0,18.0,1.0,33.0,1.0,35.0,1.0,50.0,1.0,52.0,0.0,0.0,0.0,0.0,1.0,0.0
confirmation-20260916T173933Z-48f95d,2024_02_PIT_DEN,2024-09-14 20:25:00+00:00,2024,2,DEN,PIT,2024-09-15 20:25:00+00:00,M1_ridge_alpha100,historical_reconstruction,kickoff_minus_24h,18.490210871275522,19.90926438426876,18.584674191429933,19.969352869122467,-1.3846786776925404,38.5540270605524,0.4420516622638785,0.030573228571116502,0.527375109165005,0.45599283544884767,2.1930169122408896,1.838211084637234,119.30169122408897,-119.30169122408898,1.3846786776925404,1.5,0.5028328112159808,0.0,0.4971671887840192,38.5,0.4974598873535053,0.0,0.5025401126464947,0.03816221670416862,-2.220446049250313e-16,100,0,negative_latent_mass=0.0382 exceeds 0.01,,1,1,b8eb3c94eb3388ec3f3ff44dda35e9130178f1d32a5f2a459ddc134106dcbcb5,b7a8fd6d3b282691ecd59299f76b860a8be26f51d7febaf57f7dd1bbd7edede6,False,-10,7,29,48,-18,15,21,56,-27,24,13,65,0.030573228571116502,0.02859727887787276,0.030039617325762,0.024752518538161537,0.027759824258972353,0.5002677802381208,6,13,3.997161000615518,12.745959649266204,9.7770135302762,103.47295195939411,-7.0,19.0,5.61532132230746,31.531833552760798,19.5540270605524,382.3599742848155,0.0,0.0,0.6398432015407276,0.41971868185231076,0.608792862082125,0.20792946598067988,1.0,17.0,0.0,19.0,1.0,33.0,0.0,35.0,1.0,51.0,1.0,52.0,0.0,0.0,0.0,0.0,1.0,0.0
confirmation-20260916T173933Z-48f95d,2024_02_SEA_NE,2024-09-14 17:00:00+00:00,2024,2,NE,SEA,2024-09-15 17:00:00+00:00,M1_ridge_alpha100,historical_reconstruction,kickoff_minus_24h,17.9134134074747,18.981200371357303,18.02403245606326,19.059733024750777,-1.0357005686875187,37.08376548081404,0.4524206196989803,0.03091243631593062,0.516666943985089,0.46685215727984847,2.142005738661636,1.8756523423182982,114.20057386616357,-114.20057386616361,1.0357005686875187,1.0,0.48333305601491094,0.030251230729786766,0.4864157132553023,37.0,0.48278679932352364,0.029416247627136963,0.4877969530493394,0.04573041299623025,-2.220446049250313e-16,100,0,negative_latent_mass=0.0457 exceeds 0.01,,1,1,b8eb3c94eb3388ec3f3ff44dda35e9130178f1d32a5f2a459ddc134106dcbcb5,b7a8fd6d3b282691ecd59299f76b860a8be26f51d7febaf57f7dd1bbd7edede6,False,-10,8,28,46,-18,16,20,54,-26,24,12,64,0.03091243631593062,0.02887499431639636,0.029970596813924368,0.025208112512140137,0.027490743609866298,0.5003869947056094,20,23,3.1706937867624587,4.22157875824845,2.9581172595929814,9.715075785465526,-3.0,43.0,1.9642994313124813,3.8584722558545375,5.916234519185963,35.00183088600756,0.0,0.0,0.6603568209917648,0.4392508388845089,0.6289565148167632,0.21795093675684837,1.0,18.0,1.0,18.0,1.0,34.0,1.0,34.0,1.0,50.0,1.0,52.0,0.0,0.0,1.0,0.0,0.0,0.0
confirmation-20260916T173933Z-48f95d,2024_02_SF_MIN,2024-09-14 17:00:00+00:00,2024,2,MIN,SF,2024-09-15 17:00:00+00:00,M1_ridge_alpha100,historical_reconstruction,kickoff_minus_24h,20.389578026990122,23.72317909292924,20.444563724503233,23.741557357444343,-3.2969936329411147,44.186121081947576,0.38594811927730344,0.029337329868923352,0.5847145508537732,0.39761302371418655,2.5150081621039235,1.6600624504961607,151.50081621039232,-151.50081621039232,3.2969936329411147,3.5,0.5051730110233216,0.0,0.49482698897667843,44.0,0.48876712002308487,0.02931324537187811,0.481919634605037,0.01929628883654841,0.0,100,0,negative_latent_mass=0.0193 exceeds 0.01,,1,1,b8eb3c94eb3388ec3f3ff44dda35e9130178f1d32a5f2a459ddc134106dcbcb5,b7a8fd6d3b282691ecd59299f76b860a8be26f51d7febaf57f7dd1bbd7edede6,False,-12,6,35,53,-20,14,27,62,-29,22,18,71,0.029337329868923352,0.02690395318924768,0.030168007703619073,0.022258957575271472,0.02907670041600943,0.5000589282322144,23,17,5.603607694077086,3.6650654763160926,4.648496816470555,25.98942508091837,6.0,40.0,9.296993632941115,86.43409061094764,4.186121081947576,17.523609712725943,0.0,1.0,0.952052324567953,0.7198114971230485,0.9222760489157895,0.36287006919876513,1.0,18.0,1.0,18.0,1.0,34.0,1.0,35.0,1.0,51.0,1.0,53.0,0.0,0.0,0.0,0.0,0.0,1.0
confirmation-20260916T173933Z-48f95d,2024_02_TB_DET,2024-09-14 17:00:00+00:00,2024,2,DET,TB,2024-09-15 17:00:00+00:00,M1_ridge_alpha100,historical_reconstruction,kickoff_minus_24h,23.412508553591415,22.282084764020002,23.434211942514526,22.311306865749756,1.1229050767647673,45.745518808264286,0.5189549216199423,0.030124171251529414,0.45092090712852834,0.5350735694584765,1.8689018801882782,2.150877933171597,-115.08779331715967,115.08779331715967,-1.1229050767647673,-1.0,0.4887991829266072,0.03015573869333514,0.48104507838005767,45.5,0.5057560539180036,0.0,0.4942439460819964,0.013978675523831866,1.1102230246251565e-16,100,0,negative_latent_mass=0.0140 exceeds 0.01,,1,1,b8eb3c94eb3388ec3f3ff44dda35e9130178f1d32a5f2a459ddc134106dcbcb5,b7a8fd6d3b282691ecd59299f76b860a8be26f51d7febaf57f7dd1bbd7edede6,False,-8,10,37,55,-16,18,28,63,-25,27,19,72,0.030124171251529414,0.029864664340729895,0.02872930342776162,0.02735930254775383,0.024993853539729577,0.5000392721038214,16,20,3.8677986845790624,5.822057884845434,4.872759404132141,30.304823316943786,-4.0,36.0,5.122905076764767,26.244156425542226,9.745518808264286,94.97513684223296,0.0,0.0,0.7964633270795227,0.5717095265957102,0.7658760998011152,0.28630372473303506,1.0,18.0,0.0,18.0,1.0,34.0,1.0,35.0,1.0,52.0,1.0,53.0,0.0,0.0,0.0,0.0,0.0,1.0
confirmation-20260916T173933Z-48f95d,2024_03_BAL_DAL,2024-09-21 20:25:00+00:00,2024,3,DAL,BAL,2024-09-22 20:25:00+00:00,M1_ridge_alpha100,historical_reconstruction,kickoff_minus_24h,23.725856215841993,23.45980700460269,23.74547004652056,23.47984041717598,0.26562962934458145,47.22531046369652,0.4929169870721378,0.030196927952061952,0.4768860849758002,0.5082650295500122,1.9674774809617355,2.03361578918192,-103.36157891819198,103.36157891819198,-0.26562962934458145,-0.5,0.4929169870721378,0.0,0.5070830129278622,47.0,0.4908241281125053,0.029289680192810783,0.4798861916946839,0.011107956161505644,2.220446049250313e-16,100,0,negative_latent_mass=0.0111 exceeds 0.01,,1,1,b8eb3c94eb3388ec3f3ff44dda35e9130178f1d32a5f2a459ddc134106dcbcb5,b7a8fd6d3b282691ecd59299f76b860a8be26f51d7febaf57f7dd1bbd7edede6,False,-9,9,38,56,-17,17,30,65,-25,26,21,74,0.030196927952061952,0.029520670796203102,0.029253118588500375,0.026509738226048848,0.02595276339069652,0.5000256972533045,25,28,3.405401074062909,4.152241660141353,2.8873447681517312,11.00284402918648,-3.0,53.0,3.2656296293445815,10.664336876053229,5.774689536303477,33.347039240692865,0.0,0.0,0.7404776321791338,0.5175271786939618,0.709815385576098,0.25833334026347476,1.0,18.0,1.0,18.0,1.0,34.0,1.0,35.0,1.0,51.0,1.0,53.0,0.0,0.0,1.0,0.0,0.0,0.0
confirmation-20260916T173933Z-48f95d,2024_03_CAR_LV,2024-09-21 20:05:00+00:00,2024,3,LV,CAR,2024-09-22 20:05:00+00:00,M1_ridge_alpha100,historical_reconstruction,kickoff_minus_24h,21.398612050955848,12.319108546395594,21.439310564727556,12.746455193737,8.692855370990555,34.185765758464555,0.7407396865999546,0.0253199245912705,0.23394038880877488,0.759982383234137,1.3158199743321126,4.166360842485571,-316.6360842485572,316.63608424855715,-8.692855370990555,-9.0,0.4818738598918093,0.030939192386918918,0.4871869477212718,34.0,0.4808702059700979,0.02998494483417502,0.4891448491957271,0.09731229933056498,-2.220446049250313e-16,100,0,negative_latent_mass=0.0973 exceeds 0.01,,1,1,b8eb3c94eb3388ec3f3ff44dda35e9130178f1d32a5f2a459ddc134106dcbcb5,b7a8fd6d3b282691ecd59299f76b860a8be26f51d7febaf57f7dd1bbd7edede6,False,0,17,25,43,-8,25,18,51,-16,33,10,60,0.0253199245912705,0.02748334743775702,0.019975130362181678,0.030417884834979713,0.01450658675959946,0.500670863146239,22,36,15.93845068295486,16.865973720362486,11.907117120767722,270.52085934985354,-14.0,58.0,22.692855370990557,514.965684888695,23.814234241535445,567.1177525107192,0.0,0.0,1.4526889447588418,1.1361837097839576,1.4270429551429324,0.5775732228262387,0.0,17.0,0.0,18.0,0.0,33.0,0.0,33.0,1.0,49.0,1.0,50.0,0.0,0.0,0.0,0.0,0.0,1.0
confirmation-20260916T173933Z-48f95d,2024_03_CHI_IND,2024-09-21 17:00:00+00:00,2024,3,IND,CHI,2024-09-22 17:00:00+00:00,M1_ridge_alpha100,historical_reconstruction,kickoff_minus_24h,20.36760616759591,19.63923557786483,20.422947541130718,19.704244695429413,0.7187028457012969,40.127192236560134,0.5066798451157488,0.03050565214588913,0.4628145027383621,0.5226227942816164,1.913425918160676,2.0947795328751497,-109.477953287515,109.47795328751499,-0.7187028457012969,-0.5,0.5066798451157488,0.0,0.4933201548842512,40.0,0.4857875328392315,0.02934705093016677,0.48486541623060175,0.030577546540737778,-2.220446049250313e-16,100,0,negative_latent_mass=0.0306 exceeds 0.01,,1,1,b8eb3c94eb3388ec3f3ff44dda35e9130178f1d32a5f2a459ddc134106dcbcb5,b7a8fd6d3b282691ecd59299f76b860a8be26f51d7febaf57f7dd1bbd7edede6,False,-8,10,31,49,-16,18,23,57,-25,26,14,67,0.03050565214588913,0.029775773827218906,0.029040037619248584,0.027062695993425083,0.02552906882627118,0.5001804156177284,21,16,3.619153571717693,3.4301814757744498,2.1406485771493475,7.027209151952014,5.0,37.0,4.281297154298703,18.329505323406174,3.127192236560134,9.779331284401973,0.0,1.0,0.6798759440513087,0.45849263397282497,0.6488953097752251,0.22788899653949193,1.0,18.0,1.0,18.0,1.0,34.0,1.0,34.0,1.0,51.0,1.0,53.0,0.0,0.0,0.0,0.0,0.0,0.0
confirmation-20260916T173933Z-48f95d,2024_03_DEN_TB,2024-09-21 17:00:00+00:00,2024,3,TB,DEN,2024-09-22 17:00:00+00:00,M1_ridge_alpha100,historical_reconstruction,kickoff_minus_24h,22.321360583600153,16.104220458806957,22.35201588901793,16.2755181562233,6.076497732794632,38.62753404524123,0.6668474383659295,0.027548392189575492,0.3056041694444949,0.6857384295629945,1.4582819875462971,3.1820626321233654,-218.20626321233647,218.2062632123365,-6.076497732794632,-6.0,0.49028042195190635,0.030352189396392126,0.47936738865170153,38.5,0.498713199228513,0.0,0.501286800771487,0.047479551148505786,-2.220446049250313e-16,100,0,negative_latent_mass=0.0475 exceeds 0.01,,1,1,b8eb3c94eb3388ec3f3ff44dda35e9130178f1d32a5f2a459ddc134106dcbcb5,b7a8fd6d3b282691ecd59299f76b860a8be26f51d7febaf57f7dd1bbd7edede6,False,-3,15,29,48,-11,23,22,56,-19,31,13,65,0.027548392189575492,0.029396866071459887,0.023712175556507408,0.03033441505107463,0.018383735963916417,0.5002456878699797,7,26,18.025910292770014,4.014242791938555,12.538248866397316,165.12496949330085,-19.0,33.0,25.076497732794632,628.8307385428543,5.627534045241227,31.669139430349084,0.0,0.0,1.185464578312637,0.9276299894603026,1.1575296129787538,0.47023719377952194,0.0,18.0,1.0,19.0,0.0,34.0,1.0,34.0,1.0,50.0,1.0,52.0,0.0,0.0,0.0,0.0,0.0,0.0
confirmation-20260916T173933Z-48f95d,2024_03_DET_ARI,2024-09-21 20:25:00+00:00,2024,3,ARI,DET,2024-09-22 20:25:00+00:00,M1_ridge_alpha100,historical_reconstruction,kickoff_minus_24h,23.931789530873942,23.716839430227765,23.95013166568248,23.73525602596356,0.21487563971891888,47.68538769164604,0.4913803061078622,0.030191661434390876,0.4784280324577469,0.5066777491670531,1.9736410403731726,2.0270725642550205,-102.70725642550204,102.70725642550204,-0.21487563971891888,0.0,0.4913803061078622,0.030191661434390876,0.4784280324577469,47.5,0.5043828082691804,0.0,0.49561719173081964,0.010358861455628135,5.551115123125783e-16,100,0,negative_latent_mass=0.0104 exceeds 0.01,,1,1,b8eb3c94eb3388ec3f3ff44dda35e9130178f1d32a5f2a459ddc134106dcbcb5,b7a8fd6d3b282691ecd59299f76b860a8be26f51d7febaf57f7dd1bbd7edede6,False,-9,9,38,57,-17,17,30,65,-26,26,21,74,0.030191661434390876,0.029495422590167474,0.02927932865318406,0.026454854219239727,0.026005067468436054,0.50002246569687,13,20,4.618475193581605,8.927632445830941,7.342693845823021,66.92876053763963,-7.0,33.0,7.214875639718919,52.05443049660948,14.685387691646042,215.66061165394908,0.0,0.0,0.7372494817878551,0.5144034589767223,0.7065926656722277,0.25672234150099116,1.0,18.0,0.0,19.0,1.0,34.0,1.0,35.0,1.0,52.0,1.0,53.0,0.0,0.0,0.0,0.0,1.0,0.0
confirmation-20260916T173933Z-48f95d,2024_03_GB_TEN,2024-09-21 17:00:00+00:00,2024,3,TEN,GB,2024-09-22 17:00:00+00:00,M1_ridge_alpha100,historical_reconstruction,kickoff_minus_24h,19.823353576695546,22.03218825786476,19.888187176549156,22.06379399979497,-2.175606823245821,41.95198117634413,0.4187749277328967,0.02997683967227459,0.5512482325948287,0.4317164216897793,2.316335329765554,1.7596848442699664,131.63353297655541,-131.63353297655541,2.175606823245821,2.0,0.47880715535322416,0.030185219794275717,0.4910076248525001,42.0,0.4812855875057601,0.029325775409311583,0.4893886370849283,0.02488655536599955,-2.220446049250313e-16,100,0,negative_latent_mass=0.0249 exceeds 0.01,,1,1,b8eb3c94eb3388ec3f3ff44dda35e9130178f1d32a5f2a459ddc134106dcbcb5,b7a8fd6d3b282691ecd59299f76b860a8be26f51d7febaf57f7dd1bbd7edede6,False,-11,7,33,51,-19,15,25,59,-28,23,16,69,0.02997683967227459,0.027936864349881293,0.03014433185499109,0.023725736420048764,0.028331542938227535,0.500110044747189,14,30,8.367111779717504,3.3018662527826774,6.912196588377093,48.82705695188412,-16.0,44.0,13.824393176754178,191.11384670548748,2.048018823655873,4.194381102048786,0.0,0.0,0.5955700584034026,0.3776491997636951,0.565134727260173,0.18637906875662735,0.0,18.0,1.0,18.0,1.0,34.0,1.0,34.0,1.0,51.0,1.0,53.0,0.0,0.0,0.0,0.0,0.0,1.0
confirmation-20260916T173933Z-48f95d,2024_03_HOU_MIN,2024-09-21 17:00:00+00:00,2024,3,MIN,HOU,2024-09-22 17:00:00+00:00,M1_ridge_alpha100,historical_reconstruction,kickoff_minus_24h,21.097730615173795,19.37526565696387,21.142293060761972,19.44542850738863,1.6968645533733415,40.5877215681506,0.5366204177646956,0.030250245770703475,0.4331293364646009,0.5533596842116983,1.8071428557802756,2.238938055188864,-123.89380551888637,123.89380551888638,-1.6968645533733415,-1.5,0.5064724843694419,0.0,0.4935275156305581,40.5,0.4994541220861709,0.0,0.5005458779138291,0.029243765852309953,-2.220446049250313e-16,100,0,negative_latent_mass=0.0292 exceeds 0.01,,1,1,b8eb3c94eb3388ec3f3ff44dda35e9130178f1d32a5f2a459ddc134106dcbcb5,b7a8fd6d3b282691ecd59299f76b860a8be26f51d7febaf57f7dd1bbd7edede6,False,-7,11,31,50,-15,18,23,58,-24,27,15,67,0.030250245770703475,0.03007337860437479,0.02834281785996637,0.027960098034608007,0.024350874396898866,0.5001594669927374,34,7,18.166726372776612,3.172854562902032,12.65156772331333,160.10465923392564,27.0,41.0,25.30313544662666,640.2486634303344,0.4122784318494013,0.1699735053682014,0.0,1.0,0.6224642914634889,0.40323673670801863,0.5917470653642182,0.19948757168747383,0.0,18.0,1.0,19.0,0.0,33.0,1.0,35.0,1.0,51.0,1.0,52.0,0.0,0.0,0.0,0.0,0.0,0.0
confirmation-20260916T173933Z-48f95d,2024_03_JAX_BUF,2024-09-22 23:30:00+00:00,2024,3,BUF,JAX,2024-09-23 23:30:00+00:00,M1_ridge_alpha100,historical_reconstruction,kickoff_minus_24h,24.95026482241736,18.2287020397512,24.963353990150264,18.325706386642302,6.637647603507955,43.28906037679256,0.6808050887318063,0.026658474291206175,0.2925364369769875,0.6994513957842695,1.4296919071535146,3.327248857499971,-232.72488574999701,232.7248857499971,-6.637647603507955,-6.5,0.5062697102842659,0.0,0.49373028971573407,43.0,0.4908981609066808,0.029357221903112546,0.47974461719020667,0.02749688938721298,7.771561172376096e-16,100,0,negative_latent_mass=0.0275 exceeds 0.01,,1,1,b8eb3c94eb3388ec3f3ff44dda35e9130178f1d32a5f2a459ddc134106dcbcb5,b7a8fd6d3b282691ecd59299f76b860a8be26f51d7febaf57f7dd1bbd7edede6,False,-2,16,34,52,-10,23,26,61,-19,32,17,70,0.026658474291206175,0.029021057013102685,0.023036931449954546,0.03023411369074535,0.01764093298565311,0.5000709282290827,47,10,23.053206502517373,8.322675724691887,15.18117619824602,277.4655771000014,37.0,57.0,30.362352396492046,921.8724430487663,13.710939623207437,187.9898653512397,0.0,1.0,0.3844792271154694,0.1881736325902359,0.3574589715162321,0.0903294634960238,0.0,18.0,0.0,18.0,0.0,33.0,1.0,35.0,0.0,51.0,1.0,53.0,0.0,0.0,0.0,0.0,0.0,0.0
confirmation-20260916T173933Z-48f95d,2024_03_KC_ATL,2024-09-22 00:20:00+00:00,2024,3,ATL,KC,2024-09-23 00:20:00+00:00,M1_ridge_alpha100,historical_reconstruction,kickoff_minus_24h,18.345471447339676,21.149540427867787,18.443779916927515,21.191036045559674,-2.747256128632162,39.634815962487195,0.4011944825416016,0.029926943415949786,0.5688785740424486,0.41357141074955817,2.4179621076505184,1.7052374634022782,141.79621076505185,-141.79621076505185,2.747256128632162,3.0,0.49121878417086984,0.030234304492605592,0.47854691133652455,39.5,0.5002232966604911,0.0,0.49977670333950885,0.03468754080780052,-2.220446049250313e-16,100,0,negative_latent_mass=0.0347 exceeds 0.01,,1,1,b8eb3c94eb3388ec3f3ff44dda35e9130178f1d32a5f2a459ddc134106dcbcb5,b7a8fd6d3b282691ecd59299f76b860a8be26f51d7febaf57f7dd1bbd7edede6,False,-12,6,30,49,-19,14,22,57,-28,23,14,66,0.029926943415949786,0.027442808756126407,0.030234304492605592,0.023002369230839568,0.02883111483717581,0.5002003566914119,17,22,3.2142224465974634,3.1676751820715583,1.1263719356839204,1.3694615640534753,-5.0,39.0,2.252743871367838,5.074854949985355,0.6348159624871954,0.4029913062285443,0.0,0.0,0.5640882700151901,0.34771831868371744,0.5337043757604002,0.17104131178937976,1.0,18.0,1.0,19.0,1.0,33.0,1.0,35.0,1.0,51.0,1.0,52.0,0.0,0.0,0.0,0.0,0.0,0.0
confirmation-20260916T173933Z-48f95d,2024_03_LAC_PIT,2024-09-21 17:00:00+00:00,2024,3,PIT,LAC,2024-09-22 17:00:00+00:00,M1_ridge_alpha100,historical_reconstruction,kickoff_minus_24h,18.435767025510458,17.244900224881068,18.531660850210994,17.37176799348771,1.15989285672328,35.903428843698705,0.5202324721901409,0.031175819204641214,0.44859170860521785,0.5369730468154239,1.8622908653061956,2.159701488481969,-115.97014884819691,115.97014884819693,-1.15989285672328,-1.0,0.4899562266654395,0.03027624552470144,0.4797675278098591,35.5,0.506124808163337,0.0,0.49387519183666295,0.05291439176096853,-2.220446049250313e-16,100,0,negative_latent_mass=0.0529 exceeds 0.01,,1,1,b8eb3c94eb3388ec3f3ff44dda35e9130178f1d32a5f2a459ddc134106dcbcb5,b7a8fd6d3b282691ecd59299f76b860a8be26f51d7febaf57f7dd1bbd7edede6,False,-8,10,27,45,-16,18,19,53,-24,26,11,62,0.031175819204641214,0.03004388003098956,0.028828982759002624,0.027645469073892693,0.0251129644748202,0.5005170649813673,20,10,5.333656425994585,4.0934378173789066,4.420053571638357,28.24949160430645,10.0,30.0,8.84010714327672,78.1474943046121,5.9034288436987055,34.850472112613836,0.0,1.0,0.653479505404946,0.4323833334732131,0.6218073778829891,0.21439395937539163,1.0,18.0,1.0,18.0,1.0,34.0,1.0,34.0,1.0,50.0,1.0,51.0,0.0,0.0,0.0,0.0,0.0,1.0
confirmation-20260916T173933Z-48f95d,2024_03_MIA_SEA,2024-09-21 20:05:00+00:00,2024,3,SEA,MIA,2024-09-22 20:05:00+00:00,M1_ridge_alpha100,historical_reconstruction,kickoff_minus_24h,22.57484640464113,20.92490834164812,22.603166511054695,20.969329091949245,1.6338374191054488,43.57249560300393,0.534543994388924,0.03007430944958415,0.43538169616149186,0.5511185027850738,1.8144917925028945,2.2277594559020018,-122.77594559020018,122.77594559020018,-1.6338374191054488,-1.5,0.5044127420068458,0.0,0.4955872579931542,43.5,0.5000996564598118,0.0,0.4999003435401882,0.01935104790791584,-2.220446049250313e-16,100,0,negative_latent_mass=0.0194 exceeds 0.01,,1,1,b8eb3c94eb3388ec3f3ff44dda35e9130178f1d32a5f2a459ddc134106dcbcb5,b7a8fd6d3b282691ecd59299f76b860a8be26f51d7febaf57f7dd1bbd7edede6,False,-7,11,34,53,-15,18,26,61,-24,27,17,70,0.03007430944958415,0.030022403628927097,0.02836935160860165,0.027843817521236214,0.02439765124067944,0.5000718324149769,24,3,12.748975686831953,10.324440742005418,9.683081290447275,162.4239659053063,21.0,27.0,19.366162580894553,375.04825310964037,16.57249560300393,274.64761051158456,0.0,1.0,0.6263412424769121,0.40711097860074497,0.5958054243777017,0.20149459854191382,0.0,18.0,0.0,19.0,0.0,33.0,1.0,35.0,1.0,51.0,1.0,53.0,0.0,0.0,0.0,0.0,0.0,0.0
confirmation-20260916T173933Z-48f95d,2024_03_NE_NYJ,2024-09-19 00:15:00+00:00,2024,3,NYJ,NE,2024-09-20 00:15:00+00:00,M1_ridge_alpha100,historical_reconstruction,kickoff_minus_24h,16.900464562257874,17.31065735664461,17.045382487156154,17.43530360459027,-0.38992111743412483,34.48068609174643,0.4717861612593963,0.03174153244107871,0.496472306299525,0.4872522958139654,2.0523248604287816,1.9502768941451583,105.23248604287818,-105.2324860428782,0.38992111743412483,0.5,0.503527693700475,0.0,0.496472306299525,34.5,0.4925773531865344,0.0,0.5074226468134656,0.06256751172242188,-2.220446049250313e-16,100,0,negative_latent_mass=0.0626 exceeds 0.01,,1,1,b8eb3c94eb3388ec3f3ff44dda35e9130178f1d32a5f2a459ddc134106dcbcb5,b7a8fd6d3b282691ecd59299f76b860a8be26f51d7febaf57f7dd1bbd7edede6,False,-9,8,25,43,-17,16,17,52,-25,25,10,61,0.03174153244107871,0.029372356406913873,0.029806386094271976,0.026060882326246818,0.026961206779872283,0.5007254231923459,24,3,14.613122873816287,4.657998906953528,10.694960558717058,128.3723474533256,21.0,27.0,21.389921117434124,457.5287254100543,7.480686091746428,55.960664403248444,0.0,1.0,0.7512294442331601,0.5265021352411619,0.7189732288272904,0.26291020814804933,0.0,17.0,1.0,18.0,0.0,33.0,1.0,35.0,1.0,50.0,1.0,51.0,0.0,0.0,0.0,0.0,0.0,0.0
confirmation-20260916T173933Z-48f95d,2024_03_NYG_CLE,2024-09-21 17:00:00+00:00,2024,3,CLE,NYG,2024-09-22 17:00:00+00:00,M1_ridge_alpha100,historical_reconstruction,kickoff_minus_24h,20.97572919927093,17.743867630214215,21.021950030804298,17.85471124532538,3.1672387854789124,38.87666127612968,0.58149436495286,0.02980786100899588,0.38869777403814415,0.5993600046663043,1.6684463297759637,2.4960064188476574,-149.60064188476576,149.60064188476574,-3.1672387854789124,-3.0,0.49134438961036675,0.03024870720050662,0.47840690318912665,38.5,0.5069333671538594,0.0,0.4930666328461406,0.038569326373209846,-2.220446049250313e-16,100,0,negative_latent_mass=0.0386 exceeds 0.01,,1,1,b8eb3c94eb3388ec3f3ff44dda35e9130178f1d32a5f2a459ddc134106dcbcb5,b7a8fd6d3b282691ecd59299f76b860a8be26f51d7febaf57f7dd1bbd7edede6,False,-6,12,30,48,-14,20,22,56,-22,28,13,65,0.02980786100899588,0.03024870720050662,0.027055211929175635,0.02913514566430117,0.02246333942426703,0.5002440864653401,15,21,5.536713089649302,3.376187633642886,4.583619392739459,23.078361761893255,-6.0,36.0,9.167238785478911,84.03826694998887,2.8766612761296813,8.275180097584046,0.0,0.0,0.9449531678238041,0.7127146165157814,0.9146920221575836,0.3592324151935924,1.0,18.0,1.0,18.0,1.0,34.0,1.0,34.0,1.0,50.0,1.0,52.0,0.0,0.0,0.0,0.0,0.0,1.0
confirmation-20260916T173933Z-48f95d,2024_03_PHI_NO,2024-09-21 17:00:00+00:00,2024,3,NO,PHI,2024-09-22 17:00:00+00:00,M1_ridge_alpha100,historical_reconstruction,kickoff_minus_24h,28.468086206386765,21.33964238197862,28.471867987488494,21.378799044662745,7.093068942825741,49.85066703215124,0.6917862311339039,0.026098100477835957,0.28211566838826013,0.7103243473221712,1.4078075794105436,3.4521368667189263,-245.2136866718927,245.21368667189265,-7.093068942825741,-7.0,0.4887002852835759,0.030163953748903655,0.4811357609675204,50.0,0.4797838096224504,0.02929506817390521,0.4909211222036444,0.011626088423821665,1.9872992140790302e-14,100,0,negative_latent_mass=0.0116 exceeds 0.01,,1,1,b8eb3c94eb3388ec3f3ff44dda35e9130178f1d32a5f2a459ddc134106dcbcb5,b7a8fd6d3b282691ecd59299f76b860a8be26f51d7febaf57f7dd1bbd7edede6,False,-2,16,41,59,-10,24,32,67,-19,33,23,77,0.026098100477835957,0.028720900497691354,0.022495538377900876,0.030163953748903655,0.017057124212098696,0.5000105245588711,12,15,6.034621021930731,15.680230927305761,11.42533351607562,156.0057561247193,-3.0,27.0,10.093068942825742,101.87004068463354,22.850667032151243,522.1529838142437,0.0,0.0,1.2654381205518195,0.9946072140086367,1.2389934209632778,0.5045606783986685,0.0,18.0,0.0,18.0,1.0,34.0,0.0,35.0,1.0,52.0,1.0,54.0,0.0,0.0,1.0,0.0,0.0,0.0
confirmation-20260916T173933Z-48f95d,2024_03_SF_LA,2024-09-21 20:25:00+00:00,2024,3,LA,SF,2024-09-22 20:25:00+00:00,M1_ridge_alpha100,historical_reconstruction,kickoff_minus_24h,20.957189234539463,26.02213437050018,21.003666871418766,26.0305503868303,-5.026883515411529,47.034217258249065,0.33700385928775634,0.02807351126771356,0.6349226294445302,0.34673801279695626,2.8840218351991957,1.5307794110009723,188.40218351991956,-188.40218351991956,5.026883515411529,5.0,0.48306847259244867,0.03017057636156249,0.4867609510459888,47.0,0.4848229518462902,0.029303442893589035,0.48587360526012074,0.01464304145183308,1.3322676295501878e-15,100,0,negative_latent_mass=0.0146 exceeds 0.01,,1,1,b8eb3c94eb3388ec3f3ff44dda35e9130178f1d32a5f2a459ddc134106dcbcb5,b7a8fd6d3b282691ecd59299f76b860a8be26f51d7febaf57f7dd1bbd7edede6,False,-14,4,38,56,-22,12,30,64,-31,21,21,74,0.02807351126771356,0.02504513431665496,0.029796734126850234,0.019910372540136945,0.02986302859905668,0.500025253596704,27,24,4.984981376373312,3.6439506101584733,4.013441757705767,20.039572931188747,3.0,51.0,8.02688351541153,64.43085896998537,3.9657827417509353,15.727432754769564,0.0,1.0,1.0876608968028958,0.8434787500149838,1.0591857905449416,0.4267512239244697,1.0,18.0,1.0,18.0,1.0,34.0,1.0,34.0,1.0,52.0,1.0,53.0,0.0,1.0,0.0,0.0,0.0,0.0
confirmation-20260916T173933Z-48f95d,2024_03_WAS_CIN,2024-09-23 00:15:00+00:00,2024,3,CIN,WAS,2024-09-24 00:15:00+00:00,M1_ridge_alpha100,historical_reconstruction,kickoff_minus_24h,24.56941960250729,19.288770838572024,24.584286038831316,19.360699688804473,5.223586350026842,43.94498572763578,0.6409879057537533,0.027977967003159934,0.33103412724308684,0.6594376300067234,1.5164436399994408,2.936319711481165,-193.63197114811658,193.63197114811652,-5.223586350026842,-5.5,0.4931159064413415,0.0,0.5068840935586585,44.0,0.4813739462911286,0.02932666998138807,0.48929938372748333,0.02235520469572038,5.551115123125783e-16,100,0,negative_latent_mass=0.0224 exceeds 0.01,,1,1,b8eb3c94eb3388ec3f3ff44dda35e9130178f1d32a5f2a459ddc134106dcbcb5,b7a8fd6d3b282691ecd59299f76b860a8be26f51d7febaf57f7dd1bbd7edede6,False,-4,14,35,53,-12,22,27,61,-21,31,18,71,0.027977967003159934,0.0297370203389333,0.024805590872125735,0.029968128483108602,0.019630434620848538,0.5000615052577301,33,38,6.11233209546234,19.67933669372143,13.527507136182106,209.1238787835716,-5.0,71.0,10.223586350026842,104.52171785645517,27.055014272364218,731.9737972778315,0.0,0.0,1.1055338054664354,0.859163600873631,1.0771569983800515,0.43485798786888424,0.0,18.0,0.0,18.0,1.0,34.0,0.0,34.0,1.0,52.0,1.0,53.0,0.0,0.0,0.0,0.0,0.0,0.0
confirmation-20260916T173933Z-48f95d,2024_04_BUF_BAL,2024-09-29 00:20:00+00:00,2024,4,BAL,BUF,2024-09-30 00:20:00+00:00,M1_ridge_alpha100,historical_reconstruction,kickoff_minus_24h,23.242140885710967,25.347078244601192,23.265063459851,25.357719808811396,-2.0926563489604,48.622783268662396,0.42194466526586494,0.029803750269197727,0.5482515844649374,0.43490651028896554,2.2993447473011352,1.769618688248132,129.93447473011352,-129.93447473011352,2.0926563489604,2.0,0.48179395138760805,0.03015123616182683,0.4880548124505651,48.5,0.5026395650118385,0.0,0.4973604349881615,0.009466240036668565,8.881784197001252e-16,100,0,,,1,1,b8eb3c94eb3388ec3f3ff44dda35e9130178f1d32a5f2a459ddc134106dcbcb5,b7a8fd6d3b282691ecd59299f76b860a8be26f51d7febaf57f7dd1bbd7edede6,False,-11,7,39,58,-19,15,31,66,-28,24,22,75,0.029803750269197727,0.027990632533467615,0.030085443894696185,0.023806645625458957,0.02817360512908034,0.500016769508568,35,10,19.84341810000342,3.5530540103843697,13.546328174480198,186.78414666364108,25.0,45.0,27.0926563489604,734.0120280428642,3.6227832686623955,13.124558611700191,0.0,1.0,0.8628810985061601,0.635616033413016,0.8326241898677654,0.319330652113795,0.0,18.0,1.0,19.0,0.0,34.0,1.0,35.0,0.0,52.0,1.0,53.0,0.0,0.0,0.0,0.0,0.0,0.0
confirmation-20260916T173933Z-48f95d,2024_04_CIN_CAR,2024-09-28 17:00:00+00:00,2024,4,CAR,CIN,2024-09-29 17:00:00+00:00,M1_ridge_alpha100,historical_reconstruction,kickoff_minus_24h,17.421812332345326,23.021781187828246,17.548067390157723,23.044870112515504,-5.49680272235778,40.59293750267323,0.3222468940328318,0.027897211904867464,0.6498558940623007,0.3314946711183549,3.016639744543483,1.4958743884254724,201.66397445434828,-201.66397445434825,5.49680272235778,5.5,0.49760813979599317,0.0,0.5023918602040068,40.5,0.4988404332793357,0.0,0.5011595667206643,0.036196098196806324,-2.220446049250313e-16,100,0,negative_latent_mass=0.0362 exceeds 0.01,,1,1,b8eb3c94eb3388ec3f3ff44dda35e9130178f1d32a5f2a459ddc134106dcbcb5,b7a8fd6d3b282691ecd59299f76b860a8be26f51d7febaf57f7dd1bbd7edede6,False,-14,3,31,50,-22,11,23,58,-31,20,15,67,0.027897211904867464,0.024446324523669155,0.029652304841811587,0.01921376990246638,0.03014054031299768,0.500147600466077,24,34,3.651603968172859,11.112887470095178,8.703531248663387,80.82115262680112,-10.0,58.0,4.50319727764222,20.278785721364304,17.40706249732677,303.0058247858401,0.0,0.0,0.4310046421144663,0.227222210068783,0.402710911070796,0.10988871697986628,1.0,17.0,0.0,19.0,1.0,33.0,1.0,35.0,1.0,51.0,1.0,52.0,0.0,0.0,0.0,0.0,0.0,1.0
confirmation-20260916T173933Z-48f95d,2024_04_CLE_LV,2024-09-28 20:25:00+00:00,2024,4,LV,CLE,2024-09-29 20:25:00+00:00,M1_ridge_alpha100,historical_reconstruction,kickoff_minus_24h,20.46860192066621,18.364225394246972,20.522325221886295,18.45764433642292,2.0646808854633663,38.979969558309215,0.5479739147686178,0.03030662071896036,0.42171946451242187,0.5651001919543912,1.7695977000848537,2.299380182515804,-129.9380182515804,129.9380182515804,-2.0646808854633663,-2.0,0.48763400351425834,0.030228771019317528,0.4821372254664241,39.0,0.48080349572778724,0.0293711878911494,0.48982531638106336,0.03653268503982126,-2.220446049250313e-16,100,0,negative_latent_mass=0.0365 exceeds 0.01,,1,1,b8eb3c94eb3388ec3f3ff44dda35e9130178f1d32a5f2a459ddc134106dcbcb5,b7a8fd6d3b282691ecd59299f76b860a8be26f51d7febaf57f7dd1bbd7edede6,False,-7,11,30,48,-15,19,22,56,-23,27,13,66,0.03030662071896036,0.030175889296380484,0.028063021885266222,0.028319333455979957,0.02391097808127358,0.5002405009003834,20,16,3.1753538299371162,3.3963653448201523,1.4899847791546073,3.1564196608851103,4.0,36.0,1.9353191145366337,3.74546007509086,2.9799695583092145,8.880218568449616,0.0,1.0,0.6015275939542688,0.38309337973765556,0.5707522326642325,0.18913784303810738,1.0,18.0,1.0,18.0,1.0,34.0,1.0,34.0,1.0,50.0,1.0,53.0,0.0,0.0,0.0,0.0,0.0,1.0
confirmation-20260916T173933Z-48f95d,2024_04_DAL_NYG,2024-09-26 00:15:00+00:00,2024,4,NYG,DAL,2024-09-27 00:15:00+00:00,M1_ridge_alpha100,historical_reconstruction,kickoff_minus_24h,20.59761469544329,22.92532939731131,20.64933265210448,22.94914556793135,-2.299812915826868,43.59847822003583,0.41531054806763634,0.029841743622776556,0.5548477083095871,0.4280853616795408,2.3359827023204476,1.7485126852788704,133.59827023204477,-133.59827023204477,2.299812915826868,2.5,0.5053348095031815,0.0,0.49466519049681845,43.5,0.5007899050913154,0.0,0.4992100949086846,0.019920578657009417,-2.220446049250313e-16,100,0,negative_latent_mass=0.0199 exceeds 0.01,,1,1,b8eb3c94eb3388ec3f3ff44dda35e9130178f1d32a5f2a459ddc134106dcbcb5,b7a8fd6d3b282691ecd59299f76b860a8be26f51d7febaf57f7dd1bbd7edede6,False,-11,7,34,53,-19,15,26,61,-28,23,17,70,0.029841743622776556,0.027824588103372173,0.03014217232445085,0.023558919498081976,0.028394155258756743,0.5000703659504719,15,20,3.294836280027436,5.238794736463533,4.299239110017915,20.30620949749148,-5.0,35.0,2.700187084173132,7.291010289535401,8.59847822003583,73.93382770043053,0.0,0.0,0.5890616023323033,0.3715339437959144,0.5587655324442875,0.18325707688430326,1.0,18.0,1.0,19.0,1.0,34.0,1.0,35.0,1.0,51.0,1.0,53.0,0.0,0.0,0.0,0.0,0.0,0.0
confirmation-20260916T173933Z-48f95d,2024_04_DEN_NYJ,2024-09-28 17:00:00+00:00,2024,4,NYJ,DEN,2024-09-29 17:00:00+00:00,M1_ridge_alpha100,historical_reconstruction,kickoff_minus_24h,18.296797163792085,17.474517045192584,18.396429357579997,17.593775001577928,0.8026543560020727,35.99020435915793,0.5091440143657504,0.031216998473969214,0.4596389871602804,0.5255501113910388,1.902768124914246,2.1077041517111494,-110.77041517111496,110.77041517111496,-0.8026543560020727,-1.0,0.4788722458870621,0.030271768478688253,0.49085598563424965,36.0,0.47931682354009186,0.029445183058476213,0.4912379934014319,0.05212220097006182,-2.220446049250313e-16,100,0,negative_latent_mass=0.0521 exceeds 0.01,,1,1,b8eb3c94eb3388ec3f3ff44dda35e9130178f1d32a5f2a459ddc134106dcbcb5,b7a8fd6d3b282691ecd59299f76b860a8be26f51d7febaf57f7dd1bbd7edede6,False,-8,10,27,45,-16,17,19,53,-24,26,11,62,0.031216998473969214,0.02991163729547399,0.0290733048585001,0.027289195047899516,0.02554144172788519,0.5005068780747659,9,10,3.1490693871741957,10.6106026826233,8.495102179578963,72.97915172329054,-1.0,19.0,1.8026543560020727,3.2495627272132475,16.99020435915793,288.66704416594905,0.0,0.0,0.7773139081451267,0.5521921525553629,0.7455992753416969,0.2762029195831333,1.0,18.0,0.0,18.0,1.0,33.0,1.0,34.0,1.0,50.0,1.0,51.0,0.0,0.0,0.0,0.0,0.0,0.0
confirmation-20260916T173933Z-48f95d,2024_04_JAX_HOU,2024-09-28 17:00:00+00:00,2024,4,HOU,JAX,2024-09-29 17:00:00+00:00,M1_ridge_alpha100,historical_reconstruction,kickoff_minus_24h,21.867827717184873,18.319137140567474,21.90309929556416,18.413735740193232,3.4893635553709235,40.31683503575739,0.5909109075216731,0.029459176574394254,0.3796299159039327,0.6088470399792181,1.6424486518553711,2.556544631406778,-155.65446314067776,155.6544631406778,-3.4893635553709235,-3.5,0.5010600160654723,0.0,0.49893998393452765,40.0,0.4911552952317383,0.029364806531201482,0.4794798982370602,0.03247982396216662,-2.220446049250313e-16,100,0,negative_latent_mass=0.0325 exceeds 0.01,,1,1,b8eb3c94eb3388ec3f3ff44dda35e9130178f1d32a5f2a459ddc134106dcbcb5,b7a8fd6d3b282691ecd59299f76b860a8be26f51d7febaf57f7dd1bbd7edede6,False,-5,12,31,49,-13,20,23,58,-22,29,15,67,0.029459176574394254,0.030199090085023774,0.02672413369430924,0.02928251931955673,0.022019516245110483,0.5001679547249533,24,20,3.075265277026143,3.583136319747298,1.8415824821213036,3.456613433101916,4.0,44.0,0.5106364446290765,0.26074957858342396,3.683164964242607,13.565704153824246,0.0,1.0,0.5260900216340579,0.3123406017184095,0.4961882086994454,0.15300063813301942,1.0,17.0,1.0,18.0,1.0,33.0,1.0,35.0,1.0,51.0,1.0,52.0,0.0,0.0,0.0,0.0,0.0,1.0
confirmation-20260916T173933Z-48f95d,2024_04_KC_LAC,2024-09-28 20:25:00+00:00,2024,4,LAC,KC,2024-09-29 20:25:00+00:00,M1_ridge_alpha100,historical_reconstruction,kickoff_minus_24h,17.446906414985108,20.07085051300668,17.572318808798496,20.128155928383713,-2.5558371195852208,37.70047473718221,0.4063349426725539,0.030292090869044337,0.5633729664584017,0.4190281824520829,2.3864743276888136,1.721253888391105,138.64743276888134,-138.64743276888137,2.5558371195852208,2.5,0.49687503750485995,0.0,0.50312496249514,37.5,0.5011146637452208,0.0,0.49888533625477915,0.04409882585046814,-2.220446049250313e-16,100,0,negative_latent_mass=0.0441 exceeds 0.01,,1,1,b8eb3c94eb3388ec3f3ff44dda35e9130178f1d32a5f2a459ddc134106dcbcb5,b7a8fd6d3b282691ecd59299f76b860a8be26f51d7febaf57f7dd1bbd7edede6,False,-11,6,28,47,-19,14,21,55,-28,23,12,64,0.030292090869044337,0.02763661136848831,0.030272056039428664,0.02327312562782559,0.028773400119124208,0.5003274780239579,10,17,3.6387298656045184,6.279767036032892,5.350237368591104,33.56268582718282,-7.0,27.0,4.44416288041478,19.75058370765659,10.700474737182212,114.50015960107473,0.0,0.0,0.5738134075480159,0.3566688628252621,0.543053030108927,0.17558461768909608,1.0,17.0,0.0,19.0,1.0,33.0,1.0,34.0,1.0,51.0,1.0,52.0,0.0,0.0,0.0,0.0,1.0,0.0
confirmation-20260916T173933Z-48f95d,2024_04_LA_CHI,2024-09-28 17:00:00+00:00,2024,4,CHI,LA,2024-09-29 17:00:00+00:00,M1_ridge_alpha100,historical_reconstruction,kickoff_minus_24h,21.285781755039487,20.322116934635034,21.327892455787175,20.375322899045923,0.9525695567412509,41.7032153548331,0.5138399926583654,0.03033466193648872,0.4558253454051459,0.5299147783136596,1.8870958896113181,2.127273851351234,-112.72738513512341,112.72738513512341,-0.9525695567412509,-1.0,0.4836598821289121,0.03018011052945325,0.48616000734163467,41.5,0.5033349561562671,0.0,0.4966650438437329,0.024766794985365784,-2.220446049250313e-16,100,0,negative_latent_mass=0.0248 exceeds 0.01,,1,1,b8eb3c94eb3388ec3f3ff44dda35e9130178f1d32a5f2a459ddc134106dcbcb5,b7a8fd6d3b282691ecd59299f76b860a8be26f51d7febaf57f7dd1bbd7edede6,False,-8,10,32,51,-16,18,24,59,-25,26,16,68,0.03033466193648872,0.02984105798862185,0.028869734891917014,0.027256193280977274,0.02523168341368306,0.5001193027073096,24,18,3.834188210908076,3.1727802697008847,2.5237152216293737,6.39115880128551,6.0,42.0,5.047430443258749,25.476554079535212,0.29678464516690184,0.08808112560684384,0.0,1.0,0.6658433603203834,0.4450484899669398,0.6350390809995781,0.22098011564789577,1.0,18.0,1.0,19.0,1.0,34.0,1.0,35.0,1.0,51.0,1.0,52.0,0.0,0.0,0.0,0.0,0.0,1.0
confirmation-20260916T173933Z-48f95d,2024_04_MIN_GB,2024-09-28 17:00:00+00:00,2024,4,GB,MIN,2024-09-29 17:00:00+00:00,M1_ridge_alpha100,historical_reconstruction,kickoff_minus_24h,22.136101752471625,20.511091248484878,22.168572345245217,20.561388984510344,1.6071833607348704,42.729961329755554,0.5337737568826781,0.030123040400062338,0.43610320271725955,0.5503520334196342,1.8170188157322873,2.2239620199000045,-122.39620199000046,122.39620199000046,-1.6071833607348704,-1.5,0.503634310640982,0.0,0.49636568935901804,42.5,0.5044515288566471,0.0,0.4955484711433529,0.021765891315670735,-2.220446049250313e-16,100,0,negative_latent_mass=0.0218 exceeds 0.01,,1,1,b8eb3c94eb3388ec3f3ff44dda35e9130178f1d32a5f2a459ddc134106dcbcb5,b7a8fd6d3b282691ecd59299f76b860a8be26f51d7febaf57f7dd1bbd7edede6,False,-7,11,34,52,-15,18,25,60,-24,27,17,69,0.030123040400062338,0.030024183034179863,0.028394545208504113,0.027834998835925145,0.024437346655616414,0.5000903570521733,29,31,3.4718387021529584,10.966200480426984,8.63501933512222,77.81650186742522,-2.0,60.0,3.6071833607348704,13.011771797962515,17.270038670244446,298.25423567173857,0.0,0.0,0.8298763601629984,0.6038014190853243,0.7992902988594243,0.3028873606891262,1.0,18.0,0.0,18.0,1.0,33.0,1.0,35.0,1.0,51.0,1.0,52.0,0.0,0.0,0.0,0.0,0.0,1.0
confirmation-20260916T173933Z-48f95d,2024_04_NE_SF,2024-09-28 20:05:00+00:00,2024,4,SF,NE,2024-09-29 20:05:00+00:00,M1_ridge_alpha100,historical_reconstruction,kickoff_minus_24h,24.252754691044892,14.816171246563966,24.269264011679766,15.053281386685756,9.215982624994016,39.32254539836553,0.7500379931479382,0.023797595320576265,0.22616441153148562,0.7683222142791628,1.301537273574989,4.316339595911717,-331.6339595911718,331.6339595911716,-9.215982624994016,-9.5,0.49612261773091193,0.0,0.5038773822690881,39.0,0.48880427007371974,0.029587257842804613,0.4816084720834756,0.05705720650798473,3.3306690738754696e-16,100,0,negative_latent_mass=0.0571 exceeds 0.01,,1,1,b8eb3c94eb3388ec3f3ff44dda35e9130178f1d32a5f2a459ddc134106dcbcb5,b7a8fd6d3b282691ecd59299f76b860a8be26f51d7febaf57f7dd1bbd7edede6,False,1,18,30,48,-7,26,22,57,-16,34,14,66,0.023797595320576265,0.02690288466549342,0.019420671039477966,0.02988797867007686,0.013982317093578903,0.5001854207128233,30,13,4.774791687683173,3.573779633625022,3.8920086875029947,18.528649710369432,17.0,43.0,7.784017375005984,60.59092649439505,3.677454601634473,13.52367234708256,0.0,1.0,0.28763141620424604,0.11419767145593529,0.26354608397823126,0.053674596396510156,1.0,17.0,1.0,18.0,1.0,33.0,1.0,35.0,1.0,50.0,1.0,52.0,0.0,0.0,0.0,0.0,0.0,0.0
confirmation-20260916T173933Z-48f95d,2024_04_NO_ATL,2024-09-28 17:00:00+00:00,2024,4,ATL,NO,2024-09-29 17:00:00+00:00,M1_ridge_alpha100,historical_reconstruction,kickoff_minus_24h,19.129754835906752,23.48466901219574,19.208771326117393,23.504540572190646,-4.295769246073262,42.71331189830804,0.35675033952846524,0.028752300551621344,0.6144973599199134,0.36731138692125814,2.7224857045185304,1.580556342137841,172.24857045185306,-172.248570451853,4.295769246073262,4.5,0.5046664176024329,0.0,0.4953335823975671,42.5,0.5035777302820883,0.0,0.4964222697179117,0.02515928320334905,0.0,100,0,negative_latent_mass=0.0252 exceeds 0.01,,1,1,b8eb3c94eb3388ec3f3ff44dda35e9130178f1d32a5f2a459ddc134106dcbcb5,b7a8fd6d3b282691ecd59299f76b860a8be26f51d7febaf57f7dd1bbd7edede6,False,-13,5,33,52,-21,13,25,60,-30,21,17,69,0.028752300551621344,0.025858515819686897,0.030036078868881086,0.02090429948708308,0.029646731395634878,0.5000864713990116,26,24,4.268557464720224,4.7255252131886705,3.6433440508459807,23.183133472785244,2.0,50.0,6.295769246073262,39.63671039980189,7.286688101691958,53.09582349133915,0.0,1.0,1.0307190708990421,0.7922038258322991,1.001545324945639,0.400294881119502,1.0,18.0,1.0,19.0,1.0,34.0,1.0,35.0,1.0,51.0,1.0,52.0,0.0,0.0,0.0,0.0,0.0,1.0
confirmation-20260916T173933Z-48f95d,2024_04_PHI_TB,2024-09-28 17:00:00+00:00,2024,4,TB,PHI,2024-09-29 17:00:00+00:00,M1_ridge_alpha100,historical_reconstruction,kickoff_minus_24h,22.199516907840867,20.875886465017466,22.231355471379587,20.920969663358132,1.3103858080214579,43.15232513473772,0.5247234270784673,0.030177277054476093,0.44509929586705665,0.5410508690544897,1.848255048083638,2.178890714837691,-117.88907148376911,117.88907148376907,-1.3103858080214579,-1.5,0.49456260463538304,0.0,0.505437395364617,43.0,0.48766993799594205,0.029313234607758518,0.4830168273962994,0.02037499898530923,-2.220446049250313e-16,100,0,negative_latent_mass=0.0204 exceeds 0.01,,1,1,b8eb3c94eb3388ec3f3ff44dda35e9130178f1d32a5f2a459ddc134106dcbcb5,b7a8fd6d3b282691ecd59299f76b860a8be26f51d7febaf57f7dd1bbd7edede6,False,-8,10,34,52,-16,18,26,61,-24,27,17,70,0.030177277054476093,0.029940946279363362,0.028611026088397537,0.02756407306611568,0.024792057017856115,0.5000807030205586,33,16,9.750504539410263,4.183067864025298,7.844807095989273,70.08982370573871,17.0,49.0,15.689614191978542,246.16399349313448,5.847674865262277,34.1953013298202,0.0,1.0,0.6448839607661421,0.42491187199980923,0.6142419767288416,0.21063430479563913,0.0,18.0,1.0,18.0,1.0,34.0,1.0,35.0,1.0,51.0,1.0,53.0,0.0,0.0,0.0,0.0,0.0,0.0
confirmation-20260916T173933Z-48f95d,2024_04_PIT_IND,2024-09-28 17:00:00+00:00,2024,4,IND,PIT,2024-09-29 17:00:00+00:00,M1_ridge_alpha100,historical_reconstruction,kickoff_minus_24h,18.502828847642988,19.725075003043937,18.596963331677493,19.788482355615987,-1.1915190239384899,38.385445687293476,0.44791545742863104,0.03064439882350731,0.5214401437478616,0.4620754828104388,2.16414858004972,1.8589968816156532,116.41485800497202,-116.41485800497199,1.1915190239384899,1.0,0.47855985625213837,0.0302211284028689,0.49121901534499274,38.0,0.4924299949261228,0.029384822858269714,0.47818518221560746,0.03884348484936583,-2.220446049250313e-16,100,0,negative_latent_mass=0.0388 exceeds 0.01,,1,1,b8eb3c94eb3388ec3f3ff44dda35e9130178f1d32a5f2a459ddc134106dcbcb5,b7a8fd6d3b282691ecd59299f76b860a8be26f51d7febaf57f7dd1bbd7edede6,False,-10,8,29,47,-18,16,21,56,-26,24,13,65,0.03064439882350731,0.028740510940508075,0.029985908243981993,0.024990666378970402,0.027586904264519437,0.500279784452818,27,24,3.597494969687844,7.611309682840024,6.30727715635326,44.17395305906524,3.0,51.0,4.19151902393849,17.56883172803827,12.614554312706524,159.12698050822277,0.0,1.0,0.8031507754721371,0.5776362448372825,0.7720270185393215,0.28936278619362255,1.0,18.0,0.0,18.0,1.0,34.0,1.0,35.0,1.0,50.0,1.0,52.0,0.0,1.0,0.0,0.0,0.0,0.0
confirmation-20260916T173933Z-48f95d,2024_04_SEA_DET,2024-09-30 00:15:00+00:00,2024,4,DET,SEA,2024-10-01 00:15:00+00:00,M1_ridge_alpha100,historical_reconstruction,kickoff_minus_24h,23.1751831494692,20.328429733963986,23.1986016806981,20.381536170089316,2.817065510608784,43.58013785078742,0.5703024828400851,0.029616309791455773,0.4000812073684591,0.5877082319031166,1.7015245758287243,2.425466811078829,-142.54668110788293,142.5466811078829,-2.817065510608784,-3.0,0.4801343075106608,0.030178910349093382,0.48968678214024586,43.5,0.5002332763311526,0.0,0.49976672366884745,0.020187721907288316,0.0,100,0,negative_latent_mass=0.0202 exceeds 0.01,,1,1,b8eb3c94eb3388ec3f3ff44dda35e9130178f1d32a5f2a459ddc134106dcbcb5,b7a8fd6d3b282691ecd59299f76b860a8be26f51d7febaf57f7dd1bbd7edede6,False,-6,12,34,53,-14,20,26,61,-23,28,17,70,0.029616309791455773,0.030178910349093382,0.027368549540793385,0.028766773434390693,0.022900778703298038,0.5000709319227746,42,29,6.053629673564548,20.02089034478616,13.709931074606292,213.88524877426352,13.0,71.0,10.182934489391215,103.69215481523312,27.419862149212577,751.8488402818206,0.0,1.0,0.5615883872606741,0.3455820545484628,0.5315246584799777,0.1699845020404543,0.0,18.0,0.0,19.0,1.0,34.0,0.0,35.0,1.0,51.0,0.0,53.0,0.0,0.0,0.0,0.0,0.0,0.0
confirmation-20260916T173933Z-48f95d,2024_04_TEN_MIA,2024-09-29 23:30:00+00:00,2024,4,MIA,TEN,2024-09-30 23:30:00+00:00,M1_ridge_alpha100,historical_reconstruction,kickoff_minus_24h,21.107833107357322,18.21083540796943,21.15226065225722,18.308321369964762,2.8439392822924487,39.46058202222196,0.5716268991662478,0.02990645907613993,0.3984666417576123,0.5892492579858474,1.6970746868959452,2.4345665088671815,-143.45665088671817,143.45665088671814,-2.8439392822924487,-3.0,0.4813319471791937,0.030237853645101915,0.4884301991757044,39.5,0.49506198755801256,0.0,0.5049380124419874,0.035271267392425115,-2.220446049250313e-16,100,0,negative_latent_mass=0.0353 exceeds 0.01,,1,1,b8eb3c94eb3388ec3f3ff44dda35e9130178f1d32a5f2a459ddc134106dcbcb5,b7a8fd6d3b282691ecd59299f76b860a8be26f51d7febaf57f7dd1bbd7edede6,False,-6,12,30,49,-14,20,22,57,-23,28,14,66,0.02990645907613993,0.030237853645101915,0.027363073331095278,0.028893970735893847,0.022890743739134904,0.5002111938197134,12,31,14.983519966846146,3.5524293330152017,10.921969641146228,122.42129074747443,-19.0,43.0,21.84393928229245,477.1576833684792,3.5394179777780366,12.527479621418365,0.0,0.0,0.9201314937723611,0.6894940892232571,0.8897687155803228,0.3472146880368717,0.0,18.0,1.0,19.0,0.0,34.0,1.0,35.0,1.0,51.0,1.0,52.0,0.0,0.0,0.0,0.0,0.0,0.0
confirmation-20260916T173933Z-48f95d,2024_04_WAS_ARI,2024-09-28 20:05:00+00:00,2024,4,ARI,WAS,2024-09-29 20:05:00+00:00,M1_ridge_alpha100,historical_reconstruction,kickoff_minus_24h,25.89886732240484,22.344030018109855,25.90834237573817,22.372686984558307,3.5356553911798656,48.28102936029647,0.5912718376136494,0.029118335558926452,0.37960982682742406,0.6090050510471205,1.6420225058570606,2.5575777965369952,-155.75777965369943,155.75777965369954,-3.5356553911798656,-3.5,0.5016020431775119,0.0,0.4983979568224881,48.0,0.49250553948419773,0.02928901313744839,0.4782054473783539,0.010623711724226301,2.220446049250313e-15,100,0,negative_latent_mass=0.0106 exceeds 0.01,,1,1,b8eb3c94eb3388ec3f3ff44dda35e9130178f1d32a5f2a459ddc134106dcbcb5,b7a8fd6d3b282691ecd59299f76b860a8be26f51d7febaf57f7dd1bbd7edede6,False,-5,12,39,57,-13,20,31,66,-22,29,22,75,0.029118335558926452,0.03012914843955467,0.026672578457421946,0.02916558259388186,0.021947376458374933,0.5000183960507445,14,42,24.172580385482085,4.893176436283193,15.767827695589931,263.5200171719641,-28.0,56.0,31.535655391179866,994.4975609512517,7.718970639703528,59.582507736605095,0.0,0.0,0.968611325259454,0.7353342303898428,0.9390606373592937,0.3708871522009059,0.0,17.0,1.0,18.0,0.0,33.0,1.0,35.0,0.0,51.0,1.0,53.0,0.0,0.0,0.0,0.0,0.0,1.0
confirmation-20260916T173933Z-48f95d,2024_05_ARI_SF,2024-10-05 20:05:00+00:00,2024,5,SF,ARI,2024-10-06 20:05:00+00:00,M1_ridge_alpha100,historical_reconstruction,kickoff_minus_24h,27.202353659978243,19.59564775113581,27.208346850481032,19.661483926788307,7.546862923692721,46.869830777269335,0.7043692285234167,0.025612308031899046,0.2700184634446842,0.7228839550515135,1.3833478983894987,3.608596536465045,-260.8596536465044,260.8596536465045,-7.546862923692721,-7.5,0.5030013220500212,0.0,0.49699867794997876,47.0,0.47958141184363046,0.029316543007489915,0.4911020451488796,0.01857693265022527,6.8833827526759706e-15,100,0,negative_latent_mass=0.0186 exceeds 0.01,,1,1,b8eb3c94eb3388ec3f3ff44dda35e9130178f1d32a5f2a459ddc134106dcbcb5,b7a8fd6d3b282691ecd59299f76b860a8be26f51d7febaf57f7dd1bbd7edede6,False,-1,16,38,56,-9,24,30,64,-18,33,21,73,0.025612308031899046,0.028391062960704976,0.021871916345985266,0.030157395606236974,0.01640702342129888,0.500025108112037,23,24,5.2358504964228825,3.1719621888420835,4.2734314618463625,18.266452465734915,-1.0,47.0,8.546862923692721,73.04886583639329,0.13016922273066456,0.01694402654630536,0.0,0.0,1.3092649391933218,1.0296650441250539,1.283318925691413,0.5225612124709186,1.0,17.0,1.0,18.0,1.0,33.0,1.0,34.0,1.0,51.0,1.0,52.0,0.0,0.0,0.0,0.0,0.0,0.0
confirmation-20260916T173933Z-48f95d,2024_05_BAL_CIN,2024-10-05 17:00:00+00:00,2024,5,CIN,BAL,2024-10-06 17:00:00+00:00,M1_ridge_alpha100,historical_reconstruction,kickoff_minus_24h,23.347968404111768,24.90904778625969,23.370126543187137,24.92141012814489,-1.5512835849577469,48.29153667133202,0.4380862275830637,0.029977864751512782,0.5319359076654235,0.45162498015660296,2.2142265019380583,1.823569571578181,121.42265019380582,-121.42265019380581,1.5512835849577469,1.5,0.49818792871066364,0.0,0.5018120712893364,48.5,0.4929080684972139,0.0,0.5070919315027861,0.009737449588165813,5.551115123125783e-16,100,0,,,1,1,b8eb3c94eb3388ec3f3ff44dda35e9130178f1d32a5f2a459ddc134106dcbcb5,b7a8fd6d3b282691ecd59299f76b860a8be26f51d7febaf57f7dd1bbd7edede6,False,-10,7,39,57,-18,15,31,66,-27,24,22,75,0.029977864751512782,0.02841476626984439,0.029977340520499267,0.024470296799520147,0.027726481331517686,0.5000186148189072,38,41,3.1483464461332917,23.167641213253688,15.354231664333987,236.27712481483965,-3.0,79.0,1.4487164150422531,2.098779251212878,30.708463328667982,943.0097200081462,0.0,0.0,0.6312322712112193,0.4119022097060108,0.6007958833099434,0.203965122701452,1.0,17.0,0.0,18.0,1.0,33.0,0.0,35.0,1.0,51.0,0.0,53.0,0.0,0.0,1.0,0.0,0.0,0.0
confirmation-20260916T173933Z-48f95d,2024_05_BUF_HOU,2024-10-05 17:00:00+00:00,2024,5,HOU,BUF,2024-10-06 17:00:00+00:00,M1_ridge_alpha100,historical_reconstruction,kickoff_minus_24h,20.50717936762323,23.802641961687808,20.560295864384052,23.820545902549746,-3.2602500381656885,44.380841766933806,0.38705436631729384,0.02935147150579827,0.5835941621769078,0.39875851552337255,2.507783435514838,1.6632252195147286,150.77834355148377,-150.7783435514838,3.2602500381656885,3.5,0.5063149961865367,0.0,0.49368500381346325,44.5,0.49453648411496,0.0,0.50546351588504,0.01873712903750716,0.0,100,0,negative_latent_mass=0.0187 exceeds 0.01,,1,1,b8eb3c94eb3388ec3f3ff44dda35e9130178f1d32a5f2a459ddc134106dcbcb5,b7a8fd6d3b282691ecd59299f76b860a8be26f51d7febaf57f7dd1bbd7edede6,False,-12,6,35,53,-20,14,27,62,-29,22,18,71,0.02935147150579827,0.026940030361270736,0.03016847063715805,0.02230765672256163,0.02905047006750447,0.5000558631143882,23,20,4.252917009874995,3.222536630282553,3.130125019082847,10.274363631415607,3.0,43.0,6.2602500381656885,39.190730540353506,1.3808417669338056,1.9067239853088742,0.0,1.0,0.949190114378913,0.7171460048572169,0.9193992695666011,0.3614913226556586,1.0,18.0,1.0,18.0,1.0,34.0,1.0,35.0,1.0,51.0,1.0,53.0,0.0,1.0,0.0,0.0,0.0,0.0
confirmation-20260916T173933Z-48f95d,2024_05_CAR_CHI,2024-10-05 17:00:00+00:00,2024,5,CHI,CAR,2024-10-06 17:00:00+00:00,M1_ridge_alpha100,historical_reconstruction,kickoff_minus_24h,21.277126945634848,15.70522000368618,21.31934776748976,15.894965936187162,5.424381831302594,37.21431370367692,0.6488131813479068,0.028384497043261153,0.32280232160883204,0.6677674238147631,1.4975273790495618,3.0099396377146594,-200.99396377146593,200.99396377146593,-5.424381831302594,-5.5,0.500846491312202,0.0,0.49915350868779795,37.0,0.4858363172176364,0.029510736011002667,0.4846529467713609,0.05387536356877333,-2.220446049250313e-16,100,0,negative_latent_mass=0.0539 exceeds 0.01,,1,1,b8eb3c94eb3388ec3f3ff44dda35e9130178f1d32a5f2a459ddc134106dcbcb5,b7a8fd6d3b282691ecd59299f76b860a8be26f51d7febaf57f7dd1bbd7edede6,False,-3,14,28,46,-11,22,20,54,-20,30,12,64,0.028384497043261153,0.029752467656120548,0.024524751883771793,0.030273213306965727,0.019303651359892017,0.5003553381299968,36,10,13.82736851135471,5.430586819505331,10.287809084348702,125.13608668035745,26.0,46.0,20.575618168697407,423.35606302403085,8.785686296323078,77.18828369739913,0.0,1.0,0.4326104598831393,0.22833920010342895,0.40381533401199277,0.11037848467867926,0.0,17.0,1.0,18.0,0.0,33.0,1.0,34.0,1.0,50.0,1.0,52.0,0.0,0.0,0.0,0.0,0.0,1.0
confirmation-20260916T173933Z-48f95d,2024_05_CLE_WAS,2024-10-05 17:00:00+00:00,2024,5,WAS,CLE,2024-10-06 17:00:00+00:00,M1_ridge_alpha100,historical_reconstruction,kickoff_minus_24h,24.849752582038057,20.369826606472056,24.863290859335986,20.42228449038247,4.441006368953511,45.28557534971846,0.6181598034287007,0.028564081624517235,0.35327611494678207,0.6363361614860193,1.5714964204843018,2.7497922369357495,-174.97922369357494,174.97922369357494,-4.441006368953511,-4.5,0.4992446298332772,0.0,0.5007553701667228,45.0,0.49189090452916484,0.02930853101467564,0.47880056445615954,0.017496747978804683,7.771561172376096e-16,100,0,negative_latent_mass=0.0175 exceeds 0.01,,1,1,b8eb3c94eb3388ec3f3ff44dda35e9130178f1d32a5f2a459ddc134106dcbcb5,b7a8fd6d3b282691ecd59299f76b860a8be26f51d7febaf57f7dd1bbd7edede6,False,-4,13,36,54,-12,21,28,63,-21,30,19,72,0.028564081624517235,0.029982197226767527,0.025710248432585486,0.02965727217219769,0.02071892483086381,0.5000430271046468,34,13,10.414501265243054,3.2649081465318925,8.279496815523242,69.28488048863275,21.0,47.0,16.55899363104649,274.20027007303827,1.7144246502815434,2.9392518814929924,0.0,1.0,0.48100827335106666,0.27142185586855255,0.45202829948279993,0.1322513874427226,0.0,17.0,1.0,18.0,1.0,33.0,1.0,35.0,1.0,51.0,1.0,53.0,0.0,0.0,0.0,0.0,0.0,0.0
confirmation-20260916T173933Z-48f95d,2024_05_DAL_PIT,2024-10-06 00:20:00+00:00,2024,5,PIT,DAL,2024-10-07 00:20:00+00:00,M1_ridge_alpha100,historical_reconstruction,kickoff_minus_24h,21.813555736655886,21.72848941477629,21.849419777109432,21.7632276481609,0.08619212894853057,43.61264742527032,0.48741057117729303,0.030305824471243747,0.4822836043514632,0.5026435998870645,1.989481215367475,2.0106306056842302,-101.06306056842307,101.06306056842304,-0.08619212894853057,0.0,0.48741057117729303,0.030305824471243747,0.4822836043514632,43.5,0.5013283683719356,0.0,0.4986716316280644,0.018857263653806466,-2.220446049250313e-16,100,0,negative_latent_mass=0.0189 exceeds 0.01,,1,1,b8eb3c94eb3388ec3f3ff44dda35e9130178f1d32a5f2a459ddc134106dcbcb5,b7a8fd6d3b282691ecd59299f76b860a8be26f51d7febaf57f7dd1bbd7edede6,False,-9,9,34,53,-17,17,26,61,-26,26,17,70,0.030305824471243747,0.029453152565298995,0.029368522405735297,0.026354096355090725,0.026178099481468507,0.5000713012304547,17,20,3.3663604050833973,4.405715928802747,3.306323712635166,13.312921956929555,-3.0,37.0,3.0861921289485306,9.524581856783863,6.612647425270318,43.72710597093416,0.0,0.0,0.7292229471948446,0.5065177742155691,0.6984484070379694,0.25265058850742744,1.0,18.0,1.0,19.0,1.0,34.0,1.0,35.0,1.0,52.0,1.0,53.0,0.0,0.0,1.0,0.0,0.0,0.0
confirmation-20260916T173933Z-48f95d,2024_05_GB_LA,2024-10-05 20:25:00+00:00,2024,5,LA,GB,2024-10-06 20:25:00+00:00,M1_ridge_alpha100,historical_reconstruction,kickoff_minus_24h,22.24317221937018,24.248134568489117,22.274582172049275,24.263579917988263,-1.9889977459389785,46.53816209003754,0.4248879264434613,0.029871004128183134,0.5452410694283556,0.43797054644432226,2.283258561833739,1.779266182000788,128.3258561833739,-128.32585618337393,1.9889977459389785,2.0,0.4848275117065427,0.03015826739620839,0.4850142208972489,46.5,0.49979286399418854,0.0,0.5002071360058115,0.012883269769920444,2.220446049250313e-16,100,0,negative_latent_mass=0.0129 exceeds 0.01,,1,1,b8eb3c94eb3388ec3f3ff44dda35e9130178f1d32a5f2a459ddc134106dcbcb5,b7a8fd6d3b282691ecd59299f76b860a8be26f51d7febaf57f7dd1bbd7edede6,False,-11,7,37,56,-19,15,29,64,-28,24,20,73,0.029871004128183134,0.028077128624582504,0.030076605580351592,0.023939371317836276,0.028108166830518012,0.5000309132619689,19,24,3.3538789553409183,3.5314544699921355,1.769081045018769,5.396181387334823,-5.0,43.0,3.0110022540610215,9.066134573960552,3.538162090037538,12.5185909753788,0.0,0.0,0.6065272528912863,0.38822771185971583,0.5762010219996613,0.19181819955273824,1.0,18.0,1.0,19.0,1.0,34.0,1.0,35.0,1.0,52.0,1.0,53.0,0.0,0.0,0.0,0.0,0.0,0.0
confirmation-20260916T173933Z-48f95d,2024_05_IND_JAX,2024-10-05 17:00:00+00:00,2024,5,JAX,IND,2024-10-06 17:00:00+00:00,M1_ridge_alpha100,historical_reconstruction,kickoff_minus_24h,20.252612867860435,21.558159894774526,20.30984947726122,21.59477504171449,-1.2849255644532747,41.9046245189757,0.4456064424721733,0.030252776811276083,0.5241407807165506,0.45950783030543746,2.176241478486437,1.8501655640360337,117.62414784864372,-117.62414784864373,1.2849255644532747,1.5,0.5060312427133709,0.0,0.49396875728662915,42.0,0.47996022677109984,0.029320728502367503,0.49071904472653266,0.024363679176624436,-2.220446049250313e-16,100,0,negative_latent_mass=0.0244 exceeds 0.01,,1,1,b8eb3c94eb3388ec3f3ff44dda35e9130178f1d32a5f2a459ddc134106dcbcb5,b7a8fd6d3b282691ecd59299f76b860a8be26f51d7febaf57f7dd1bbd7edede6,False,-10,8,33,51,-18,16,25,59,-27,24,16,69,0.030252776811276083,0.028632940757443243,0.02995022509558849,0.02482576834472669,0.027572434203802048,0.500112436462187,37,34,3.63062388613789,21.647381123273956,14.547687740512144,216.22536536867364,3.0,71.0,4.284925564453275,18.360587092905213,29.0953754810243,846.5408743817899,0.0,1.0,0.8083191325019147,0.5829910051433077,0.7775992964057198,0.29213178550113583,1.0,18.0,0.0,18.0,1.0,34.0,0.0,34.0,1.0,51.0,0.0,53.0,0.0,1.0,0.0,0.0,0.0,0.0
confirmation-20260916T173933Z-48f95d,2024_05_LV_DEN,2024-10-05 20:05:00+00:00,2024,5,DEN,LV,2024-10-06 20:05:00+00:00,M1_ridge_alpha100,historical_reconstruction,kickoff_minus_24h,18.21840216852342,16.58700028996244,18.32019938052507,16.73807072092595,1.5821286595991229,35.05827010145102,0.5333469026089951,0.03132165973768915,0.4353314376533158,0.5505923694593695,1.8162256788663944,2.225151359350564,-122.5151359350564,122.51513593505639,-1.5821286595991229,-1.5,0.5030721156893375,0.0,0.4969278843106625,35.0,0.4805387503152999,0.029495278212123232,0.48996597147257687,0.05911365104043785,-4.440892098500626e-16,100,0,negative_latent_mass=0.0591 exceeds 0.01,,1,1,b8eb3c94eb3388ec3f3ff44dda35e9130178f1d32a5f2a459ddc134106dcbcb5,b7a8fd6d3b282691ecd59299f76b860a8be26f51d7febaf57f7dd1bbd7edede6,False,-7,10,26,44,-15,18,18,52,-24,26,10,62,0.03132165973768915,0.030201949491325777,0.02853464879470552,0.028087393927174072,0.024612731125776346,0.5006315764386184,34,18,8.807082223351214,10.801129687102858,8.470864949274489,123.72430648593536,16.0,52.0,14.417871340400877,207.87501398835298,16.941729898548978,287.02221195538834,0.0,1.0,0.6285832173541606,0.40825962028264506,0.5967605449614348,0.20196721838814383,0.0,17.0,0.0,18.0,1.0,33.0,1.0,34.0,1.0,50.0,1.0,52.0,0.0,0.0,0.0,0.0,0.0,1.0
confirmation-20260916T173933Z-48f95d,2024_05_MIA_NE,2024-10-05 17:00:00+00:00,2024,5,NE,MIA,2024-10-06 17:00:00+00:00,M1_ridge_alpha100,historical_reconstruction,kickoff_minus_24h,17.631887286347876,17.38531474680235,17.75123843812539,17.507480122833005,0.24375831529238745,35.2587185609584,0.49168774785628555,0.03148430130860533,0.47682795083510915,0.5076714280631972,1.969777979854158,2.031163854793225,-103.1163854793225,103.11638547932249,-0.24375831529238745,0.0,0.49168774785628555,0.03148430130860533,0.4768279508351091,35.0,0.4866765052010167,0.02948595894719532,0.483837535851788,0.056847718816786554,-2.220446049250313e-16,100,0,negative_latent_mass=0.0568 exceeds 0.01,,1,1,b8eb3c94eb3388ec3f3ff44dda35e9130178f1d32a5f2a459ddc134106dcbcb5,b7a8fd6d3b282691ecd59299f76b860a8be26f51d7febaf57f7dd1bbd7edede6,False,-9,9,26,44,-16,17,18,52,-25,25,10,62,0.03148430130860533,0.029690676514117918,0.029443373272611924,0.026738132166067394,0.026221279095031996,0.5006042057483501,10,15,3.8722017243944915,6.006949217734217,5.129359280479198,33.184576945537586,-5.0,25.0,5.2437583152923875,27.49700126919806,10.2587185609584,105.24130651295238,0.0,0.0,0.7405995432312525,0.5164570956482682,0.7086089562486326,0.257730278871726,1.0,18.0,0.0,18.0,1.0,33.0,1.0,34.0,1.0,50.0,1.0,52.0,0.0,0.0,0.0,0.0,0.0,0.0
confirmation-20260916T173933Z-48f95d,2024_05_NO_KC,2024-10-07 00:15:00+00:00,2024,5,KC,NO,2024-10-08 00:15:00+00:00,M1_ridge_alpha100,historical_reconstruction,kickoff_minus_24h,21.237607756326412,21.806627179318323,21.28033470358013,21.840533784607572,-0.5601990810274486,43.120868488187696,0.46771220771493704,0.030301376713928317,0.5019864155711347,0.48232739171060657,2.07328055007084,1.9317228379234084,107.32805500708402,-107.32805500708402,0.5601990810274486,0.5,0.49801358442886534,0.0,0.5019864155711347,43.0,0.4867525087831557,0.029312422110032835,0.4839350691068115,0.020303424633730395,-2.220446049250313e-16,100,0,negative_latent_mass=0.0203 exceeds 0.01,,1,1,b8eb3c94eb3388ec3f3ff44dda35e9130178f1d32a5f2a459ddc134106dcbcb5,b7a8fd6d3b282691ecd59299f76b860a8be26f51d7febaf57f7dd1bbd7edede6,False,-9,8,34,52,-17,16,26,61,-26,25,17,70,0.030301376713928317,0.029101506542510074,0.029677628125546744,0.025654812685512417,0.02685576454453621,0.5000813952967319,26,13,8.200765074595111,3.6486866351738203,6.780099540513721,50.21513905350897,13.0,39.0,13.560199081027449,183.87899911709766,4.120868488187696,16.98155709693835,0.0,1.0,0.7599021129981703,0.5362388286644216,0.7291321595937242,0.2679849293731438,0.0,17.0,1.0,18.0,1.0,33.0,1.0,35.0,1.0,51.0,1.0,53.0,0.0,0.0,0.0,0.0,0.0,0.0
confirmation-20260916T173933Z-48f95d,2024_05_NYG_SEA,2024-10-05 20:25:00+00:00,2024,5,SEA,NYG,2024-10-06 20:25:00+00:00,M1_ridge_alpha100,historical_reconstruction,kickoff_minus_24h,22.46163807149746,18.715494593158756,22.490980434308394,18.800159036862865,3.690821397445526,41.291139471171256,0.5967434399057339,0.029254300233527635,0.37400225986073843,0.6147268435485107,1.6267387873083596,2.5955610539036162,-159.55610539036152,159.55610539036164,-3.690821397445526,-3.5,0.5070980880354411,0.0,0.4929019119645589,41.0,0.49080328597760736,0.029349477890795412,0.47984723613159724,0.028856840944307516,-2.220446049250313e-16,100,0,negative_latent_mass=0.0289 exceeds 0.01,,1,1,b8eb3c94eb3388ec3f3ff44dda35e9130178f1d32a5f2a459ddc134106dcbcb5,b7a8fd6d3b282691ecd59299f76b860a8be26f51d7febaf57f7dd1bbd7edede6,False,-5,13,32,50,-13,20,24,59,-22,29,15,68,0.029254300233527635,0.030161744107900713,0.02651408347010552,0.029368753871015642,0.021742984105841398,0.5001297444104633,20,29,7.62880700996068,4.907727728077584,6.345410698722764,55.120869598698754,-9.0,49.0,12.690821397445525,161.0569477418612,7.708860528828744,59.426530652933785,0.0,0.0,0.9834934391774689,0.748831717812144,0.9538026989919629,0.37788909217911515,0.0,18.0,1.0,18.0,1.0,33.0,1.0,35.0,1.0,51.0,1.0,53.0,0.0,0.0,0.0,0.0,0.0,0.0
confirmation-20260916T173933Z-48f95d,2024_05_NYJ_MIN,2024-10-05 13:30:00+00:00,2024,5,MIN,NYJ,2024-10-06 13:30:00+00:00,M1_ridge_alpha100,historical_reconstruction,kickoff_minus_24h,20.88610272482346,17.20603866845769,20.93357691379977,17.334235541533968,3.599341372265804,38.26781245533374,0.594625131877232,0.029636631931789805,0.3757382361909783,0.6127860463869383,1.6318909444758454,2.5825515601105846,-158.2551560110585,158.25515601105846,-3.599341372265804,-3.5,0.5047622322130704,0.0,0.49523776778692963,38.0,0.48860342903847265,0.029418766892209208,0.4819778040693181,0.042533691912196483,-4.440892098500626e-16,100,0,negative_latent_mass=0.0425 exceeds 0.01,,1,1,b8eb3c94eb3388ec3f3ff44dda35e9130178f1d32a5f2a459ddc134106dcbcb5,b7a8fd6d3b282691ecd59299f76b860a8be26f51d7febaf57f7dd1bbd7edede6,True,-5,12,29,47,-13,20,21,56,-22,29,13,65,0.029636631931789805,0.030231479714811892,0.026619994564839315,0.02942908542852905,0.0218790963932968,0.5002828911616426,23,17,3.2251953402443623,3.2574496799466712,1.2003293138670994,2.1909088842028965,6.0,40.0,2.400658627734196,5.763161846914634,1.7321875446662602,3.000473689896927,0.0,1.0,0.5198241024475307,0.3063863357937193,0.4897394310713034,0.14993464587265826,1.0,17.0,1.0,18.0,1.0,33.0,1.0,35.0,1.0,51.0,1.0,52.0,0.0,0.0,0.0,0.0,0.0,1.0
confirmation-20260916T173933Z-48f95d,2024_05_TB_ATL,2024-10-03 00:15:00+00:00,2024,5,ATL,TB,2024-10-04 00:15:00+00:00,M1_ridge_alpha100,historical_reconstruction,kickoff_minus_24h,18.68891232036181,20.56549501541802,18.778313242433537,20.61498231041746,-1.8366690679839248,39.393295552850994,0.4284961697058943,0.030328227543296386,0.5411756027508093,0.4418981575799422,2.262964854790311,1.7917876702642126,126.29648547903112,-126.29648547903112,1.8366690679839248,2.0,0.48896890948913296,0.03022238821061348,0.4808087023002536,39.5,0.4931345334082725,0.0,0.5068654665917275,0.034625361257981435,-2.220446049250313e-16,100,0,negative_latent_mass=0.0346 exceeds 0.01,,1,1,b8eb3c94eb3388ec3f3ff44dda35e9130178f1d32a5f2a459ddc134106dcbcb5,b7a8fd6d3b282691ecd59299f76b860a8be26f51d7febaf57f7dd1bbd7edede6,False,-11,7,30,48,-19,15,22,57,-27,24,14,66,0.030328227543296386,0.028236498892937615,0.030129775838941192,0.02417865141695843,0.028127993044691154,0.5002155315178991,36,30,4.888305511458177,19.292739207677336,13.303352223574501,192.33252590475863,6.0,66.0,7.836669067983925,61.41338208109604,26.606704447149006,707.9167215379388,0.0,1.0,0.8474734798269746,0.6204074624394537,0.8166758361685896,0.311477666512663,1.0,18.0,0.0,18.0,1.0,34.0,0.0,35.0,1.0,51.0,1.0,52.0,0.0,0.0,0.0,0.0,0.0,1.0
confirmation-20260916T173933Z-48f95d,2024_06_ARI_GB,2024-10-12 17:00:00+00:00,2024,6,GB,ARI,2024-10-13 17:00:00+00:00,M1_ridge_alpha100,historical_reconstruction,kickoff_minus_24h,25.45460566610239,20.40986190579806,25.46564051404122,20.461699317015395,5.003941197025823,45.92733983105661,0.6343363230988395,0.028113047389892787,0.3375506295112678,0.6526852957489149,1.5321319577953163,2.8792331213165894,-187.92331213165895,187.92331213165895,-5.003941197025823,-5.0,0.4861134428972649,0.030178034408140066,0.4837085226945951,46.0,0.4814831153270631,0.029307513308751,0.4892093713641859,0.0166850757919285,1.3322676295501878e-15,100,0,negative_latent_mass=0.0167 exceeds 0.01,,1,1,b8eb3c94eb3388ec3f3ff44dda35e9130178f1d32a5f2a459ddc134106dcbcb5,b7a8fd6d3b282691ecd59299f76b860a8be26f51d7febaf57f7dd1bbd7edede6,False,-4,14,37,55,-12,22,29,63,-21,31,20,73,0.028113047389892787,0.029808996635490626,0.025072134490449496,0.029865920266976813,0.019943924026376698,0.5000354404125948,34,13,9.971845539369221,3.210412683211813,7.998029401487088,64.25612426656132,21.0,47.0,15.996058802974176,255.87389722820762,1.0726601689433934,1.1505998380376694,0.0,1.0,0.45517598712478496,0.24844069552187587,0.4266602019401975,0.12062750378901872,0.0,18.0,1.0,18.0,1.0,34.0,1.0,34.0,1.0,52.0,1.0,53.0,0.0,0.0,0.0,0.0,0.0,0.0
confirmation-20260916T173933Z-48f95d,2024_06_ATL_CAR,2024-10-12 20:25:00+00:00,2024,6,CAR,ATL,2024-10-13 20:25:00+00:00,M1_ridge_alpha100,historical_reconstruction,kickoff_minus_24h,17.188633751325263,22.86143899052451,17.322958869273098,22.8857482781929,-5.562789408919814,40.208707147466,0.3202602075406734,0.027866917810431203,0.6518728746488954,0.3294407045785751,3.0354476119737943,1.491292428317666,203.54476119737942,-203.54476119737942,5.562789408919814,5.5,0.4954716895051774,0.0,0.5045283104948226,40.0,0.4873279359963325,0.02940849196073075,0.48326357204293674,0.03818855892808383,0.0,100,0,negative_latent_mass=0.0382 exceeds 0.01,,1,1,b8eb3c94eb3388ec3f3ff44dda35e9130178f1d32a5f2a459ddc134106dcbcb5,b7a8fd6d3b282691ecd59299f76b860a8be26f51d7febaf57f7dd1bbd7edede6,False,-14,3,31,49,-22,11,23,58,-31,20,15,67,0.027866917810431203,0.024361924316869243,0.029627746848119637,0.019116795432447473,0.030171445866289177,0.5001628701452097,20,38,7.3941812820456665,11.428346612546488,8.895646426267001,117.80357716287624,-18.0,58.0,12.437210591080186,154.68420728687715,17.791292852534,316.53010136462734,0.0,0.0,0.42790571359844326,0.2245356610474722,0.39964314553751784,0.10853117783322799,0.0,17.0,0.0,18.0,1.0,33.0,1.0,35.0,1.0,51.0,1.0,52.0,0.0,0.0,0.0,0.0,0.0,1.0
confirmation-20260916T173933Z-48f95d,2024_06_BUF_NYJ,2024-10-14 00:15:00+00:00,2024,6,NYJ,BUF,2024-10-15 00:15:00+00:00,M1_ridge_alpha100,historical_reconstruction,kickoff_minus_24h,17.70056528596421,22.26630167641118,17.81773232109073,22.295669371909003,-4.477937050818273,40.11340169299974,0.35074071336634804,0.02879040434252003,0.620468882291132,0.36113802307410997,2.7690244064795904,1.5652833258473968,176.90244064795905,-176.902440647959,4.477937050818273,4.5,0.49856909190848275,0.0,0.5014309080915172,40.0,0.48478769350178563,0.02938600436400306,0.4858263021342113,0.035819126029959965,0.0,100,0,negative_latent_mass=0.0358 exceeds 0.01,,1,1,b8eb3c94eb3388ec3f3ff44dda35e9130178f1d32a5f2a459ddc134106dcbcb5,b7a8fd6d3b282691ecd59299f76b860a8be26f51d7febaf57f7dd1bbd7edede6,False,-13,4,31,49,-21,12,23,57,-30,21,14,67,0.02879040434252003,0.025648264695162976,0.03002452151000149,0.02064416844950788,0.029808335939476786,0.5001715335987981,20,23,3.137509963074568,3.4245520947900867,1.4432991535001332,2.6291869280395543,-3.0,43.0,1.477937050818273,2.1842979261814146,2.8865983070002628,8.332449785976783,0.0,0.0,0.4772798250049393,0.2678918047042832,0.4480668464866817,0.1304206717098764,1.0,17.0,1.0,18.0,1.0,33.0,1.0,34.0,1.0,51.0,1.0,53.0,0.0,0.0,1.0,0.0,0.0,0.0
confirmation-20260916T173933Z-48f95d,2024_06_CIN_NYG,2024-10-13 00:20:00+00:00,2024,6,NYG,CIN,2024-10-14 00:20:00+00:00,M1_ridge_alpha100,historical_reconstruction,kickoff_minus_24h,21.164437529185477,23.28975747305557,21.208115982487513,23.310930475070087,-2.102814492582578,44.51904645755759,0.4213011245655214,0.029882745213656824,0.5488161302208218,0.43427856012962884,2.3026695117104277,1.7676544135027639,130.26695117104276,-130.26695117104276,2.102814492582578,2.0,0.48123848030505334,0.030166675260483167,0.4885948444344635,44.5,0.49874479004431016,0.0,0.5012552099556898,0.017348243792743422,-2.220446049250313e-16,100,0,negative_latent_mass=0.0173 exceeds 0.01,,1,1,b8eb3c94eb3388ec3f3ff44dda35e9130178f1d32a5f2a459ddc134106dcbcb5,b7a8fd6d3b282691ecd59299f76b860a8be26f51d7febaf57f7dd1bbd7edede6,False,-11,7,35,54,-19,15,27,62,-28,24,18,71,0.029882745213656824,0.027988052609942127,0.03010763396266068,0.0238039233829871,0.028224702155603763,0.5000546891087732,7,17,4.902023143575654,13.594837175260716,10.2595232287788,120.84920161649273,-10.0,24.0,7.897185507417422,62.365538938563766,20.519046457557593,421.0312675274068,0.0,0.0,0.5999918112006032,0.38195450037059175,0.5696534776333825,0.18859786778826365,1.0,18.0,0.0,19.0,1.0,34.0,0.0,35.0,1.0,52.0,1.0,53.0,0.0,0.0,0.0,0.0,0.0,1.0
confirmation-20260916T173933Z-48f95d,2024_06_CLE_PHI,2024-10-12 17:00:00+00:00,2024,6,PHI,CLE,2024-10-13 17:00:00+00:00,M1_ridge_alpha100,historical_reconstruction,kickoff_minus_24h,24.308158099848555,18.577959042455987,24.324368523932556,18.665960820580906,5.658407703351644,42.99032934451345,0.6535829327114281,0.027627081583820032,0.31878998570475187,0.6721525459347395,1.4877575128564517,3.050199071550339,-205.01990715503388,205.01990715503388,-5.658407703351644,-5.5,0.5065939693574659,0.0,0.4934060306425341,43.0,0.48226438435822205,0.029345124343405835,0.4883904912983721,0.026316540590810334,3.3306690738754696e-16,100,0,negative_latent_mass=0.0263 exceeds 0.01,,1,1,b8eb3c94eb3388ec3f3ff44dda35e9130178f1d32a5f2a459ddc134106dcbcb5,b7a8fd6d3b282691ecd59299f76b860a8be26f51d7febaf57f7dd1bbd7edede6,False,-3,15,34,52,-11,22,26,60,-20,31,17,70,0.027627081583820032,0.029556961146528282,0.02427439963471311,0.030103247583913282,0.019016020247856768,0.5000790559097614,20,16,3.162333406608145,4.5343271794575735,3.495164672256731,12.903755113825525,4.0,36.0,1.658407703351644,2.7503161105360743,6.990329344513448,48.86470434476581,0.0,1.0,0.4252858485199006,0.2223950951312899,0.39726996134116593,0.1074839531370731,1.0,18.0,1.0,18.0,1.0,33.0,1.0,34.0,1.0,51.0,1.0,53.0,0.0,0.0,0.0,0.0,0.0,1.0
confirmation-20260916T173933Z-48f95d,2024_06_DET_DAL,2024-10-12 20:25:00+00:00,2024,6,DAL,DET,2024-10-13 20:25:00+00:00,M1_ridge_alpha100,historical_reconstruction,kickoff_minus_24h,24.191057570513053,23.72388752193294,24.207905657131754,23.74226150762515,0.46564414950659927,47.95016716475691,0.4989861038290745,0.03017302235104879,0.4708408738198767,0.5145104387987985,1.9435951626844528,2.059776522333031,-105.9776522333031,105.9776522333031,-0.46564414950659927,-0.5,0.4989861038290745,0.0,0.5010138961709255,48.0,0.4828917743844664,0.029289457756770096,0.4878187678587635,0.00995868055386824,5.551115123125783e-16,100,0,,,1,1,b8eb3c94eb3388ec3f3ff44dda35e9130178f1d32a5f2a459ddc134106dcbcb5,b7a8fd6d3b282691ecd59299f76b860a8be26f51d7febaf57f7dd1bbd7edede6,False,-8,9,39,57,-16,17,31,65,-25,26,22,75,0.03017302235104879,0.029607914159845778,0.02913791482649536,0.026708607658942563,0.025729985078787546,0.5000207862977852,9,47,31.042173736727733,5.037886876437895,19.2328220747533,386.1013971279574,-38.0,56.0,38.4656441495066,1479.6057798364716,8.049832835243087,64.79980867535777,0.0,0.0,0.7532350895652341,0.5299069239120284,0.7225974926122881,0.2647209916329322,0.0,17.0,1.0,18.0,0.0,33.0,1.0,34.0,0.0,51.0,1.0,53.0,0.0,0.0,0.0,0.0,0.0,1.0
confirmation-20260916T173933Z-48f95d,2024_06_HOU_NE,2024-10-12 17:00:00+00:00,2024,6,NE,HOU,2024-10-13 17:00:00+00:00,M1_ridge_alpha100,historical_reconstruction,kickoff_minus_24h,16.881506981504117,20.005517016410277,17.02714660585829,20.063933534816872,-3.0367869289585814,37.09108014067516,0.3916930921479751,0.030163020625634505,0.5781438872263904,0.40387518776676606,2.4760124669443426,1.6775010525962635,147.60124669443422,-147.60124669443428,3.0367869289585814,3.0,0.4819054077762561,0.03030576789433299,0.4877888243294109,37.0,0.4826984057460312,0.029444139820140137,0.48785745443382866,0.04852469798711829,-2.220446049250313e-16,100,0,negative_latent_mass=0.0485 exceeds 0.01,,1,1,b8eb3c94eb3388ec3f3ff44dda35e9130178f1d32a5f2a459ddc134106dcbcb5,b7a8fd6d3b282691ecd59299f76b860a8be26f51d7febaf57f7dd1bbd7edede6,False,-12,6,28,46,-20,14,20,54,-28,22,12,64,0.030163020625634505,0.027186513603380574,0.03030576789433299,0.02263602405545877,0.02914916525795204,0.5003781615109667,21,41,10.749948490219717,17.736944336239514,12.454459929662418,227.05122156295442,-20.0,62.0,16.96321307104142,287.75059769355045,24.90891985932484,620.4542885582674,0.0,0.0,0.5479325014520939,0.33229586613416495,0.5173052173426468,0.16311516729364053,0.0,18.0,0.0,18.0,1.0,34.0,0.0,34.0,1.0,50.0,1.0,52.0,0.0,0.0,0.0,0.0,0.0,1.0
confirmation-20260916T173933Z-48f95d,2024_06_IND_TEN,2024-10-12 17:00:00+00:00,2024,6,TEN,IND,2024-10-13 17:00:00+00:00,M1_ridge_alpha100,historical_reconstruction,kickoff_minus_24h,20.557356324148977,21.67365247430626,20.609692736470492,21.708985280242715,-1.0992925437722105,42.31867801671321,0.45127713594750984,0.030265858042046352,0.5184570060104438,0.4653617073194445,2.1488661062384247,1.8704234501913921,114.88661062384244,-114.88661062384244,1.0992925437722105,1.0,0.48154299398955625,0.030175200480606356,0.4882818055298374,42.0,0.49225740131299,0.02931814085222008,0.47842445783478993,0.02291598120520628,-2.220446049250313e-16,100,0,negative_latent_mass=0.0229 exceeds 0.01,,1,1,b8eb3c94eb3388ec3f3ff44dda35e9130178f1d32a5f2a459ddc134106dcbcb5,b7a8fd6d3b282691ecd59299f76b860a8be26f51d7febaf57f7dd1bbd7edede6,False,-10,8,33,51,-18,16,25,60,-27,25,16,69,0.030265858042046352,0.028760005949843605,0.029887264916739285,0.025042050716875694,0.027392218450405244,0.5001007854908563,17,20,3.184491850562022,3.964600372786658,2.6593390083566035,7.975256169907051,-3.0,37.0,1.9007074562277895,3.6126888341599144,5.318678016713207,28.288335845468335,0.0,0.0,0.6568981746918884,0.4364507306524344,0.6261648491845494,0.2165615186392683,1.0,18.0,1.0,18.0,1.0,34.0,1.0,35.0,1.0,52.0,1.0,53.0,0.0,0.0,1.0,0.0,0.0,0.0
confirmation-20260916T173933Z-48f95d,2024_06_JAX_CHI,2024-10-12 13:30:00+00:00,2024,6,CHI,JAX,2024-10-13 13:30:00+00:00,M1_ridge_alpha100,historical_reconstruction,kickoff_minus_24h,22.5878108107946,19.211971984507542,22.616015931696612,19.285501838760613,3.3305140929359935,41.901517770457225,0.5858972790745092,0.029430904094244613,0.3846718168312462,0.603663645943453,1.656551635533926,2.52310944924655,-152.31094492465502,152.31094492465502,-3.3305140929359935,-3.5,0.4959812341887109,0.0,0.5040187658112891,42.0,0.47968669997834523,0.029331598592802037,0.4909817014288527,0.026081853951427838,0.0,100,0,negative_latent_mass=0.0261 exceeds 0.01,,1,1,b8eb3c94eb3388ec3f3ff44dda35e9130178f1d32a5f2a459ddc134106dcbcb5,b7a8fd6d3b282691ecd59299f76b860a8be26f51d7febaf57f7dd1bbd7edede6,True,-6,12,33,51,-14,20,25,59,-22,29,16,68,0.029430904094244613,0.030187962025226424,0.02687956976059192,0.029139754439234177,0.022227750797085177,0.5001109374815711,35,16,9.724449936926618,5.554809467679125,7.834742953532,82.07879186824576,19.0,51.0,15.669485907064006,245.5327885916775,9.098482229542775,82.78237888130566,0.0,1.0,0.5346107964522319,0.32031964825795134,0.5047381137382936,0.15708250554683656,0.0,18.0,1.0,18.0,1.0,34.0,1.0,34.0,1.0,51.0,1.0,52.0,0.0,0.0,0.0,0.0,0.0,0.0
confirmation-20260916T173933Z-48f95d,2024_06_LAC_DEN,2024-10-12 20:05:00+00:00,2024,6,DEN,LAC,2024-10-13 20:05:00+00:00,M1_ridge_alpha100,historical_reconstruction,kickoff_minus_24h,18.52173764931422,15.236170599326952,18.61538124319415,15.449774029378373,3.1656072138157794,34.065155272572525,0.5824362518995692,0.030976631624506975,0.3865871164759238,0.60105490838264,1.663741508560123,2.5066106113648585,-150.66106113648578,150.66106113648584,-3.1656072138157794,-3.0,0.4918360671808081,0.030428644715405573,0.47773528810378635,34.0,0.4796138425168076,0.029586025918511064,0.49080013156468133,0.06973408832133851,-4.440892098500626e-16,100,0,negative_latent_mass=0.0697 exceeds 0.01,,1,1,b8eb3c94eb3388ec3f3ff44dda35e9130178f1d32a5f2a459ddc134106dcbcb5,b7a8fd6d3b282691ecd59299f76b860a8be26f51d7febaf57f7dd1bbd7edede6,False,-6,12,25,43,-13,20,17,51,-22,28,9,60,0.030976631624506975,0.030428644715405573,0.027118960145207434,0.029422507494421674,0.022520159261474777,0.5007868856588683,16,23,6.079764595904212,3.911357325402225,5.082803606907889,31.92306562735053,-7.0,39.0,10.165607213815779,103.3395700255834,4.934844727427475,24.352692483818746,0.0,0.0,0.9503980379677461,0.7164669049069406,0.9189314865561709,0.3612670028908637,0.0,18.0,1.0,18.0,1.0,33.0,1.0,34.0,1.0,50.0,1.0,51.0,0.0,0.0,0.0,0.0,1.0,0.0
confirmation-20260916T173933Z-48f95d,2024_06_PIT_LV,2024-10-12 20:05:00+00:00,2024,6,LV,PIT,2024-10-13 20:05:00+00:00,M1_ridge_alpha100,historical_reconstruction,kickoff_minus_24h,18.596140561065283,20.142653363596626,18.687874446969634,20.198759449919685,-1.510885002950042,38.88663389688932,0.4382756471754834,0.030492337163045,0.5312320156614716,0.45206001352584413,2.2120956733166808,1.8250173827150795,121.20956733166807,-121.20956733166807,1.510885002950042,1.5,0.49896000782251615,0.0,0.5010399921774839,38.5,0.5074000142553947,0.0,0.4925999857446053,0.036661493573822465,-2.220446049250313e-16,100,0,negative_latent_mass=0.0367 exceeds 0.01,,1,1,b8eb3c94eb3388ec3f3ff44dda35e9130178f1d32a5f2a459ddc134106dcbcb5,b7a8fd6d3b282691ecd59299f76b860a8be26f51d7febaf57f7dd1bbd7edede6,False,-10,7,30,48,-18,15,22,56,-27,24,13,65,0.030492337163045,0.028497737316449525,0.030065911498176733,0.02459169953689315,0.027861857060458194,0.5002459406490287,13,32,11.181932649892335,4.2852738257012115,8.744557498524975,85.81059712267503,-19.0,45.0,17.48911499704996,305.8691433800378,6.113366103110678,37.37324511066264,0.0,0.0,0.6325564121890559,0.41275874867356044,0.6015895117644805,0.20435825582898637,0.0,17.0,1.0,18.0,0.0,33.0,1.0,34.0,1.0,51.0,1.0,52.0,0.0,0.0,0.0,0.0,0.0,0.0
confirmation-20260916T173933Z-48f95d,2024_06_SF_SEA,2024-10-10 00:15:00+00:00,2024,6,SEA,SF,2024-10-11 00:15:00+00:00,M1_ridge_alpha100,historical_reconstruction,kickoff_minus_24h,21.836630046970207,25.182340498460036,21.87224110825802,25.19360161487516,-3.3213605066171414,47.06584272313319,0.3856325218075386,0.02925578556691356,0.5851116926255479,0.39725451470524353,2.5172778734610075,1.6590750563830052,151.72778734610074,-151.72778734610074,3.3213605066171414,3.5,0.5047244061307914,0.0,0.4952755938692086,47.0,0.48595992879040517,0.029296978120375915,0.4847430930892189,0.012798910890535949,6.661338147750939e-16,100,0,negative_latent_mass=0.0128 exceeds 0.01,,1,1,b8eb3c94eb3388ec3f3ff44dda35e9130178f1d32a5f2a459ddc134106dcbcb5,b7a8fd6d3b282691ecd59299f76b860a8be26f51d7febaf57f7dd1bbd7edede6,False,-12,6,38,56,-20,14,30,64,-29,22,21,74,0.02925578556691356,0.026881252777037547,0.030150047574095933,0.022226628843991215,0.029051947703889483,0.5000260087531896,24,36,5.269028338393051,7.7693796407130415,6.46707863843341,60.65280197970791,-12.0,60.0,8.678639493382859,75.31878345610468,12.934157276866813,167.29242446272673,0.0,0.0,0.5359525224095893,0.32170065046081686,0.5062602521276615,0.15781114945369856,1.0,18.0,0.0,18.0,1.0,34.0,1.0,34.0,1.0,51.0,1.0,53.0,0.0,0.0,0.0,0.0,0.0,1.0
confirmation-20260916T173933Z-48f95d,2024_06_TB_NO,2024-10-12 17:00:00+00:00,2024,6,NO,TB,2024-10-13 17:00:00+00:00,M1_ridge_alpha100,historical_reconstruction,kickoff_minus_24h,23.015265667524027,20.96999667618458,23.03990837521864,21.013815860941534,2.0260925142771047,44.05372423616017,0.5464114480694195,0.02992933243001224,0.4236592195005682,0.5632697352226637,1.7753483588190557,2.289742847361042,-128.9742847361042,128.9742847361042,-2.0260925142771047,-2.0,0.4861701879771013,0.030169920070721095,0.48365989195217757,44.0,0.48501281702985155,0.029308349490385088,0.48567883347976337,0.018290993725469724,0.0,100,0,negative_latent_mass=0.0183 exceeds 0.01,,1,1,b8eb3c94eb3388ec3f3ff44dda35e9130178f1d32a5f2a459ddc134106dcbcb5,b7a8fd6d3b282691ecd59299f76b860a8be26f51d7febaf57f7dd1bbd7edede6,False,-7,11,35,53,-15,19,27,61,-24,28,18,71,0.02992933243001224,0.0300973619589151,0.028057065235021012,0.028164303258453073,0.023909651537639437,0.5000627517205991,27,51,18.840889357706594,26.37617451629748,16.97313788191991,457.4267824490925,-24.0,78.0,26.026092514277103,677.3574915617106,33.94627576383983,1152.3496382346593,0.0,0.0,0.8588258745053686,0.6316299307877205,0.8284395175319329,0.3172727946178096,0.0,18.0,0.0,18.0,0.0,34.0,0.0,34.0,1.0,52.0,0.0,53.0,0.0,0.0,0.0,0.0,0.0,1.0
confirmation-20260916T173933Z-48f95d,2024_06_WAS_BAL,2024-10-12 17:00:00+00:00,2024,6,BAL,WAS,2024-10-13 17:00:00+00:00,M1_ridge_alpha100,historical_reconstruction,kickoff_minus_24h,28.85649960173319,23.770002922827093,28.85977288273248,23.788100322741517,5.071672559990965,52.647873205473985,0.6355610939887595,0.02800869129911425,0.33643021471212625,0.6538752849942847,1.5293436270629814,2.8891320285622712,-188.91320285622706,188.91320285622712,-5.071672559990965,-5.0,0.48750858454440416,0.030149300011229268,0.48234211544436656,52.5,0.5037207260772267,0.0,0.49627927392277327,0.006162221836371998,2.7644553313166398e-14,100,0,,,1,1,b8eb3c94eb3388ec3f3ff44dda35e9130178f1d32a5f2a459ddc134106dcbcb5,b7a8fd6d3b282691ecd59299f76b860a8be26f51d7febaf57f7dd1bbd7edede6,False,-4,14,43,62,-12,22,35,70,-21,31,26,79,0.02800869129911425,0.029775263403786837,0.02501317272980612,0.02983993453968913,0.019869623803857355,0.500004681254689,30,23,3.197787316958885,3.1828438224896676,0.9641637200045192,0.9606099988287427,7.0,53.0,1.9283274400090349,3.718446715891798,0.3521267945260149,0.12399327942316633,0.0,1.0,0.45324705766450407,0.24678549237420627,0.42483864143707384,0.11980231833778764,1.0,18.0,1.0,19.0,1.0,34.0,1.0,35.0,1.0,52.0,1.0,53.0,0.0,0.0,0.0,1.0,0.0,0.0
confirmation-20260916T173933Z-48f95d,2024_07_BAL_TB,2024-10-21 00:15:00+00:00,2024,7,TB,BAL,2024-10-22 00:15:00+00:00,M1_ridge_alpha100,historical_reconstruction,kickoff_minus_24h,25.515800105852,25.23628813721153,25.526606936346173,25.247342811660733,0.27926412468544637,50.773949748006906,0.4933420672414359,0.03015774095819728,0.4765001918003668,0.508682791084866,1.965861667675652,2.035344949972497,-103.53449499724965,103.5344949972497,-0.27926412468544637,-0.5,0.4933420672414359,0.0,0.5066579327585641,50.5,0.507394582146631,0.0,0.492605417853369,0.006399181794201737,2.4424906541753444e-15,100,0,,,1,1,b8eb3c94eb3388ec3f3ff44dda35e9130178f1d32a5f2a459ddc134106dcbcb5,b7a8fd6d3b282691ecd59299f76b860a8be26f51d7febaf57f7dd1bbd7edede6,False,-9,9,42,60,-17,17,33,68,-26,26,24,77,0.03015774095819728,0.029518816671102985,0.02923764109860137,0.026508638189068286,0.025923347679833945,0.5000088826698577,31,41,6.123928404375875,14.256026897942487,10.613025125996547,139.0521200612953,-10.0,72.0,10.279264124685447,105.66327094504527,21.226050251993094,450.5452093001361,0.0,0.0,0.7412871533688284,0.5183479338348079,0.7106653131155947,0.25875818194588945,0.0,18.0,0.0,18.0,1.0,34.0,0.0,35.0,1.0,52.0,1.0,53.0,0.0,0.0,0.0,0.0,0.0,1.0
confirmation-20260916T173933Z-48f95d,2024_07_CAR_WAS,2024-10-19 20:05:00+00:00,2024,7,WAS,CAR,2024-10-20 20:05:00+00:00,M1_ridge_alpha100,historical_reconstruction,kickoff_minus_24h,27.421181151406678,18.45073080823886,27.426721893861295,18.541922770749483,8.884799123111797,45.968644664610785,0.7389280306220775,0.024028615704868445,0.23704335367305412,0.7571205903293444,1.3207935601975955,4.1172695592269415,-311.72695592269423,311.7269559226941,-8.884799123111797,-9.0,0.4836039339438214,0.030228372777680795,0.4861676932784978,46.0,0.48185565715738665,0.029345698535050313,0.48879864430756303,0.024183779187995105,8.215650382226158e-15,100,0,negative_latent_mass=0.0242 exceeds 0.01,,1,1,b8eb3c94eb3388ec3f3ff44dda35e9130178f1d32a5f2a459ddc134106dcbcb5,b7a8fd6d3b282691ecd59299f76b860a8be26f51d7febaf57f7dd1bbd7edede6,False,0,18,37,55,-8,26,29,63,-17,34,20,73,0.024028615704868445,0.027251994098335605,0.020032936722180886,0.029870502674969154,0.014567262380651435,0.5000309225789624,40,7,17.021408818061566,3.2026689578143928,12.057600438444094,145.65165179012615,33.0,47.0,24.115200876888203,581.5429133326695,1.0313553353892146,1.0636938278357995,0.0,1.0,0.3025547502972773,0.12492549908812779,0.2782327379286693,0.05899040764196614,0.0,18.0,1.0,18.0,0.0,34.0,1.0,34.0,1.0,51.0,1.0,53.0,0.0,0.0,0.0,0.0,0.0,0.0
confirmation-20260916T173933Z-48f95d,2024_07_CIN_CLE,2024-10-19 17:00:00+00:00,2024,7,CLE,CIN,2024-10-20 17:00:00+00:00,M1_ridge_alpha100,historical_reconstruction,kickoff_minus_24h,17.93622264286902,24.698081470953852,18.046159435208605,24.711360468487772,-6.66520103327917,42.75751990369638,0.29148313289132033,0.026637969980310643,0.681878897128369,0.29946014319607694,3.339342555998285,1.427470529032146,233.93425559982848,-233.93425559982848,6.66520103327917,6.5,0.4925783410131396,0.0,0.5074216589868604,42.5,0.5043240444985393,0.0,0.4956759555014607,0.030231199766888022,3.3306690738754696e-16,100,0,negative_latent_mass=0.0302 exceeds 0.01,,1,1,b8eb3c94eb3388ec3f3ff44dda35e9130178f1d32a5f2a459ddc134106dcbcb5,b7a8fd6d3b282691ecd59299f76b860a8be26f51d7febaf57f7dd1bbd7edede6,False,-16,2,34,52,-23,10,26,60,-32,19,17,69,0.026637969980310643,0.02298650424812768,0.029003218041472125,0.017586064945205624,0.030251221561435327,0.500079972574548,14,21,3.0711662744745523,4.839416132923464,3.8787599518481883,15.072801351090694,-7.0,35.0,0.33479896672082976,0.11209034811733527,7.757519903696377,60.17911505624544,0.0,0.0,0.38290320709913556,0.18687303429707386,0.35590401717354525,0.08967637736301491,1.0,18.0,1.0,18.0,1.0,33.0,1.0,34.0,1.0,51.0,1.0,52.0,0.0,0.0,0.0,0.0,1.0,0.0
confirmation-20260916T173933Z-48f95d,2024_07_DEN_NO,2024-10-17 00:15:00+00:00,2024,7,NO,DEN,2024-10-18 00:15:00+00:00,M1_ridge_alpha100,historical_reconstruction,kickoff_minus_24h,21.40834829143654,19.340428515368103,21.448926965132614,19.411297962202667,2.037629002929947,40.86022492733529,0.5469899689775222,0.030113423981451528,0.4228966070410264,0.5639731309850208,1.7731341176722835,2.2934366459091904,-129.34366459091908,129.34366459091905,-2.037629002929947,-2.0,0.48669792187835004,0.030199590463855504,0.48310248765779445,41.0,0.47820609635311606,0.02933366316361965,0.4924602404832643,0.0284635421096575,-2.220446049250313e-16,100,0,negative_latent_mass=0.0285 exceeds 0.01,,1,1,b8eb3c94eb3388ec3f3ff44dda35e9130178f1d32a5f2a459ddc134106dcbcb5,b7a8fd6d3b282691ecd59299f76b860a8be26f51d7febaf57f7dd1bbd7edede6,False,-7,11,32,50,-15,19,24,58,-24,27,15,67,0.030113423981451528,0.030135975284270648,0.02806632373188803,0.028238868545817423,0.02392127447324728,0.5001481524335253,10,33,17.925422583823636,3.312779478631675,12.518814501464973,157.86537586248903,-23.0,43.0,25.037629002929947,626.8828660883588,2.139775072664712,4.578637361597273,0.0,0.0,0.8606275576121942,0.6331531706306769,0.8300514113507728,0.3180656924730474,0.0,18.0,1.0,18.0,0.0,34.0,1.0,34.0,1.0,51.0,1.0,52.0,0.0,0.0,0.0,0.0,0.0,0.0
confirmation-20260916T173933Z-48f95d,2024_07_DET_MIN,2024-10-19 17:00:00+00:00,2024,7,MIN,DET,2024-10-20 17:00:00+00:00,M1_ridge_alpha100,historical_reconstruction,kickoff_minus_24h,22.12529895379201,23.3744855368669,22.15787833546122,23.395083562249575,-1.2372052267883493,45.55296189771079,0.44736783768682653,0.030104484182317523,0.522527678130856,0.4612536406147496,2.1680045683048053,1.8561610349275943,116.80045683048053,-116.80045683048053,1.2372052267883493,1.5,0.5076253496010965,0.0,0.4923746503989035,45.5,0.5000515716898294,0.0,0.4999484283101706,0.014513278527541917,0.0,100,0,negative_latent_mass=0.0145 exceeds 0.01,,1,1,b8eb3c94eb3388ec3f3ff44dda35e9130178f1d32a5f2a459ddc134106dcbcb5,b7a8fd6d3b282691ecd59299f76b860a8be26f51d7febaf57f7dd1bbd7edede6,False,-10,8,36,55,-18,16,28,63,-27,24,19,72,0.030104484182317523,0.02864773390763546,0.029903226091365722,0.024854697718694842,0.02747135853167971,0.5000412619968007,29,31,3.100119070203571,8.812028250641138,7.223519051144603,52.32469144875877,-2.0,60.0,0.7627947732116507,0.5818558660390136,14.447038102289213,208.7169099289963,0.0,0.0,0.6490773240469183,0.4290240803155816,0.6185103951085886,0.21275492098036058,1.0,18.0,0.0,19.0,1.0,34.0,1.0,35.0,1.0,51.0,1.0,53.0,0.0,0.0,0.0,0.0,0.0,1.0
confirmation-20260916T173933Z-48f95d,2024_07_HOU_GB,2024-10-19 17:00:00+00:00,2024,7,GB,HOU,2024-10-20 17:00:00+00:00,M1_ridge_alpha100,historical_reconstruction,kickoff_minus_24h,25.56724292289841,19.87014601592539,25.577861427690657,19.930926118012856,5.6469353096778,45.50878754570351,0.6527097061740232,0.027566696912409424,0.3197235969135674,0.6712128267322734,1.489840420464536,3.041481180854079,-204.14811808540802,204.1481180854079,-5.6469353096778,-5.5,0.505758311053953,0.0,0.49424168894604703,45.5,0.4983045054289943,0.0,0.5016954945710057,0.018669962191749153,1.6653345369377348e-15,100,0,negative_latent_mass=0.0187 exceeds 0.01,,1,1,b8eb3c94eb3388ec3f3ff44dda35e9130178f1d32a5f2a459ddc134106dcbcb5,b7a8fd6d3b282691ecd59299f76b860a8be26f51d7febaf57f7dd1bbd7edede6,False,-3,15,36,55,-11,22,28,63,-20,31,19,72,0.027566696912409424,0.0295501726319818,0.024303504004010424,0.030054345732630765,0.019047086234869875,0.5000393024562728,24,22,3.4879910879479192,3.180448841897034,1.8234676548389004,3.385356707057674,2.0,46.0,3.6469353096778,13.30013715297471,0.4912124542964875,0.24128967525597883,0.0,1.0,0.42662280264714786,0.22359364938774323,0.39866901386234294,0.10810100530538204,1.0,18.0,1.0,19.0,1.0,33.0,1.0,35.0,1.0,51.0,1.0,53.0,0.0,0.0,0.0,0.0,0.0,1.0
confirmation-20260916T173933Z-48f95d,2024_07_KC_SF,2024-10-19 20:25:00+00:00,2024,7,SF,KC,2024-10-20 20:25:00+00:00,M1_ridge_alpha100,historical_reconstruction,kickoff_minus_24h,23.843588525399156,20.533431392706223,23.862465830166485,20.58339490552655,3.2790709246399303,44.44586073569304,0.5840288231128149,0.029342552413411965,0.3866286244737731,0.6016837603883076,1.6620026429741626,2.5105679873230193,-151.05679873230193,151.05679873230193,-3.2790709246399303,-3.5,0.49413262164804583,0.0,0.5058673783519542,44.5,0.49650373238117373,0.0,0.5034962676188263,0.018293876822134292,1.1102230246251565e-16,100,0,negative_latent_mass=0.0183 exceeds 0.01,,1,1,b8eb3c94eb3388ec3f3ff44dda35e9130178f1d32a5f2a459ddc134106dcbcb5,b7a8fd6d3b282691ecd59299f76b860a8be26f51d7febaf57f7dd1bbd7edede6,False,-6,12,35,54,-14,20,27,62,-22,29,18,71,0.029342552413411965,0.030166325582989966,0.026926577073078873,0.02905594985806132,0.022290169362992492,0.5000555181635512,18,28,8.016880724276028,3.249082371254357,6.639535462319968,44.68726836861957,-10.0,46.0,13.27907092463993,176.33372462161756,1.5541392643069614,2.4153488528605833,0.0,0.0,0.9502906733715775,0.7181750959236091,0.9205090173141516,0.36202334751501436,0.0,18.0,1.0,19.0,1.0,34.0,1.0,35.0,1.0,51.0,1.0,53.0,0.0,0.0,0.0,0.0,0.0,1.0
confirmation-20260916T173933Z-48f95d,2024_07_LAC_ARI,2024-10-21 01:00:00+00:00,2024,7,ARI,LAC,2024-10-22 01:00:00+00:00,M1_ridge_alpha100,historical_reconstruction,kickoff_minus_24h,20.871656239415543,20.19572694299559,20.91933527836132,20.250960999338826,0.6683742790224985,41.170296277700146,0.5051475497612952,0.03041584086033875,0.464436609378366,0.5209940209930064,1.9194078237097918,2.08765661354177,-108.76566135417691,108.76566135417697,-0.6683742790224985,-0.5,0.5051475497612952,0.0,0.49485245023870483,41.0,0.48750473125181093,0.029332304010394647,0.4831629647377944,0.02655211640273472,0.0,100,0,negative_latent_mass=0.0266 exceeds 0.01,,1,1,b8eb3c94eb3388ec3f3ff44dda35e9130178f1d32a5f2a459ddc134106dcbcb5,b7a8fd6d3b282691ecd59299f76b860a8be26f51d7febaf57f7dd1bbd7edede6,False,-8,10,32,50,-16,17,24,59,-25,26,15,68,0.03041584086033875,0.029740179806202225,0.02905825112188433,0.026989346060761886,0.025568128741750813,0.5001374372674873,17,15,3.1273794177678806,5.501629219959656,4.585148138850073,21.466890220392504,2.0,32.0,1.3316257209775015,1.7732270607688507,9.170296277700146,84.09433382080115,0.0,1.0,0.6829047146372433,0.4615054350133642,0.6520167133157211,0.2294467279244484,1.0,18.0,1.0,18.0,1.0,33.0,1.0,35.0,1.0,51.0,1.0,53.0,0.0,0.0,0.0,0.0,0.0,1.0
confirmation-20260916T173933Z-48f95d,2024_07_LV_LA,2024-10-19 20:05:00+00:00,2024,7,LA,LV,2024-10-20 20:05:00+00:00,M1_ridge_alpha100,historical_reconstruction,kickoff_minus_24h,23.286228310681047,19.073248012077812,23.308829558368984,19.149750134481167,4.159079423887818,42.45857969285015,0.6103817365877964,0.028869133897480314,0.3607491295147233,0.6285267597738573,1.5910221553013877,2.6919839485375245,-169.19839485375246,169.19839485375246,-4.159079423887818,-4.0,0.49104134248267894,0.030201628251257974,0.47875702926606306,42.5,0.49610256768732197,0.0,0.503897432312678,0.02536365815102882,1.1102230246251565e-16,100,0,negative_latent_mass=0.0254 exceeds 0.01,,1,1,b8eb3c94eb3388ec3f3ff44dda35e9130178f1d32a5f2a459ddc134106dcbcb5,b7a8fd6d3b282691ecd59299f76b860a8be26f51d7febaf57f7dd1bbd7edede6,False,-5,13,33,52,-13,21,25,60,-22,30,17,69,0.028869133897480314,0.030068762381368627,0.026015170863941464,0.029582273861840067,0.021102039954474395,0.5000942965762425,20,15,3.0937629584168547,4.724259403210617,3.7292898464250754,14.084389612481374,5.0,35.0,0.8409205761121816,0.7071474153288435,7.458579692850151,55.63041103459665,0.0,1.0,0.4936707198595854,0.2827757525219626,0.46437667465239935,0.1379923682041095,1.0,18.0,1.0,19.0,1.0,34.0,1.0,35.0,1.0,52.0,1.0,52.0,0.0,0.0,0.0,0.0,0.0,0.0
confirmation-20260916T173933Z-48f95d,2024_07_MIA_IND,2024-10-19 17:00:00+00:00,2024,7,IND,MIA,2024-10-20 17:00:00+00:00,M1_ridge_alpha100,historical_reconstruction,kickoff_minus_24h,22.525031056725616,18.528971221019095,22.5537969500346,18.618189477459214,3.9356074725753842,41.171986427493806,0.6040327283922033,0.02910290517003685,0.3668643664377598,0.6221387741385609,1.607358424789777,2.6464742385785245,-164.64742385785246,164.64742385785243,-3.9356074725753842,-4.0,0.4843935455689985,0.030225276938178555,0.48538117749282295,41.0,0.48721194655117495,0.029355032723698077,0.48343302072512695,0.02972546648457384,0.0,100,0,negative_latent_mass=0.0297 exceeds 0.01,,1,1,b8eb3c94eb3388ec3f3ff44dda35e9130178f1d32a5f2a459ddc134106dcbcb5,b7a8fd6d3b282691ecd59299f76b860a8be26f51d7febaf57f7dd1bbd7edede6,False,-5,13,32,50,-13,21,24,59,-22,29,15,68,0.02910290517003685,0.030126896393594765,0.02625605153481801,0.029504834214744972,0.021408917286414864,0.5001333569796249,16,10,3.193736853201272,9.246728095539172,7.585993213746907,58.61272216583577,6.0,26.0,2.0643925274246158,4.261716507286593,15.171986427493806,230.18917215605626,0.0,1.0,0.5041268964355279,0.29222652263563764,0.4745921015806658,0.1427791060095095,1.0,18.0,0.0,18.0,1.0,34.0,1.0,35.0,1.0,51.0,1.0,53.0,0.0,0.0,0.0,0.0,0.0,1.0
confirmation-20260916T173933Z-48f95d,2024_07_NE_JAX,2024-10-19 13:30:00+00:00,2024,7,JAX,NE,2024-10-20 13:30:00+00:00,M1_ridge_alpha100,historical_reconstruction,kickoff_minus_24h,20.332036555967093,19.092439732756727,20.387958082660422,19.168524407285563,1.219433675374849,39.556482489946,0.5220480728423812,0.030482390771292195,0.44746953638632664,0.5384616719418769,1.8571423967720082,2.1666672932828805,-116.6667293282881,116.66672932828806,-1.219433675374849,-1.0,0.49184830029215953,0.030199772550221632,0.4779519271576188,39.5,0.49809368134441256,0.0,0.5019063186555874,0.03320889024367948,-2.220446049250313e-16,100,0,negative_latent_mass=0.0332 exceeds 0.01,,1,1,b8eb3c94eb3388ec3f3ff44dda35e9130178f1d32a5f2a459ddc134106dcbcb5,b7a8fd6d3b282691ecd59299f76b860a8be26f51d7febaf57f7dd1bbd7edede6,True,-8,10,30,49,-16,18,22,57,-24,27,14,66,0.030482390771292195,0.029963255998455965,0.028711438110157587,0.027560129108634045,0.02494998434456832,0.5002086684725245,32,16,9.068897980135917,5.245802693572124,7.390283162312571,72.43953220480788,16.0,48.0,14.780566324625152,218.46514087664306,8.443517510054,71.29298794258851,0.0,1.0,0.6499956017720705,0.42959620681460964,0.619038960514197,0.2130176282666877,0.0,18.0,1.0,19.0,1.0,34.0,1.0,35.0,1.0,51.0,1.0,52.0,0.0,0.0,0.0,0.0,0.0,1.0
confirmation-20260916T173933Z-48f95d,2024_07_NYJ_PIT,2024-10-20 00:20:00+00:00,2024,7,PIT,NYJ,2024-10-21 00:20:00+00:00,M1_ridge_alpha100,historical_reconstruction,kickoff_minus_24h,21.194830798655715,16.223972959433624,21.238111731106226,16.390046082059953,4.848065649046272,37.628157813166176,0.6318763017680553,0.028819929601379152,0.33930376863056555,0.6506273357820261,1.5369781517065264,2.862273161062479,-186.22731610624786,186.22731610624794,-4.848065649046272,-5.0,0.48286397762458566,0.03035379136778452,0.4867822310076298,37.5,0.49849869366937816,0.0,0.5015013063306218,0.049371855317973126,0.0,100,0,negative_latent_mass=0.0494 exceeds 0.01,,1,1,b8eb3c94eb3388ec3f3ff44dda35e9130178f1d32a5f2a459ddc134106dcbcb5,b7a8fd6d3b282691ecd59299f76b860a8be26f51d7febaf57f7dd1bbd7edede6,False,-4,14,28,47,-12,21,21,55,-21,30,12,64,0.028819929601379152,0.02996584525266041,0.025226376906304828,0.030062344613926876,0.020130501616568198,0.500324709887853,37,15,10.894907603975465,8.833493586017658,8.575967175476864,125.1846749556707,22.0,52.0,17.151934350953727,294.18885197942643,14.371842186833824,206.54984784325643,0.0,1.0,0.4590616290424724,0.2514726929490967,0.4298182495605182,0.12206125850276511,0.0,18.0,0.0,19.0,0.0,33.0,1.0,34.0,1.0,51.0,1.0,52.0,0.0,0.0,0.0,0.0,0.0,1.0
confirmation-20260916T173933Z-48f95d,2024_07_PHI_NYG,2024-10-19 17:00:00+00:00,2024,7,NYG,PHI,2024-10-20 17:00:00+00:00,M1_ridge_alpha100,historical_reconstruction,kickoff_minus_24h,21.179029676122788,21.05887390781621,21.222516867868997,21.10152867329001,0.12098819457898813,42.324045541158995,0.4884345703205377,0.030372435880757432,0.48119299379870484,0.5037342051679454,1.985173906676834,2.0150492143800047,-101.50492143800042,101.50492143800044,-0.12098819457898813,0.0,0.4884345703205377,0.030372435880757432,0.48119299379870484,42.0,0.4924531460563374,0.029316272270533104,0.4782305816731295,0.022600076656557295,-2.220446049250313e-16,100,0,negative_latent_mass=0.0226 exceeds 0.01,,1,1,b8eb3c94eb3388ec3f3ff44dda35e9130178f1d32a5f2a459ddc134106dcbcb5,b7a8fd6d3b282691ecd59299f76b860a8be26f51d7febaf57f7dd1bbd7edede6,False,-9,9,33,51,-17,17,25,60,-25,26,16,69,0.030372435880757432,0.029481388657002307,0.029361575474946514,0.02640786795102291,0.026158483147271094,0.500101145387716,3,28,17.984597342919724,6.6864027295752235,12.560494097289494,189.824513822605,-25.0,31.0,25.120988194578988,631.0640478721768,11.324045541158995,128.23400741824292,0.0,0.0,0.7314868548406745,0.5086515240290898,0.7006436191103128,0.25374814945618174,0.0,18.0,0.0,18.0,0.0,34.0,1.0,35.0,1.0,51.0,1.0,53.0,0.0,0.0,0.0,0.0,0.0,0.0
confirmation-20260916T173933Z-48f95d,2024_07_SEA_ATL,2024-10-19 17:00:00+00:00,2024,7,ATL,SEA,2024-10-20 17:00:00+00:00,M1_ridge_alpha100,historical_reconstruction,kickoff_minus_24h,24.634714718181222,21.068693071870378,24.649261572692573,21.11122091247549,3.538040660217082,45.76048248516806,0.5915760318072867,0.0291569448752182,0.37926702331749507,0.6093426004177903,1.6411128966108046,2.559787683708166,-155.9787683708166,155.9787683708166,-3.538040660217082,-3.5,0.5018884907287338,0.0,0.49811150927126624,45.5,0.5060410942723184,0.0,0.49395890572768164,0.015393130208852596,4.440892098500626e-16,100,0,negative_latent_mass=0.0154 exceeds 0.01,,1,1,b8eb3c94eb3388ec3f3ff44dda35e9130178f1d32a5f2a459ddc134106dcbcb5,b7a8fd6d3b282691ecd59299f76b860a8be26f51d7febaf57f7dd1bbd7edede6,False,-5,12,37,55,-13,20,28,63,-22,29,20,72,0.0291569448752182,0.030138783856577204,0.02666859818633094,0.029192583626741844,0.021943920853000322,0.5000382164987589,14,34,16.499514725588917,3.3279403622156094,11.769020330108543,139.76369920531795,-20.0,48.0,23.53804066021708,554.0393581220326,2.239517514831938,5.01543869923902,0.0,0.0,0.969514774964582,0.7361217571844356,0.9399243190005889,0.3712984046839149,0.0,17.0,1.0,18.0,0.0,33.0,1.0,35.0,1.0,51.0,1.0,52.0,0.0,0.0,0.0,0.0,0.0,1.0
confirmation-20260916T173933Z-48f95d,2024_07_TEN_BUF,2024-10-19 17:00:00+00:00,2024,7,BUF,TEN,2024-10-20 17:00:00+00:00,M1_ridge_alpha100,historical_reconstruction,kickoff_minus_24h,25.128523100629472,17.55055235070473,25.140849192358164,17.66738009761885,7.473469094739318,42.80822928997701,0.7035484510320453,0.025765931150079472,0.27068561781787526,0.7221554588648101,1.384743392471126,3.599134954799896,-259.9134954799898,259.91349547998965,-7.473469094739318,-7.5,0.5017694568750192,0.0,0.49823054312498083,42.5,0.5057107529042854,0.0,0.49428924709571465,0.031600287863427605,1.1102230246251565e-15,100,0,negative_latent_mass=0.0316 exceeds 0.01,,1,1,b8eb3c94eb3388ec3f3ff44dda35e9130178f1d32a5f2a459ddc134106dcbcb5,b7a8fd6d3b282691ecd59299f76b860a8be26f51d7febaf57f7dd1bbd7edede6,False,-1,16,34,52,-9,24,26,60,-18,33,17,69,0.025765931150079472,0.028445696232238,0.021923056463858132,0.030227316843650702,0.01646309863093321,0.500078734663455,34,10,10.375473707279584,3.2101238423849154,8.263265452630343,68.63663529695131,24.0,44.0,16.52653090526068,273.1262237625364,1.1917707100229933,1.4203174252687096,0.0,1.0,0.35161853339617,0.16181810778697509,0.32551484627941474,0.07719758903862421,0.0,17.0,1.0,18.0,1.0,33.0,1.0,34.0,1.0,51.0,1.0,52.0,0.0,0.0,0.0,0.0,0.0,1.0
confirmation-20260916T173933Z-48f95d,2024_08_ARI_MIA,2024-10-26 17:00:00+00:00,2024,8,MIA,ARI,2024-10-27 17:00:00+00:00,M1_ridge_alpha100,historical_reconstruction,kickoff_minus_24h,20.34935527467176,20.908463094584068,20.404993651560936,20.95310509438835,-0.5481114428274179,41.358098745949285,0.4679559203489855,0.03041286138597762,0.5016312182650369,0.48263420760500775,2.071962542734661,1.9328684166975847,107.19625427346608,-107.19625427346608,0.5481114428274179,0.5,0.49836878173496313,0.0,0.5016312182650369,41.5,0.4930796138119381,0.0,0.5069203861880619,0.02591709403373552,-2.220446049250313e-16,100,0,negative_latent_mass=0.0259 exceeds 0.01,,1,1,b8eb3c94eb3388ec3f3ff44dda35e9130178f1d32a5f2a459ddc134106dcbcb5,b7a8fd6d3b282691ecd59299f76b860a8be26f51d7febaf57f7dd1bbd7edede6,False,-9,8,32,50,-17,16,24,59,-26,25,15,68,0.03041286138597762,0.02912426921792232,0.029692418249322023,0.02569093005131184,0.02687538727431059,0.5001305675673429,27,28,3.0805463943045868,8.27304968619938,6.820950627025358,46.576418273343506,-1.0,55.0,0.45188855717258214,0.20420326810351805,13.641901254050715,186.10146982527047,0.0,0.0,0.6898900542296027,0.46827912813534,0.6590051258437871,0.2329357783505137,1.0,17.0,0.0,18.0,1.0,33.0,1.0,35.0,1.0,51.0,1.0,53.0,0.0,0.0,0.0,0.0,0.0,0.0
confirmation-20260916T173933Z-48f95d,2024_08_ATL_TB,2024-10-26 17:00:00+00:00,2024,8,TB,ATL,2024-10-27 17:00:00+00:00,M1_ridge_alpha100,historical_reconstruction,kickoff_minus_24h,25.8362255135662,21.72235265745668,25.845907475603596,21.757156977630643,4.088750497972958,47.60306445323423,0.6075943658962148,0.02877350579877233,0.3636321283050128,0.6255949251012997,1.598478440083373,2.670903967502475,-167.0903967502475,167.0903967502475,-4.088750497972958,-4.0,0.4882790234366621,0.030160564066429557,0.4815604124969084,47.5,0.5017694462072014,0.0,0.49823055379279857,0.012210201816690643,1.9984014443252818e-15,100,0,negative_latent_mass=0.0122 exceeds 0.01,,1,1,b8eb3c94eb3388ec3f3ff44dda35e9130178f1d32a5f2a459ddc134106dcbcb5,b7a8fd6d3b282691ecd59299f76b860a8be26f51d7febaf57f7dd1bbd7edede6,False,-5,13,38,57,-13,21,30,65,-22,30,21,74,0.02877350579877233,0.030051641551996657,0.026098380066473886,0.02946712559410229,0.021203424466019798,0.5000222499251397,26,31,5.494638458582502,5.687124512191627,4.69846777338288,42.726945821118385,-5.0,57.0,9.088750497972958,82.60538561440369,9.396935546765768,88.30239767007006,0.0,0.0,1.0116125589075236,0.7749628962303832,0.9824169797197627,0.3913690103125007,1.0,18.0,1.0,19.0,1.0,34.0,1.0,35.0,1.0,52.0,1.0,53.0,0.0,0.0,0.0,0.0,0.0,0.0
confirmation-20260916T173933Z-48f95d,2024_08_BAL_CLE,2024-10-26 17:00:00+00:00,2024,8,CLE,BAL,2024-10-27 17:00:00+00:00,M1_ridge_alpha100,historical_reconstruction,kickoff_minus_24h,18.95449001096585,28.784088995306526,19.03749961331072,28.78716562908833,-9.749666015777608,47.82466524239906,0.21747924935076035,0.02291653954707125,0.7596042111021684,0.2225800130215565,4.492766382860943,1.2863060080133086,349.27663828609434,-349.27663828609434,9.749666015777608,10.0,0.4903489115314217,0.030213014999835322,0.479438073468743,47.5,0.5072229427366849,0.0,0.4927770572633151,0.021540229059422596,1.6653345369377348e-14,100,0,negative_latent_mass=0.0215 exceeds 0.01,,1,1,b8eb3c94eb3388ec3f3ff44dda35e9130178f1d32a5f2a459ddc134106dcbcb5,b7a8fd6d3b282691ecd59299f76b860a8be26f51d7febaf57f7dd1bbd7edede6,False,-19,-1,39,57,-27,7,31,65,-35,16,22,74,0.02291653954707125,0.018847190724668693,0.026401273731186115,0.013436419429633271,0.02950258986300952,0.5000166899537304,29,24,9.090034163047822,3.9677399526941657,7.374833007888805,61.08418435755435,5.0,53.0,14.749666015777608,217.5526475769849,5.175334757600943,26.784089853232413,0.0,1.0,1.5256518382886324,1.1898624505056095,1.502468632934045,0.6043818361535632,0.0,18.0,1.0,18.0,1.0,34.0,1.0,34.0,1.0,51.0,1.0,52.0,0.0,0.0,0.0,0.0,0.0,0.0
confirmation-20260916T173933Z-48f95d,2024_08_BUF_SEA,2024-10-26 20:05:00+00:00,2024,8,SEA,BUF,2024-10-27 20:05:00+00:00,M1_ridge_alpha100,historical_reconstruction,kickoff_minus_24h,22.775707619067248,24.56517180362988,22.802293010665675,24.57905982771611,-1.7767668170504436,47.38135283838178,0.4312866451845082,0.029925481685786546,0.5387878731297052,0.44459125257098203,2.2492570292762184,1.8004757840581211,124.92570292762184,-124.92570292762183,1.7767668170504436,2.0,0.491311515365105,0.030151507923363116,0.4785369767115319,47.5,0.49537381009231574,0.0,0.5046261899076843,0.01126817586909222,4.440892098500626e-16,100,0,negative_latent_mass=0.0113 exceeds 0.01,,1,1,b8eb3c94eb3388ec3f3ff44dda35e9130178f1d32a5f2a459ddc134106dcbcb5,b7a8fd6d3b282691ecd59299f76b860a8be26f51d7febaf57f7dd1bbd7edede6,False,-11,7,38,57,-19,15,30,65,-27,24,21,74,0.029925481685786546,0.028244305689669253,0.030032260874558146,0.024198788948201298,0.027925579251568442,0.5000242685975536,10,31,12.619339467022659,4.334847689551614,9.611616591474782,102.56358951349412,-21.0,41.0,19.223233182949556,369.5326940060529,6.38135283838178,40.7216640479232,0.0,0.0,0.6184333418823937,0.3996203307408551,0.5880509544512932,0.19766138186263474,0.0,18.0,1.0,19.0,0.0,34.0,1.0,35.0,1.0,51.0,1.0,53.0,0.0,0.0,0.0,0.0,0.0,0.0
confirmation-20260916T173933Z-48f95d,2024_08_CAR_DEN,2024-10-26 20:25:00+00:00,2024,8,DEN,CAR,2024-10-27 20:25:00+00:00,M1_ridge_alpha100,historical_reconstruction,kickoff_minus_24h,24.07843911259279,13.088650732111354,24.095921969252696,13.447096252196719,10.64882571705598,37.543018221449415,0.7856667864034436,0.021971808184811193,0.19236140541174526,0.8033171159874966,1.2448384082676072,5.084326503654626,-408.43265036546256,408.43265036546256,-10.64882571705598,-11.0,0.4804528424045441,0.03077555844423815,0.48877159915121776,37.5,0.49323489584082547,0.0,0.5067651041591745,0.07988087137861613,2.220446049250313e-16,100,0,negative_latent_mass=0.0799 exceeds 0.01,,1,1,b8eb3c94eb3388ec3f3ff44dda35e9130178f1d32a5f2a459ddc134106dcbcb5,b7a8fd6d3b282691ecd59299f76b860a8be26f51d7febaf57f7dd1bbd7edede6,False,2,19,28,46,-6,27,21,55,-15,35,13,64,0.021971808184811193,0.02530566522097558,0.01728355142105413,0.029182820437393193,0.012009786440156081,0.5002738627107144,28,14,3.3127040320862045,3.760765156435138,2.2284908892752924,7.773763912249329,14.0,42.0,3.3511742829440205,11.23036907466537,4.456981778550585,19.864686574331934,0.0,1.0,0.24122251231262928,0.08342439709751903,0.2190057289367494,0.038684156863475885,1.0,17.0,1.0,18.0,1.0,33.0,1.0,34.0,1.0,50.0,1.0,51.0,0.0,0.0,0.0,0.0,0.0,1.0
confirmation-20260916T173933Z-48f95d,2024_08_CHI_WAS,2024-10-26 20:25:00+00:00,2024,8,WAS,CHI,2024-10-27 20:25:00+00:00,M1_ridge_alpha100,historical_reconstruction,kickoff_minus_24h,24.111057334089956,22.24573000299751,24.128354131008923,22.27528845027229,1.853065680736635,46.40364258128121,0.5410545715931345,0.029920418907332047,0.4290250094995335,0.557742459627598,1.7929422132711488,2.261125947469323,-126.11259474693236,126.11259474693229,-1.853065680736635,-2.0,0.4808068287837969,0.030156691960304186,0.48903647925589894,46.5,0.49585180622143843,0.0,0.5041481937785616,0.012929181413760994,3.3306690738754696e-16,100,0,negative_latent_mass=0.0129 exceeds 0.01,,1,1,b8eb3c94eb3388ec3f3ff44dda35e9130178f1d32a5f2a459ddc134106dcbcb5,b7a8fd6d3b282691ecd59299f76b860a8be26f51d7febaf57f7dd1bbd7edede6,False,-7,11,37,56,-15,19,29,64,-24,28,20,73,0.029920418907332047,0.0300509772772837,0.028189069470560806,0.0279940288105938,0.024113066969697734,0.5000324158929437,18,15,3.1229517654964645,8.028315131092485,6.701821290640606,45.24327319485974,3.0,33.0,1.146934319263365,1.3154583327041185,13.403642581281211,179.65763444673485,0.0,1.0,0.6142351335165155,0.3955885964992263,0.5838579650300915,0.19559173201624674,1.0,18.0,0.0,19.0,1.0,34.0,1.0,35.0,1.0,52.0,1.0,53.0,0.0,1.0,0.0,0.0,0.0,0.0
confirmation-20260916T173933Z-48f95d,2024_08_DAL_SF,2024-10-27 00:20:00+00:00,2024,8,SF,DAL,2024-10-28 00:20:00+00:00,M1_ridge_alpha100,historical_reconstruction,kickoff_minus_24h,26.71455390320225,20.432589870704277,26.721681279818824,20.48407797007936,6.2376033097394625,47.205759249898186,0.6689080938137815,0.026987186101601043,0.3041047200846175,0.6874607243185065,1.45462855494955,3.199597867562388,-219.9597867562388,219.9597867562388,-6.2376033097394625,-6.5,0.4932740111056888,0.0,0.5067259888943112,47.0,0.4897600085060696,0.029307701454261932,0.4809322900396685,0.015538788229808387,4.551914400963142e-15,100,0,negative_latent_mass=0.0155 exceeds 0.01,,1,1,b8eb3c94eb3388ec3f3ff44dda35e9130178f1d32a5f2a459ddc134106dcbcb5,b7a8fd6d3b282691ecd59299f76b860a8be26f51d7febaf57f7dd1bbd7edede6,False,-3,15,38,56,-11,23,30,65,-20,32,21,74,0.026987186101601043,0.029248122623754202,0.023580114197911433,0.03013875540021945,0.018231780974725803,0.500023749747447,30,24,3.083839066825354,4.520132813887355,3.3971203750509087,11.554540675785814,6.0,54.0,0.23760330973946253,0.05645533279914697,6.794240750101814,46.16170737034406,0.0,1.0,0.4021086067459291,0.20282983933344972,0.37475057933728273,0.09768079884351262,1.0,18.0,1.0,18.0,1.0,34.0,1.0,35.0,1.0,52.0,1.0,53.0,0.0,0.0,0.0,0.0,0.0,1.0
confirmation-20260916T173933Z-48f95d,2024_08_GB_JAX,2024-10-26 17:00:00+00:00,2024,8,JAX,GB,2024-10-27 17:00:00+00:00,M1_ridge_alpha100,historical_reconstruction,kickoff_minus_24h,20.475744040426157,26.26590331138936,20.5293545341988,26.273627230880393,-5.7442726966815965,46.802981765079195,0.31722683550581254,0.027453742943905853,0.6553194215502816,0.32618174529411165,3.0657754899751355,1.4840797099456517,206.57754899751356,-206.57754899751353,5.7442726966815965,6.0,0.4913857955289196,0.030176102364198674,0.47843810210688176,46.5,0.5071860668834804,0.0,0.49281393311651955,0.016137191814820383,1.7763568394002505e-15,100,0,negative_latent_mass=0.0161 exceeds 0.01,,1,1,b8eb3c94eb3388ec3f3ff44dda35e9130178f1d32a5f2a459ddc134106dcbcb5,b7a8fd6d3b282691ecd59299f76b860a8be26f51d7febaf57f7dd1bbd7edede6,False,-15,3,38,56,-23,11,29,64,-31,20,21,73,0.027453742943905853,0.024186529783422672,0.029500352847260356,0.018912008199298492,0.030061643351753233,0.500026458227889,27,30,3.3145286947879713,6.117312490095714,5.098509117460404,27.877553379264885,-3.0,57.0,2.7442726966815965,7.531032633752082,10.197018234920805,103.9791808833074,0.0,0.0,0.4226324957285633,0.22019127432709443,0.3947948562040849,0.10639453096311273,1.0,18.0,0.0,18.0,1.0,34.0,1.0,35.0,1.0,51.0,1.0,52.0,0.0,0.0,1.0,0.0,0.0,0.0
confirmation-20260916T173933Z-48f95d,2024_08_IND_HOU,2024-10-26 17:00:00+00:00,2024,8,HOU,IND,2024-10-27 17:00:00+00:00,M1_ridge_alpha100,historical_reconstruction,kickoff_minus_24h,22.198760821659334,20.63798609537246,22.23060685482691,20.68641168536907,1.5441951694578382,42.91701854019598,0.5318488462221653,0.030130545718289624,0.4380206080595451,0.5483715812207479,1.8235810064662128,2.2142096431907263,-121.4209643190727,121.42096431907261,-1.5441951694578382,-1.5,0.5017042353235341,0.0,0.49829576467646586,43.0,0.4806885040008334,0.029312493605762813,0.48999900239340377,0.02117111961097879,-2.220446049250313e-16,100,0,negative_latent_mass=0.0212 exceeds 0.01,,1,1,b8eb3c94eb3388ec3f3ff44dda35e9130178f1d32a5f2a459ddc134106dcbcb5,b7a8fd6d3b282691ecd59299f76b860a8be26f51d7febaf57f7dd1bbd7edede6,False,-7,10,34,52,-15,18,26,60,-24,27,17,70,0.030130545718289624,0.030006757006450155,0.02844097853508354,0.02777667060548725,0.024512396541998674,0.5000859276354283,23,20,3.14122416495986,3.171532068661601,0.72790241527108,0.5315634068252734,3.0,43.0,1.4558048305421618,2.1193677046298927,0.08298145980401728,0.006885922671205735,0.0,1.0,0.6313959536538082,0.4119354056536534,0.6008021538972345,0.20396822864904748,1.0,17.0,1.0,18.0,1.0,33.0,1.0,34.0,1.0,51.0,1.0,53.0,0.0,1.0,0.0,0.0,0.0,0.0
confirmation-20260916T173933Z-48f95d,2024_08_KC_LV,2024-10-26 20:25:00+00:00,2024,8,LV,KC,2024-10-27 20:25:00+00:00,M1_ridge_alpha100,historical_reconstruction,kickoff_minus_24h,16.39114459881244,22.262186687748517,16.556571414032764,22.29159245033856,-5.735021036305797,38.848163864371315,0.3148547993384315,0.02783797070461822,0.6573072299569502,0.3238707024657574,3.0876519314238657,1.4790070533060358,208.76519314238658,-208.76519314238652,5.735021036305797,6.0,0.48975048032519974,0.03034805152864276,0.4799014681461575,38.5,0.5053279757111439,0.0,0.49467202428885615,0.04581473358607817,-2.220446049250313e-16,100,0,negative_latent_mass=0.0458 exceeds 0.01,,1,1,b8eb3c94eb3388ec3f3ff44dda35e9130178f1d32a5f2a459ddc134106dcbcb5,b7a8fd6d3b282691ecd59299f76b860a8be26f51d7febaf57f7dd1bbd7edede6,False,-15,3,30,48,-22,11,22,56,-31,20,13,65,0.02783797070461822,0.02413466192850038,0.02956839426696092,0.018857289406907913,0.03027035176718233,0.5002300058054773,20,27,3.095461862083064,5.121180422878596,4.075918067814339,17.01315104018259,-7.0,47.0,1.2649789636942028,1.6001717785888594,8.151836135628685,66.45243238214161,0.0,0.0,0.4196037442950078,0.21734683191917376,0.3913709526868895,0.10489223191566314,1.0,18.0,1.0,18.0,1.0,33.0,1.0,34.0,1.0,51.0,1.0,52.0,0.0,0.0,0.0,0.0,1.0,0.0
confirmation-20260916T173933Z-48f95d,2024_08_MIN_LA,2024-10-24 00:15:00+00:00,2024,8,LA,MIN,2024-10-25 00:15:00+00:00,M1_ridge_alpha100,historical_reconstruction,kickoff_minus_24h,20.79144420214397,22.09354417814398,20.84027512084746,22.124548945552576,-1.2842738247051209,42.964824066400034,0.44573963481042866,0.03019078655636522,0.5240695786332061,0.4596157972429234,2.1757302642743244,1.8505352208631054,117.57302642743245,-117.57302642743247,1.2842738247051209,1.5,0.506094393741783,0.0,0.493905606258217,43.0,0.482097453231917,0.029313097611197877,0.4885894491568851,0.021035629164756934,-2.220446049250313e-16,100,0,negative_latent_mass=0.0210 exceeds 0.01,,1,1,b8eb3c94eb3388ec3f3ff44dda35e9130178f1d32a5f2a459ddc134106dcbcb5,b7a8fd6d3b282691ecd59299f76b860a8be26f51d7febaf57f7dd1bbd7edede6,False,-10,8,34,52,-18,16,26,60,-27,24,17,70,0.03019078655636522,0.0286261635655972,0.029937848288753767,0.024816368167118016,0.02755107954840828,0.5000845385204096,30,20,6.717477926685098,4.620351671656763,5.642136912352559,44.2071340419073,10.0,50.0,11.28427382470512,127.33483575092514,7.035175933599966,49.49370041670415,0.0,1.0,0.8080202758790129,0.5827649592617552,0.7773643618773354,0.29201508658940134,0.0,18.0,1.0,18.0,1.0,34.0,1.0,34.0,1.0,51.0,1.0,53.0,0.0,0.0,0.0,0.0,0.0,1.0
confirmation-20260916T173933Z-48f95d,2024_08_NO_LAC,2024-10-26 20:05:00+00:00,2024,8,LAC,NO,2024-10-27 20:05:00+00:00,M1_ridge_alpha100,historical_reconstruction,kickoff_minus_24h,20.61080424042853,19.553943183800413,20.662321004152034,19.620579436121716,1.041741568030317,40.28290044027374,0.516586315266591,0.03043908129662525,0.45297460343678375,0.532804391453235,1.8768614073778171,2.14043107791734,-114.04310779173403,114.04310779173403,-1.041741568030317,-1.0,0.4863916911868782,0.03019462407971285,0.48341368473340895,40.0,0.4904140807959383,0.029345458945311462,0.4802404602587502,0.03006544576933563,-2.220446049250313e-16,100,0,negative_latent_mass=0.0301 exceeds 0.01,,1,1,b8eb3c94eb3388ec3f3ff44dda35e9130178f1d32a5f2a459ddc134106dcbcb5,b7a8fd6d3b282691ecd59299f76b860a8be26f51d7febaf57f7dd1bbd7edede6,False,-8,10,31,49,-16,18,23,58,-24,26,14,67,0.03043908129662525,0.02989237581790828,0.028825558503870075,0.027373020161047583,0.02514897506448346,0.5001731504424727,26,8,10.753286806065029,4.26592521808943,8.479129215984841,81.76434174696573,18.0,34.0,16.958258431969682,287.58252904547084,6.2829004402737425,39.474837942391986,0.0,1.0,0.660512888670119,0.43980131961642577,0.6296009175728919,0.21827173664538208,0.0,18.0,1.0,18.0,1.0,34.0,1.0,35.0,1.0,50.0,1.0,53.0,0.0,0.0,0.0,0.0,0.0,1.0
confirmation-20260916T173933Z-48f95d,2024_08_NYG_PIT,2024-10-28 00:15:00+00:00,2024,8,PIT,NYG,2024-10-29 00:15:00+00:00,M1_ridge_alpha100,historical_reconstruction,kickoff_minus_24h,22.87214922233938,15.363051573303991,22.897936421222813,15.569959836723505,7.327976584499301,38.4678962579463,0.7015272508848388,0.0262186194392503,0.2722541296759109,0.7204155520830209,1.3880877461745298,3.5767368587574087,-257.6736858757408,257.67368587574083,-7.327976584499301,-7.5,0.49872842993628863,0.0,0.5012715700637114,38.5,0.4934212175870629,0.0,0.5065787824129371,0.05342337950758617,-2.220446049250313e-16,100,0,negative_latent_mass=0.0534 exceeds 0.01,,1,1,b8eb3c94eb3388ec3f3ff44dda35e9130178f1d32a5f2a459ddc134106dcbcb5,b7a8fd6d3b282691ecd59299f76b860a8be26f51d7febaf57f7dd1bbd7edede6,False,-1,16,29,47,-9,24,21,56,-18,32,13,65,0.0262186194392503,0.028584655316139265,0.02204669510094398,0.03039169477170544,0.016593189564106714,0.5002467616803283,26,18,3.0543055183011036,4.089631079790755,2.766051871026841,7.7639468209563915,8.0,44.0,0.672023415500699,0.4516154709812251,5.5321037420537,30.604171812844545,0.0,1.0,0.3544955336013456,0.1638957090952499,0.32792707779145047,0.07816746351704201,1.0,17.0,1.0,18.0,1.0,33.0,1.0,35.0,1.0,50.0,1.0,52.0,0.0,0.0,0.0,0.0,0.0,1.0
confirmation-20260916T173933Z-48f95d,2024_08_NYJ_NE,2024-10-26 17:00:00+00:00,2024,8,NE,NYJ,2024-10-27 17:00:00+00:00,M1_ridge_alpha100,historical_reconstruction,kickoff_minus_24h,17.21760348062699,19.199156670856897,17.350902077466927,19.272956740071933,-1.9220546626050101,36.62385881753886,0.4251596167110362,0.030769659392626793,0.544070723896337,0.4386569413877487,2.279685799195082,1.7814418200381663,127.96857991950817,-127.96857991950817,1.9220546626050101,2.0,0.4861141565870125,0.030289561230489627,0.48359628218249784,36.5,0.4982666188218321,0.0,0.5017333811781679,0.04941589499485636,-2.220446049250313e-16,100,0,negative_latent_mass=0.0494 exceeds 0.01,,1,1,b8eb3c94eb3388ec3f3ff44dda35e9130178f1d32a5f2a459ddc134106dcbcb5,b7a8fd6d3b282691ecd59299f76b860a8be26f51d7febaf57f7dd1bbd7edede6,False,-11,7,27,46,-19,15,20,54,-27,23,11,63,0.030769659392626793,0.02820679321027863,0.030223993518672672,0.024115344022631737,0.028320585497716672,0.5004299966398839,25,22,3.7930142995599123,6.267664083025565,5.18807059123057,32.97273198500944,3.0,47.0,4.92205466260501,24.22662210167172,10.37614118246114,107.66430583836606,0.0,1.0,0.8552906118341532,0.6274011908000253,0.8240376260994631,0.31510602945215743,1.0,18.0,0.0,19.0,1.0,34.0,1.0,34.0,1.0,50.0,1.0,52.0,0.0,1.0,0.0,0.0,0.0,0.0
confirmation-20260916T173933Z-48f95d,2024_08_PHI_CIN,2024-10-26 17:00:00+00:00,2024,8,CIN,PHI,2024-10-27 17:00:00+00:00,M1_ridge_alpha100,historical_reconstruction,kickoff_minus_24h,23.87760206650492,21.010947402106638,23.896271326999937,21.05422657393942,2.8420447530605113,44.95049790093936,0.5709198054395046,0.029555990176158686,0.39952420438433667,0.5883078257581704,1.6997904094022023,2.428999292594267,-142.89992925942676,142.89992925942673,-2.8420447530605113,-3.0,0.480786799597544,0.03016897938666652,0.4890442210157895,45.0,0.4821709370217836,0.029303926302174373,0.488525136676042,0.016645173493942435,2.220446049250313e-16,100,0,negative_latent_mass=0.0166 exceeds 0.01,,1,1,b8eb3c94eb3388ec3f3ff44dda35e9130178f1d32a5f2a459ddc134106dcbcb5,b7a8fd6d3b282691ecd59299f76b860a8be26f51d7febaf57f7dd1bbd7edede6,False,-6,12,36,54,-14,20,28,62,-23,28,19,72,0.029555990176158686,0.03016897938666652,0.027342781234891877,0.028762077896360764,0.02286389255231788,0.500048495364998,17,37,15.857967989820864,5.518141780257534,11.421022376530258,150.91312418543063,-20.0,54.0,22.842044753060513,521.7590085008193,9.04950209906064,81.89348824090291,0.0,0.0,0.9174809289168979,0.6873941619186388,0.8874793587866738,0.3461060978483058,0.0,18.0,1.0,18.0,0.0,34.0,1.0,34.0,1.0,51.0,1.0,53.0,0.0,0.0,0.0,0.0,0.0,1.0
confirmation-20260916T173933Z-48f95d,2024_08_TEN_DET,2024-10-26 17:00:00+00:00,2024,8,DET,TEN,2024-10-27 17:00:00+00:00,M1_ridge_alpha100,historical_reconstruction,kickoff_minus_24h,28.222893615795527,16.984118539849096,28.22703320993222,17.120141035846608,11.106892174085608,45.347174245778824,0.7914443755679211,0.021095580968997045,0.18746004346308182,0.8085001560738232,1.236858140950923,5.2219363707967315,-422.193637079673,422.19363707967307,-11.106892174085608,-11.0,0.4913180626543965,0.030288523779541155,0.47839341356606235,45.0,0.4919633723268759,0.029409088389088605,0.47862753928403545,0.03347545922982685,1.6209256159527285e-14,100,0,negative_latent_mass=0.0335 exceeds 0.01,,1,1,b8eb3c94eb3388ec3f3ff44dda35e9130178f1d32a5f2a459ddc134106dcbcb5,b7a8fd6d3b282691ecd59299f76b860a8be26f51d7febaf57f7dd1bbd7edede6,False,2,20,36,54,-6,28,28,63,-15,36,20,72,0.021095580968997045,0.02486324705132211,0.016906390229744276,0.028709740870509183,0.011672922758997091,0.5000332784990082,52,14,19.68291151545061,13.830186018869286,13.446553912957194,287.4446150426198,38.0,66.0,26.89310782591439,723.239248536258,20.652825754221176,426.5392116342215,0.0,1.0,0.23389567936635905,0.07908173991385437,0.21257440692377808,0.036672190223750074,0.0,18.0,0.0,18.0,0.0,34.0,0.0,35.0,0.0,51.0,1.0,52.0,0.0,0.0,0.0,0.0,0.0,1.0
confirmation-20260916T173933Z-48f95d,2024_09_CHI_ARI,2024-11-02 21:05:00+00:00,2024,9,ARI,CHI,2024-11-03 21:05:00+00:00,M1_ridge_alpha100,historical_reconstruction,kickoff_minus_24h,21.782687804720197,22.275427474543054,21.818892803980802,22.304710907759514,-0.4858181037787137,44.123603711740316,0.47002665341590544,0.03026419873176774,0.49970914785232684,0.484695576672738,2.0631506622458633,1.940600458158526,106.31506622458633,-106.31506622458637,0.4858181037787137,0.5,0.5002908521476732,0.0,0.4997091478523268,44.0,0.48713385105226537,0.029305231995644162,0.48356091695209047,0.017594449710256033,0.0,100,0,negative_latent_mass=0.0176 exceeds 0.01,,1,1,b8eb3c94eb3388ec3f3ff44dda35e9130178f1d32a5f2a459ddc134106dcbcb5,b7a8fd6d3b282691ecd59299f76b860a8be26f51d7febaf57f7dd1bbd7edede6,False,-9,8,35,53,-17,16,27,62,-26,25,18,71,0.03026419873176774,0.029139212173833678,0.02963762971235073,0.025728129083003322,0.026767015098979167,0.5000618424117594,29,9,13.731347532939996,4.23330434902288,10.242909051889356,114.29181644988685,20.0,38.0,20.485818103778712,419.6687433811076,6.123603711740316,37.49852241843977,0.0,1.0,0.7549658764904063,0.5314969022617193,0.7242342620797351,0.26553864870064203,0.0,17.0,1.0,18.0,0.0,33.0,1.0,35.0,1.0,51.0,1.0,53.0,0.0,0.0,0.0,0.0,0.0,1.0
confirmation-20260916T173933Z-48f95d,2024_09_DAL_ATL,2024-11-02 18:00:00+00:00,2024,9,ATL,DAL,2024-11-03 18:00:00+00:00,M1_ridge_alpha100,historical_reconstruction,kickoff_minus_24h,25.54010590127156,21.12599516890829,25.550823372323308,21.167789053009653,4.3830343193136585,46.71861242533297,0.6162796405607409,0.02857888472149033,0.3551414747177687,0.6344103817262109,1.5762667648644575,2.7353074322014885,-173.53074322014874,173.53074322014882,-4.3830343193136585,-4.5,0.4973075674756128,0.0,0.5026924325243872,46.5,0.5049414064215505,0.0,0.4950585935784495,0.014197646302186182,1.6653345369377348e-15,100,0,negative_latent_mass=0.0142 exceeds 0.01,,1,1,b8eb3c94eb3388ec3f3ff44dda35e9130178f1d32a5f2a459ddc134106dcbcb5,b7a8fd6d3b282691ecd59299f76b860a8be26f51d7febaf57f7dd1bbd7edede6,False,-5,13,38,56,-13,21,29,64,-21,30,20,73,0.02857888472149033,0.029990506171876267,0.025777581546193345,0.02961345951693647,0.020801225444024327,0.5000286152272171,27,21,3.158992492069734,3.22651835811178,0.8084828403431725,1.0641330322571334,6.0,48.0,1.6169656806863415,2.614578012517444,1.2813875746670291,1.6419541165110512,0.0,1.0,0.4840544565089145,0.27418353396483,0.4550592441576129,0.13365576898957485,1.0,18.0,1.0,18.0,1.0,34.0,1.0,35.0,1.0,51.0,1.0,53.0,0.0,0.0,0.0,0.0,0.0,1.0
confirmation-20260916T173933Z-48f95d,2024_09_DEN_BAL,2024-11-02 18:00:00+00:00,2024,9,BAL,DEN,2024-11-03 18:00:00+00:00,M1_ridge_alpha100,historical_reconstruction,kickoff_minus_24h,25.637080675999776,21.333273640963583,25.647448336014357,21.37250670094796,4.274941635066398,47.019955036962315,0.6130953244757398,0.028651930611409658,0.35825274491285064,0.6311798456156393,1.5843344918984563,2.7113485749422033,-171.13485749422043,171.13485749422034,-4.274941635066398,-4.5,0.4939901893754385,0.0,0.5060098106245615,47.0,0.484547917614071,0.029299732192756507,0.4861523501931725,0.013481517801241648,1.6653345369377348e-15,100,0,negative_latent_mass=0.0135 exceeds 0.01,,1,1,b8eb3c94eb3388ec3f3ff44dda35e9130178f1d32a5f2a459ddc134106dcbcb5,b7a8fd6d3b282691ecd59299f76b860a8be26f51d7febaf57f7dd1bbd7edede6,False,-5,13,38,56,-13,21,30,64,-22,30,21,74,0.028651930611409658,0.03001474576069785,0.025896542056890265,0.029561396496074154,0.02094938345985439,0.5000262802697654,41,10,19.487299259502368,3.646996840161128,13.362529182466801,182.51737562922727,31.0,51.0,26.725058364933602,714.2287446091075,3.9800449630376846,15.840757907801644,0.0,1.0,0.4892348502811643,0.27886119030788614,0.4601644402269855,0.13602830628010362,0.0,18.0,1.0,18.0,0.0,34.0,1.0,34.0,0.0,52.0,1.0,53.0,0.0,0.0,0.0,0.0,0.0,0.0
confirmation-20260916T173933Z-48f95d,2024_09_DET_GB,2024-11-02 21:25:00+00:00,2024,9,GB,DET,2024-11-03 21:25:00+00:00,M1_ridge_alpha100,historical_reconstruction,kickoff_minus_24h,24.87830392076414,25.76068191028707,24.891713211116013,25.76990338190153,-0.8781901707855253,50.66161659301753,0.458385309436079,0.030098173575179177,0.5115165169887418,0.47261000747441057,2.115909490245284,1.896130025545525,111.59094902452841,-111.5909490245284,0.8781901707855253,1.0,0.4884834830112582,0.030146190813556597,0.4813703261751852,50.5,0.5040827235549147,0.0,0.4959172764450853,0.00659680388732438,2.1094237467877974e-15,100,0,,,1,1,b8eb3c94eb3388ec3f3ff44dda35e9130178f1d32a5f2a459ddc134106dcbcb5,b7a8fd6d3b282691ecd59299f76b860a8be26f51d7febaf57f7dd1bbd7edede6,False,-10,8,41,60,-18,16,33,68,-27,25,24,77,0.030098173575179177,0.028879298803798345,0.029766138074725487,0.025255063924191433,0.027102139153130103,0.5000091561047848,14,24,5.500660903678961,7.551682510915166,6.330808296508771,60.88098732723278,-10.0,38.0,9.121809829214474,83.20741456035378,12.661616593017527,160.31653474857677,0.0,0.0,0.6703754028337204,0.4496391051341817,0.6398149803556286,0.2233602191649624,1.0,18.0,0.0,19.0,1.0,34.0,1.0,35.0,1.0,52.0,1.0,53.0,0.0,0.0,0.0,0.0,0.0,1.0
confirmation-20260916T173933Z-48f95d,2024_09_HOU_NYJ,2024-10-31 00:15:00+00:00,2024,9,NYJ,HOU,2024-11-01 00:15:00+00:00,M1_ridge_alpha100,historical_reconstruction,kickoff_minus_24h,20.375884175447624,21.023636851027682,20.431091305606426,21.066749905503944,-0.6356585998975266,41.49784121111038,0.465298005634745,0.03039293388866235,0.5043090604765926,0.47988305974382817,2.083841010211574,1.9226445489498432,108.38410102115739,-108.38410102115739,0.6356585998975266,0.5,0.49569093952340737,0.0,0.5043090604765926,41.5,0.4972298865994974,0.0,0.5027701134005026,0.025454075192776756,-2.220446049250313e-16,100,0,negative_latent_mass=0.0255 exceeds 0.01,,1,1,b8eb3c94eb3388ec3f3ff44dda35e9130178f1d32a5f2a459ddc134106dcbcb5,b7a8fd6d3b282691ecd59299f76b860a8be26f51d7febaf57f7dd1bbd7edede6,False,-10,8,32,51,-17,16,24,59,-26,25,16,68,0.03039293388866235,0.029069429829825855,0.02972690753856837,0.025589596201342706,0.026960273754102843,0.5001257811068913,21,13,5.258096072316623,4.740442745043913,4.317829299948759,32.69805557025224,8.0,34.0,8.635658599897527,74.5745994539841,7.4978412111103765,56.21762282702512,0.0,1.0,0.7650772063329723,0.5411575816873253,0.734212830295413,0.2705216315414422,1.0,18.0,1.0,19.0,1.0,33.0,1.0,35.0,1.0,51.0,1.0,52.0,0.0,0.0,0.0,0.0,0.0,1.0
confirmation-20260916T173933Z-48f95d,2024_09_IND_MIN,2024-11-03 01:20:00+00:00,2024,9,MIN,IND,2024-11-04 01:20:00+00:00,M1_ridge_alpha100,historical_reconstruction,kickoff_minus_24h,23.161483364490998,19.930115188035003,23.185004563294147,19.98983790321767,3.1951666600764694,43.17484246651182,0.5816768647726971,0.02943831228811297,0.3888848229391899,0.599319829061055,1.6685581746338751,2.4957561479936032,-149.57561479936032,149.5756147993603,-3.1951666600764694,-3.0,0.4917020800686981,0.030180791015805862,0.47811712891549607,43.0,0.48817783206331966,0.029321255926923872,0.4825009120097565,0.0217580998205161,0.0,100,0,negative_latent_mass=0.0218 exceeds 0.01,,1,1,b8eb3c94eb3388ec3f3ff44dda35e9130178f1d32a5f2a459ddc134106dcbcb5,b7a8fd6d3b282691ecd59299f76b860a8be26f51d7febaf57f7dd1bbd7edede6,False,-6,12,34,52,-14,20,26,61,-22,29,17,70,0.02943831228811297,0.030180791015805862,0.02701018442272596,0.029026063324696882,0.022404357916887174,0.5000788611742243,21,13,3.7592739110598616,5.514090377605266,4.587421233255908,26.816039427437314,8.0,34.0,4.804833339923531,23.08642342444071,9.17484246651182,84.17773428530869,0.0,1.0,0.541840200606902,0.3270922652092179,0.511959885028727,0.16054459938366222,1.0,18.0,1.0,18.0,1.0,34.0,1.0,35.0,1.0,51.0,1.0,53.0,0.0,0.0,0.0,0.0,0.0,1.0
confirmation-20260916T173933Z-48f95d,2024_09_JAX_PHI,2024-11-02 21:05:00+00:00,2024,9,PHI,JAX,2024-11-03 21:05:00+00:00,M1_ridge_alpha100,historical_reconstruction,kickoff_minus_24h,26.920156779911466,20.926857082576383,26.926783896207844,20.97125168042174,5.955532215786107,47.898035576629574,0.6609654823712854,0.027251361689995434,0.31178315593871914,0.6794823002986746,1.4717086810950601,3.119952504750443,-211.99525047504417,211.9952504750443,-5.955532215786107,-6.0,0.48459997923969056,0.03017092720995796,0.4852290935503515,48.0,0.4809480244302875,0.02930034924424062,0.48975162632547187,0.013705282028650229,5.551115123125783e-15,100,0,negative_latent_mass=0.0137 exceeds 0.01,,1,1,b8eb3c94eb3388ec3f3ff44dda35e9130178f1d32a5f2a459ddc134106dcbcb5,b7a8fd6d3b282691ecd59299f76b860a8be26f51d7febaf57f7dd1bbd7edede6,False,-3,15,39,57,-11,23,31,65,-20,32,22,75,0.027251361689995434,0.029396747974020587,0.02393660036096138,0.03008958829103918,0.01862894385187673,0.500019546174517,28,23,3.1124031888034205,3.4641714965708275,1.5509822116852074,2.633806274815213,5.0,51.0,0.955532215786107,0.9130418154051074,3.1019644233704255,9.622183283855817,0.0,1.0,0.41405366080973477,0.2128957771848018,0.3864240938557678,0.10273159582182899,1.0,18.0,1.0,18.0,1.0,34.0,1.0,34.0,1.0,52.0,1.0,53.0,0.0,0.0,0.0,0.0,0.0,0.0
confirmation-20260916T173933Z-48f95d,2024_09_LAC_CLE,2024-11-02 18:00:00+00:00,2024,9,CLE,LAC,2024-11-03 18:00:00+00:00,M1_ridge_alpha100,historical_reconstruction,kickoff_minus_24h,18.10880938598997,20.384591240825884,18.213702588380823,20.436819531352516,-2.2231169429717035,38.65052211973334,0.4166427890455694,0.0302846342023262,0.5530725767521044,0.4296547252325378,2.327450255455191,1.7533238973667558,132.7450255455191,-132.7450255455191,2.2231169429717035,2.5,0.5072447803122127,0.0,0.49275521968778735,38.5,0.5002490804648788,0.0,0.4997509195351212,0.038606244296902965,-2.220446049250313e-16,100,0,negative_latent_mass=0.0386 exceeds 0.01,,1,1,b8eb3c94eb3388ec3f3ff44dda35e9130178f1d32a5f2a459ddc134106dcbcb5,b7a8fd6d3b282691ecd59299f76b860a8be26f51d7febaf57f7dd1bbd7edede6,False,-11,7,29,48,-19,15,21,56,-27,23,13,65,0.0302846342023262,0.027921968393017974,0.030211668804437937,0.02369597100371787,0.028473680516156993,0.500259195677215,10,27,9.055350884984495,3.2238788246925245,7.388441528514154,55.27012403720482,-17.0,37.0,14.776883057028297,218.35627288108992,1.6505221197333384,2.7242232677290326,0.0,0.0,0.5922660442048893,0.37425249438344316,0.56151335633704,0.18460318291464753,0.0,18.0,1.0,19.0,1.0,34.0,1.0,35.0,1.0,50.0,1.0,52.0,0.0,0.0,0.0,0.0,0.0,0.0
confirmation-20260916T173933Z-48f95d,2024_09_LA_SEA,2024-11-02 21:25:00+00:00,2024,9,SEA,LA,2024-11-03 21:25:00+00:00,M1_ridge_alpha100,historical_reconstruction,kickoff_minus_24h,22.421647076785604,22.465110447420248,22.45135845662661,22.4926912518651,-0.04133279523849076,44.94404970849172,0.4835627387992594,0.030256479875000616,0.48618078132574005,0.49865013662264884,2.005414070019087,1.9946150842916048,100.54140700190871,-100.54140700190872,0.04133279523849076,0.0,0.4835627387992594,0.030256479875000616,0.48618078132574,45.0,0.48209951081589997,0.02929896506398308,0.4886015241201169,0.015577929040688526,1.1102230246251565e-16,100,0,negative_latent_mass=0.0156 exceeds 0.01,,1,1,b8eb3c94eb3388ec3f3ff44dda35e9130178f1d32a5f2a459ddc134106dcbcb5,b7a8fd6d3b282691ecd59299f76b860a8be26f51d7febaf57f7dd1bbd7edede6,False,-9,9,36,54,-17,17,28,62,-26,26,19,72,0.030256479875000616,0.02938008305015569,0.029424909769948233,0.02620533467736814,0.02629906929945122,0.5000492806599933,20,26,4.135916749372835,3.2105542122394533,2.9793336023807555,9.1551864688092,-6.0,46.0,5.958667204761509,35.50571485710034,1.0559502915082817,1.1150310181364251,0.0,0.0,0.7211747462118191,0.49875856640849403,0.6904510915217617,0.24865195875378635,1.0,18.0,1.0,18.0,1.0,34.0,1.0,34.0,1.0,52.0,1.0,53.0,0.0,0.0,0.0,0.0,0.0,1.0
confirmation-20260916T173933Z-48f95d,2024_09_LV_CIN,2024-11-02 18:00:00+00:00,2024,9,CIN,LV,2024-11-03 18:00:00+00:00,M1_ridge_alpha100,historical_reconstruction,kickoff_minus_24h,23.7771013484967,17.663866244744195,23.796391434781942,17.777152878264207,6.019238556517731,41.573544313046156,0.6641556360012981,0.02735408839791735,0.30849027560078457,0.6828339358434579,1.4644849172072396,3.1529224372076414,-215.29224372076416,215.29224372076416,-6.019238556517731,-6.0,0.48773264186724496,0.030258148786322006,0.48200920934643304,41.5,0.49869776979923575,0.0,0.5013022302007643,0.03262235944764513,2.220446049250313e-16,100,0,negative_latent_mass=0.0326 exceeds 0.01,,1,1,b8eb3c94eb3388ec3f3ff44dda35e9130178f1d32a5f2a459ddc134106dcbcb5,b7a8fd6d3b282691ecd59299f76b860a8be26f51d7febaf57f7dd1bbd7edede6,False,-3,15,32,51,-11,23,24,59,-20,31,16,68,0.02735408839791735,0.029388593130509816,0.023813768093320767,0.030210841350849678,0.01849639796317683,0.5001146228455163,41,24,6.487524808269111,16.313098631801335,11.713227843476925,167.34398698286978,17.0,65.0,10.980761443482269,120.5771218786668,23.426455686953844,548.798826052812,0.0,1.0,0.40923876540289505,0.20870593312202165,0.38150358829594183,0.1005943122525518,0.0,18.0,0.0,19.0,1.0,34.0,0.0,35.0,1.0,51.0,1.0,52.0,0.0,0.0,0.0,0.0,0.0,0.0
confirmation-20260916T173933Z-48f95d,2024_09_MIA_BUF,2024-11-02 18:00:00+00:00,2024,9,BUF,MIA,2024-11-03 18:00:00+00:00,M1_ridge_alpha100,historical_reconstruction,kickoff_minus_24h,26.782586809191884,16.9787356583959,26.78954491882605,17.114953041370658,9.674591877455397,43.90449796019671,0.7589483065754847,0.023033522487244353,0.21801817093727097,0.7768417075145504,1.2872635317166847,4.481124088477251,-348.1124088477251,348.1124088477251,-9.674591877455397,-10.0,0.47813935996810275,0.030300596538079778,0.4915600434938175,44.0,0.4788705864754548,0.02939929177257034,0.4917301217519749,0.03429406395229683,4.884981308350689e-15,100,0,negative_latent_mass=0.0343 exceeds 0.01,,1,1,b8eb3c94eb3388ec3f3ff44dda35e9130178f1d32a5f2a459ddc134106dcbcb5,b7a8fd6d3b282691ecd59299f76b860a8be26f51d7febaf57f7dd1bbd7edede6,False,1,19,35,53,-7,26,27,61,-16,35,18,70,0.023033522487244353,0.026453960894231115,0.018891021047746488,0.02957177244256063,0.013479983371435784,0.5000534674466162,30,27,4.424772461296236,7.917180242099542,6.547751019901646,54.01058760127142,3.0,57.0,6.674591877455397,44.550176730593556,13.095502039803293,171.4921736744922,0.0,1.0,0.27582161118458937,0.10616838491983,0.25251867200126016,0.04979962350502148,1.0,18.0,0.0,18.0,1.0,33.0,1.0,34.0,1.0,51.0,1.0,52.0,0.0,1.0,0.0,0.0,0.0,0.0
confirmation-20260916T173933Z-48f95d,2024_09_NE_TEN,2024-11-02 18:00:00+00:00,2024,9,TEN,NE,2024-11-03 18:00:00+00:00,M1_ridge_alpha100,historical_reconstruction,kickoff_minus_24h,19.402370613497922,18.220524557811782,19.47551390810226,18.317749077028388,1.1577648310738669,37.793262985130646,0.520176956448203,0.0307545276417695,0.4490685159100275,0.5366823692068247,1.8632995182568104,2.1583465284669887,-115.83465284669887,115.83465284669887,-1.1577648310738669,-1.0,0.48994579648323044,0.030231159964972602,0.47982304355179695,37.5,0.5041074111590595,0.0,0.49589258884094045,0.04172186898293846,-2.220446049250313e-16,100,0,negative_latent_mass=0.0417 exceeds 0.01,,1,1,b8eb3c94eb3388ec3f3ff44dda35e9130178f1d32a5f2a459ddc134106dcbcb5,b7a8fd6d3b282691ecd59299f76b860a8be26f51d7febaf57f7dd1bbd7edede6,False,-8,10,29,47,-16,18,21,55,-24,26,12,64,0.0307545276417695,0.029983632671759457,0.02878519020632057,0.027561018018072182,0.02506212964120974,0.5003256819565891,20,17,3.16156558576969,3.1668357830268796,0.9211175844630635,1.0057741453016662,3.0,37.0,1.8422351689261331,3.3938304176282985,0.7932629851306459,0.6292661635783833,0.0,1.0,0.6535862244339405,0.4328385260754126,0.622348850708187,0.21466322700380114,1.0,18.0,1.0,18.0,1.0,34.0,1.0,34.0,1.0,50.0,1.0,52.0,0.0,1.0,0.0,0.0,0.0,0.0
confirmation-20260916T173933Z-48f95d,2024_09_NO_CAR,2024-11-02 18:00:00+00:00,2024,9,CAR,NO,2024-11-03 18:00:00+00:00,M1_ridge_alpha100,historical_reconstruction,kickoff_minus_24h,18.30600816107399,22.279551256415786,18.405388658767844,22.30879668483429,-3.9034080260664474,40.71418534360214,0.36749230840931624,0.029151668864667253,0.6033560227260165,0.3785270022348003,2.641819458310929,1.6090803680867443,164.18194583109292,-164.18194583109292,3.9034080260664474,4.0,0.48610395692104713,0.03023645360790615,0.4836595894710467,40.5,0.5028567586369572,0.0,0.4971432413630428,0.03197676331943718,0.0,100,0,negative_latent_mass=0.0320 exceeds 0.01,,1,1,b8eb3c94eb3388ec3f3ff44dda35e9130178f1d32a5f2a459ddc134106dcbcb5,b7a8fd6d3b282691ecd59299f76b860a8be26f51d7febaf57f7dd1bbd7edede6,False,-13,5,31,50,-21,13,23,58,-29,22,15,67,0.029151668864667253,0.02628171130341924,0.030140087179155412,0.02144067492113112,0.029511096478541155,0.5001484743420488,23,22,3.8043772081611182,3.7258601485777705,2.4517040130332237,10.6029043847719,1.0,45.0,4.903408026066447,24.043410270092853,4.285814656397861,18.368207268994713,0.0,1.0,1.00105289004673,0.764954289878728,0.9714678685308561,0.38622868695126394,1.0,18.0,1.0,19.0,1.0,34.0,1.0,35.0,1.0,51.0,1.0,52.0,0.0,0.0,0.0,0.0,0.0,0.0
confirmation-20260916T173933Z-48f95d,2024_09_TB_KC,2024-11-04 01:15:00+00:00,2024,9,KC,TB,2024-11-05 01:15:00+00:00,M1_ridge_alpha100,historical_reconstruction,kickoff_minus_24h,24.37082925086637,21.804136331809485,24.386707531930078,21.83806916779345,2.5486383641366293,46.22477669972353,0.562019579342858,0.029660164776374152,0.4083202558807678,0.579198708474474,1.7265231868935897,2.3764185617746367,-137.64185617746364,137.64185617746367,-2.5486383641366293,-2.5,0.5019420118222125,0.0,0.49805798817778746,46.0,0.49053297533227846,0.029296266059485883,0.48017075860823566,0.013645655563775928,3.3306690738754696e-16,100,0,negative_latent_mass=0.0136 exceeds 0.01,,1,1,b8eb3c94eb3388ec3f3ff44dda35e9130178f1d32a5f2a459ddc134106dcbcb5,b7a8fd6d3b282691ecd59299f76b860a8be26f51d7febaf57f7dd1bbd7edede6,False,-6,11,37,55,-14,19,29,64,-23,28,20,73,0.029660164776374152,0.030146862051299912,0.027606652002529194,0.02853825607365768,0.023239627035004578,0.5000339106325528,30,24,3.4377485133756562,4.920960581797513,3.8876116501382363,18.091498627667914,6.0,54.0,3.4513616358633707,11.911897141509483,7.775223300276473,60.45409736916216,0.0,1.0,0.5762185910069396,0.35943200561610444,0.5461096677569115,0.17707372694955076,1.0,17.0,1.0,18.0,1.0,33.0,1.0,35.0,1.0,51.0,1.0,53.0,0.0,0.0,0.0,0.0,0.0,1.0
confirmation-20260916T173933Z-48f95d,2024_09_WAS_NYG,2024-11-02 18:00:00+00:00,2024,9,NYG,WAS,2024-11-03 18:00:00+00:00,M1_ridge_alpha100,historical_reconstruction,kickoff_minus_24h,19.148094357827034,24.76240523726193,19.22670301494887,24.77539835683207,-5.54869534188321,44.002101371780945,0.32194492797913843,0.02768467202601764,0.6503703999948439,0.33111164528278747,3.0201293559033395,1.4950178052102168,202.01293559033397,-202.01293559033397,5.54869534188321,5.5,0.4968262798081997,0.0,0.5031737201918003,44.0,0.4829198377588604,0.02933207321673229,0.4877480890244073,0.023285723437588248,3.3306690738754696e-16,100,0,negative_latent_mass=0.0233 exceeds 0.01,,1,1,b8eb3c94eb3388ec3f3ff44dda35e9130178f1d32a5f2a459ddc134106dcbcb5,b7a8fd6d3b282691ecd59299f76b860a8be26f51d7febaf57f7dd1bbd7edede6,False,-14,3,35,53,-22,11,27,61,-31,20,18,71,0.02768467202601764,0.024407892680230386,0.029599517529442974,0.019167436894388167,0.030059981005181594,0.5000588506559849,22,27,3.0867845312028335,3.9168681219263646,2.498949314109529,6.320014319039567,-5.0,49.0,0.5486953418832101,0.30106657820433286,4.997898628219055,24.978990697953908,0.0,0.0,0.43021323224720087,0.22665583491644622,0.402138116611338,0.10963492164187448,1.0,17.0,1.0,18.0,1.0,33.0,1.0,34.0,1.0,51.0,1.0,53.0,0.0,0.0,0.0,0.0,0.0,0.0
confirmation-20260916T173933Z-48f95d,2024_10_ATL_NO,2024-11-09 18:00:00+00:00,2024,10,NO,ATL,2024-11-10 18:00:00+00:00,M1_ridge_alpha100,historical_reconstruction,kickoff_minus_24h,21.481712381196296,23.917975354347657,21.5213981980547,23.935210695805957,-2.413812497751259,45.456608893860654,0.4121449472387114,0.029733424576825113,0.5581216281844634,0.42477496151916533,2.3541877243037104,1.7384500553748377,135.41877243037104,-135.418772430371,2.413812497751259,2.5,0.5020075526659505,0.0,0.49799244733404946,45.5,0.4971302327242464,0.0,0.5028697672757536,0.0153733694043904,1.1102230246251565e-16,100,0,negative_latent_mass=0.0154 exceeds 0.01,,1,1,b8eb3c94eb3388ec3f3ff44dda35e9130178f1d32a5f2a459ddc134106dcbcb5,b7a8fd6d3b282691ecd59299f76b860a8be26f51d7febaf57f7dd1bbd7edede6,False,-11,6,36,55,-19,14,28,63,-28,23,19,72,0.029733424576825113,0.02772225700716781,0.03014033675081655,0.02340774474319709,0.02845201403399249,0.5000418646352285,20,17,3.9613462150689234,5.181852175297891,4.228304446930329,25.205899936132717,3.0,37.0,5.413812497751259,29.309365760807726,8.456608893860654,71.51423398372312,0.0,1.0,0.8863801778183417,0.6579573914413196,0.8561957526014192,0.33088384489527767,1.0,17.0,1.0,19.0,1.0,33.0,1.0,35.0,1.0,51.0,1.0,53.0,0.0,1.0,0.0,0.0,0.0,0.0
confirmation-20260916T173933Z-48f95d,2024_10_BUF_IND,2024-11-09 18:00:00+00:00,2024,10,IND,BUF,2024-11-10 18:00:00+00:00,M1_ridge_alpha100,historical_reconstruction,kickoff_minus_24h,19.687933060591227,25.82545006659162,19.755343033797615,25.834465653401033,-6.079122619603421,45.58980868719864,0.3079216470473449,0.02715595338567768,0.6649223995669774,0.31651696705034005,3.1593882922584564,1.463094110302007,215.93882922584567,-215.93882922584567,6.079122619603421,6.0,0.48096988579788935,0.03019091403028722,0.4888392001718234,45.5,0.5005479534865923,0.0,0.4994520465134077,0.019685397209165293,1.2212453270876722e-15,100,0,negative_latent_mass=0.0197 exceeds 0.01,,1,1,b8eb3c94eb3388ec3f3ff44dda35e9130178f1d32a5f2a459ddc134106dcbcb5,b7a8fd6d3b282691ecd59299f76b860a8be26f51d7febaf57f7dd1bbd7edede6,False,-15,3,36,55,-23,11,28,63,-32,20,19,72,0.02715595338567768,0.02376333076599101,0.02933465085494327,0.01843607638720421,0.030138345977259947,0.5000370944597099,20,30,3.5277832512901277,3.7540466909811268,2.205095656400676,8.705766711903522,-10.0,50.0,3.920877380396579,15.37327943210554,4.410191312801359,19.449787415508577,0.0,0.0,0.40808493751585356,0.2078301848365871,0.38055344690143444,0.10018299043074605,1.0,18.0,1.0,19.0,1.0,34.0,1.0,35.0,1.0,52.0,1.0,53.0,0.0,0.0,0.0,0.0,0.0,1.0
confirmation-20260916T173933Z-48f95d,2024_10_CIN_BAL,2024-11-07 01:15:00+00:00,2024,10,BAL,CIN,2024-11-08 01:15:00+00:00,M1_ridge_alpha100,historical_reconstruction,kickoff_minus_24h,29.01079088542042,23.59423851491801,29.01388043226564,23.613410862601853,5.400469569663786,52.6272912948675,0.644890935559174,0.02773298409716331,0.3273760803436627,0.6632858309610917,1.5076456533844755,2.969877991337059,-196.98779913370595,196.98779913370586,-5.400469569663786,-5.5,0.4974577213909167,0.0,0.5025422786090833,52.5,0.5030933696674147,0.0,0.4969066303325853,0.006389498142957625,3.1308289294429414e-14,100,0,,,1,1,b8eb3c94eb3388ec3f3ff44dda35e9130178f1d32a5f2a459ddc134106dcbcb5,b7a8fd6d3b282691ecd59299f76b860a8be26f51d7febaf57f7dd1bbd7edede6,False,-4,14,43,62,-12,22,35,70,-20,31,26,79,0.02773298409716331,0.02964927646914335,0.024627242667982482,0.02993859997660056,0.019416127539026683,0.5000046738714388,35,34,3.6700317541348655,10.223758407164157,8.186354352566253,71.85743069416469,1.0,69.0,4.400469569663786,19.364132433536984,16.372708705132503,268.06559034312164,0.0,1.0,0.4386740686403744,0.23404666403615254,0.4105492641123875,0.1133764316315625,1.0,18.0,0.0,19.0,1.0,34.0,1.0,35.0,1.0,51.0,1.0,53.0,0.0,0.0,0.0,0.0,0.0,0.0
confirmation-20260916T173933Z-48f95d,2024_10_DEN_KC,2024-11-09 18:00:00+00:00,2024,10,KC,DEN,2024-11-10 18:00:00+00:00,M1_ridge_alpha100,historical_reconstruction,kickoff_minus_24h,22.744523226905542,16.977606786645197,22.771371464385314,17.1138650712688,5.65750639311651,39.88523653565412,0.6544789702008804,0.027820756533533112,0.3177002732655865,0.6732081296729056,1.4854247236822202,3.0600516438768013,-206.00516438768017,206.00516438768014,-5.65750639311651,-5.5,0.5073207305609235,0.0,0.4926792694390765,39.5,0.5071441935765141,0.0,0.4928558064234859,0.03935928594289952,0.0,100,0,negative_latent_mass=0.0394 exceeds 0.01,,1,1,b8eb3c94eb3388ec3f3ff44dda35e9130178f1d32a5f2a459ddc134106dcbcb5,b7a8fd6d3b282691ecd59299f76b860a8be26f51d7febaf57f7dd1bbd7edede6,False,-3,15,31,49,-11,22,23,57,-20,31,14,66,0.027820756533533112,0.029589806875889812,0.02425362598624661,0.03019860016239679,0.01899409516473544,0.5001800360558124,16,14,3.482386706363564,5.843735788908165,4.942618267827058,27.773813595379785,2.0,30.0,3.6575063931165097,13.37735301568814,9.885236535654123,97.71790136583112,0.0,1.0,0.4239158252394888,0.22109224016057055,0.3957007405754411,0.1067929265118805,1.0,18.0,0.0,18.0,1.0,33.0,1.0,34.0,1.0,51.0,1.0,52.0,0.0,0.0,0.0,0.0,0.0,1.0
confirmation-20260916T173933Z-48f95d,2024_10_DET_HOU,2024-11-10 01:20:00+00:00,2024,10,HOU,DET,2024-11-11 01:20:00+00:00,M1_ridge_alpha100,historical_reconstruction,kickoff_minus_24h,21.00889902262383,26.275615675559187,21.054663577805325,26.283313139345086,-5.228649561539755,47.33797671715041,0.33145565213214023,0.027902113294539392,0.6406422345733204,0.34096941950514614,2.9328143311248103,1.5173802697427463,193.281433112481,-193.281433112481,5.228649561539755,5.5,0.5071483540568866,0.0,0.49285164594311337,47.5,0.49376162690148195,0.0,0.506238373098518,0.014274330866921061,1.7763568394002505e-15,100,0,negative_latent_mass=0.0143 exceeds 0.01,,1,1,b8eb3c94eb3388ec3f3ff44dda35e9130178f1d32a5f2a459ddc134106dcbcb5,b7a8fd6d3b282691ecd59299f76b860a8be26f51d7febaf57f7dd1bbd7edede6,False,-14,4,38,56,-22,12,30,65,-31,21,21,74,0.027902113294539392,0.02480989387463794,0.029721291186933754,0.019632125584243917,0.029923793171715687,0.500022986329158,23,26,3.2368073944495976,3.2602347086548518,1.1143247807698806,1.9323000652213733,-3.0,49.0,2.228649561539755,4.966878868151342,1.6620232828495887,2.762321392734124,0.0,0.0,0.44528411426863884,0.23977938082910016,0.4169853411634824,0.11626014503767633,1.0,18.0,1.0,18.0,1.0,34.0,1.0,35.0,1.0,52.0,1.0,53.0,0.0,0.0,1.0,0.0,0.0,0.0
confirmation-20260916T173933Z-48f95d,2024_10_MIA_LA,2024-11-11 01:15:00+00:00,2024,10,LA,MIA,2024-11-12 01:15:00+00:00,M1_ridge_alpha100,historical_reconstruction,kickoff_minus_24h,23.41731587911876,19.867446716681705,23.438985737555004,19.928274803428256,3.5107109341267497,43.36726054098325,0.5910579681296071,0.029248629270459684,0.3796934025999333,0.6088664780204374,1.6423962167390562,2.556671683211677,-155.66716832116774,155.6671683211677,-3.5107109341267497,-3.5,0.5013127865117264,0.0,0.4986872134882736,43.5,0.49384224607859717,0.0,0.5061577539214028,0.021548530901960294,0.0,100,0,negative_latent_mass=0.0215 exceeds 0.01,,1,1,b8eb3c94eb3388ec3f3ff44dda35e9130178f1d32a5f2a459ddc134106dcbcb5,b7a8fd6d3b282691ecd59299f76b860a8be26f51d7febaf57f7dd1bbd7edede6,False,-5,12,34,52,-13,20,26,61,-22,29,17,70,0.029248629270459684,0.0301581003411336,0.026696505493789005,0.029215248580615985,0.021982545601176354,0.50007449208363,15,23,6.865425650585928,3.9812921560659458,5.755355467063374,40.32598798095525,-8.0,38.0,11.510710934126749,132.4964662090251,5.367260540983253,28.80748571479584,0.0,0.0,0.9683911871917948,0.734985278781749,0.9387062888518983,0.37071838805701174,0.0,17.0,1.0,18.0,1.0,33.0,1.0,35.0,1.0,51.0,1.0,53.0,0.0,0.0,0.0,0.0,0.0,1.0
confirmation-20260916T173933Z-48f95d,2024_10_MIN_JAX,2024-11-09 18:00:00+00:00,2024,10,JAX,MIN,2024-11-10 18:00:00+00:00,M1_ridge_alpha100,historical_reconstruction,kickoff_minus_24h,21.30317895615911,24.90615717578069,21.345069080861027,24.91853167544753,-3.5734625945865,46.26360075630857,0.37821113922895366,0.029122285279321217,0.5926665754917251,0.3895558971994376,2.5670257007764885,1.6381516266800746,156.70257007764883,-156.70257007764883,3.5734625945865,3.5,0.496985694822231,0.0,0.503014305177769,46.0,0.49155209352492957,0.02929883821330225,0.4791490682617682,0.014620464002552281,5.551115123125783e-16,100,0,negative_latent_mass=0.0146 exceeds 0.01,,1,1,b8eb3c94eb3388ec3f3ff44dda35e9130178f1d32a5f2a459ddc134106dcbcb5,b7a8fd6d3b282691ecd59299f76b860a8be26f51d7febaf57f7dd1bbd7edede6,False,-13,5,37,55,-20,13,29,64,-29,22,20,73,0.029122285279321217,0.026629040516880483,0.03013298610793033,0.0218906490972559,0.029210487036976082,0.5000326305688347,7,12,3.141808866722677,19.81044308801889,13.631800378154278,186.33473379210807,-5.0,19.0,1.4265374054134998,2.03500896904388,27.26360075630857,743.3039261993893,0.0,0.0,0.5231233054148928,0.30981229205839167,0.4935685493274618,0.1517537970428588,1.0,18.0,0.0,18.0,1.0,33.0,0.0,35.0,1.0,51.0,0.0,53.0,0.0,0.0,0.0,0.0,0.0,0.0
confirmation-20260916T173933Z-48f95d,2024_10_NE_CHI,2024-11-09 18:00:00+00:00,2024,10,CHI,NE,2024-11-10 18:00:00+00:00,M1_ridge_alpha100,historical_reconstruction,kickoff_minus_24h,22.180597966880498,15.434460061124422,22.212623913436964,15.63768030203173,6.574943611405233,37.85030421546869,0.6811809830110663,0.02713440118193356,0.2916846158070001,0.7001799465811439,1.428204285031048,3.335333939798133,-233.5333939798133,233.5333939798133,-6.574943611405233,-6.5,0.5059863957575919,0.0,0.49401360424240814,37.5,0.5046146215877324,0.0,0.4953853784122676,0.054176371637650926,-2.220446049250313e-16,100,0,negative_latent_mass=0.0542 exceeds 0.01,,1,1,b8eb3c94eb3388ec3f3ff44dda35e9130178f1d32a5f2a459ddc134106dcbcb5,b7a8fd6d3b282691ecd59299f76b860a8be26f51d7febaf57f7dd1bbd7edede6,False,-2,15,29,47,-10,23,21,55,-19,31,13,64,0.02713440118193356,0.029117193541532947,0.023050874741193224,0.03042936151496805,0.01765776668327273,0.5002947215427758,3,19,15.712820247683943,9.730909949615816,11.287471805702616,190.21505569525766,-16.0,22.0,22.57494361140523,509.6280790581259,15.85030421546869,251.2321437229045,0.0,0.0,1.2320821432764202,0.9664544908279018,1.2045728062282288,0.4902519575943735,0.0,17.0,0.0,18.0,0.0,33.0,1.0,34.0,1.0,50.0,1.0,51.0,0.0,0.0,0.0,0.0,0.0,1.0
confirmation-20260916T173933Z-48f95d,2024_10_NYG_CAR,2024-11-09 14:30:00+00:00,2024,10,CAR,NYG,2024-11-10 14:30:00+00:00,M1_ridge_alpha100,historical_reconstruction,kickoff_minus_24h,16.755781442262325,21.755570448070387,16.906287046387206,21.790018395130065,-4.883731348742857,38.696305441517275,0.3385871558640433,0.028618426963342464,0.6327944171726142,0.3485624653199653,2.868926231291264,1.5350665977378295,186.8926231291264,-186.89262312912638,4.883731348742857,5.0,0.4857091287526313,0.03031875771127748,0.48397211353609126,38.5,0.5010355783055072,0.0,0.49896442169449284,0.04398428685783119,-2.220446049250313e-16,100,0,negative_latent_mass=0.0440 exceeds 0.01,,1,1,b8eb3c94eb3388ec3f3ff44dda35e9130178f1d32a5f2a459ddc134106dcbcb5,b7a8fd6d3b282691ecd59299f76b860a8be26f51d7febaf57f7dd1bbd7edede6,True,-14,4,29,48,-22,12,22,56,-30,21,13,65,0.028618426963342464,0.025173438295026312,0.029927655504167913,0.020067053256967247,0.030031659244663594,0.5002443552145415,20,17,4.92678714537501,3.2195708207142673,3.9418656743714298,16.257668032518005,3.0,37.0,7.883731348742857,62.15321997915086,1.696305441517275,2.877452150921117,0.0,1.0,1.0829737430680153,0.8387147391547001,1.053937824326821,0.4243708615900015,1.0,18.0,1.0,19.0,1.0,34.0,1.0,34.0,1.0,51.0,1.0,52.0,0.0,1.0,0.0,0.0,0.0,0.0
confirmation-20260916T173933Z-48f95d,2024_10_NYJ_ARI,2024-11-09 21:25:00+00:00,2024,10,ARI,NYJ,2024-11-10 21:25:00+00:00,M1_ridge_alpha100,historical_reconstruction,kickoff_minus_24h,23.025846456937735,19.845162627907758,23.05040640870974,19.906388144558413,3.1440182641513292,42.95679455326815,0.5801745735083156,0.02947645414545094,0.3903489723462335,0.5977954640940422,1.6728129603918926,2.486297171531195,-148.62971715311951,148.62971715311951,-3.1440182641513292,-3.0,0.49016317821500544,0.03018467800737292,0.47965214377762166,43.0,0.4817208881223217,0.02932062883603501,0.48895848304164324,0.02236601178249817,1.1102230246251565e-16,100,0,negative_latent_mass=0.0224 exceeds 0.01,,1,1,b8eb3c94eb3388ec3f3ff44dda35e9130178f1d32a5f2a459ddc134106dcbcb5,b7a8fd6d3b282691ecd59299f76b860a8be26f51d7febaf57f7dd1bbd7edede6,False,-6,12,34,52,-14,20,26,60,-23,29,17,70,0.02947645414545094,0.03018467800737292,0.027060297623459944,0.028997745215447755,0.022472871794990558,0.500083734303322,31,6,14.946614762197267,4.167983883247173,10.927990867924336,128.29183474689899,25.0,37.0,21.855981735848673,477.6839376377508,5.956794553268153,35.48340134984514,0.0,1.0,0.5444262319222752,0.3294945702896741,0.5145066168257864,0.16176848870332694,0.0,18.0,1.0,18.0,0.0,34.0,1.0,34.0,1.0,52.0,1.0,53.0,0.0,0.0,0.0,0.0,0.0,0.0
confirmation-20260916T173933Z-48f95d,2024_10_PHI_DAL,2024-11-09 21:25:00+00:00,2024,10,DAL,PHI,2024-11-10 21:25:00+00:00,M1_ridge_alpha100,historical_reconstruction,kickoff_minus_24h,21.669167111375415,25.179283156079286,21.706651300614105,25.190556077323574,-3.4839047767094753,46.89720737793768,0.3808880616360054,0.029164788908328274,0.5899471494556663,0.39233029177805523,2.548872776221187,1.6456308196207814,154.88727762211872,-154.88727762211872,3.4839047767094753,3.5,0.49977115730278043,0.0,0.5002288426972196,47.0,0.4809717020417953,0.029295759930470094,0.48973253802773464,0.013258843856613928,6.661338147750939e-16,100,0,negative_latent_mass=0.0133 exceeds 0.01,,1,1,b8eb3c94eb3388ec3f3ff44dda35e9130178f1d32a5f2a459ddc134106dcbcb5,b7a8fd6d3b282691ecd59299f76b860a8be26f51d7febaf57f7dd1bbd7edede6,False,-12,5,38,56,-20,13,29,64,-29,22,21,74,0.029164788908328274,0.02671993654708842,0.030138779250528176,0.022010701101595285,0.029151201475377992,0.5000272295877795,6,34,17.389235494123433,4.523110161029906,12.258047611645265,162.1525986529317,-28.0,40.0,24.516095223290524,601.0389249974485,6.897207377937683,47.57146961427801,0.0,0.0,0.5277223232884343,0.31406964064843446,0.49812378768195203,0.15392305784665394,0.0,17.0,1.0,18.0,0.0,33.0,1.0,35.0,1.0,51.0,1.0,53.0,0.0,0.0,0.0,0.0,0.0,1.0
confirmation-20260916T173933Z-48f95d,2024_10_PIT_WAS,2024-11-09 18:00:00+00:00,2024,10,WAS,PIT,2024-11-10 18:00:00+00:00,M1_ridge_alpha100,historical_reconstruction,kickoff_minus_24h,24.06530809986632,22.409001255055333,24.08286637205851,22.437076123438164,1.6457902486203357,46.519942495496664,0.5347823726525356,0.029980869885183864,0.4352367574622805,0.5513111608316799,1.8138577105739182,2.2287160114202487,-122.87160114202489,122.87160114202489,-1.6457902486203357,-1.5,0.5046644387198052,0.0,0.49533556128019485,46.5,0.4992924592152581,0.0,0.5007075407847419,0.012625384093956126,2.220446049250313e-16,100,0,negative_latent_mass=0.0126 exceeds 0.01,,1,1,b8eb3c94eb3388ec3f3ff44dda35e9130178f1d32a5f2a459ddc134106dcbcb5,b7a8fd6d3b282691ecd59299f76b860a8be26f51d7febaf57f7dd1bbd7edede6,False,-7,11,37,56,-15,19,29,64,-24,27,20,73,0.029980869885183864,0.03000590440862535,0.028349370552003615,0.02781828682523442,0.02436603814120234,0.5000313939668071,27,28,3.2962188926307565,5.238179460127877,4.240028752251662,19.72789532984442,-1.0,55.0,2.6457902486203357,7.000206039694458,8.480057504503336,71.91137527968334,0.0,0.0,0.8318651259264326,0.6058485587806668,0.8014256400151042,0.3039439960575744,1.0,18.0,1.0,19.0,1.0,34.0,1.0,35.0,1.0,51.0,1.0,53.0,0.0,0.0,0.0,0.0,0.0,0.0
confirmation-20260916T173933Z-48f95d,2024_10_SF_TB,2024-11-09 18:00:00+00:00,2024,10,TB,SF,2024-11-10 18:00:00+00:00,M1_ridge_alpha100,historical_reconstruction,kickoff_minus_24h,24.891744584704284,25.55546995929609,24.9050935443131,25.565372661196523,-0.6602791168834194,50.470466205509624,0.4649466904675744,0.030128517210223818,0.5049247923222018,0.47939000034332757,2.08598427018466,1.9208236504474976,108.59842701846598,-108.59842701846598,0.6602791168834194,0.5,0.4950752076777982,0.0,0.5049247923222018,50.5,0.49846583440888004,0.0,0.50153416559112,0.006768557942789605,2.1094237467877974e-15,100,0,,,1,1,b8eb3c94eb3388ec3f3ff44dda35e9130178f1d32a5f2a459ddc134106dcbcb5,b7a8fd6d3b282691ecd59299f76b860a8be26f51d7febaf57f7dd1bbd7edede6,False,-10,8,41,60,-18,16,33,68,-26,25,24,77,0.030128517210223818,0.029015956905460223,0.029683762423377395,0.02550192770547151,0.026892773878627048,0.5000097220536355,20,23,3.2516486633009833,4.764820200453942,3.735233102754812,15.320539784638292,-3.0,43.0,2.3397208831165806,5.474293810891831,7.470466205509624,55.807865327661354,0.0,0.0,0.6833457868920192,0.46218261378325226,0.6527540786601714,0.2298147724291756,1.0,18.0,1.0,19.0,1.0,34.0,1.0,35.0,1.0,51.0,1.0,53.0,0.0,0.0,1.0,0.0,0.0,0.0
confirmation-20260916T173933Z-48f95d,2024_10_TEN_LAC,2024-11-09 21:05:00+00:00,2024,10,LAC,TEN,2024-11-10 21:05:00+00:00,M1_ridge_alpha100,historical_reconstruction,kickoff_minus_24h,21.453335401220954,15.459371018504395,21.49336445442343,15.661318072785457,5.832046381637973,37.15468252720889,0.6605570528483062,0.028006939141188285,0.3114360080105054,0.6795902969355214,1.4714748054957567,3.1210041095377266,-212.10041095377255,212.10041095377267,-5.832046381637973,-6.0,0.4831133148900434,0.03042314776056774,0.48646353734938885,37.0,0.4838872218766227,0.029527551927862775,0.48658522619551453,0.05578466757146545,-2.220446049250313e-16,100,0,negative_latent_mass=0.0558 exceeds 0.01,,1,1,b8eb3c94eb3388ec3f3ff44dda35e9130178f1d32a5f2a459ddc134106dcbcb5,b7a8fd6d3b282691ecd59299f76b860a8be26f51d7febaf57f7dd1bbd7edede6,False,-3,15,28,46,-11,22,20,54,-20,31,12,64,0.028006939141188285,0.02955970683843131,0.024010418160165588,0.030373192288234877,0.01871636946301387,0.5003571643985805,27,17,3.5416296705173176,4.568128519393193,3.422658736395557,16.057552167029115,10.0,44.0,4.167953618362027,17.371837364817114,6.845317472791109,46.85837130329926,0.0,1.0,0.41467178047867465,0.21299829009660537,0.3862651668973494,0.10266237781786733,1.0,18.0,1.0,18.0,1.0,33.0,1.0,34.0,1.0,51.0,1.0,52.0,0.0,0.0,0.0,0.0,0.0,1.0
confirmation-20260916T173933Z-48f95d,2024_11_ATL_DEN,2024-11-16 21:05:00+00:00,2024,11,DEN,ATL,2024-11-17 21:05:00+00:00,M1_ridge_alpha100,historical_reconstruction,kickoff_minus_24h,20.92279511759277,21.262930602660894,20.96975255396469,21.303016439259054,-0.3332638852943557,42.27276899322375,0.47457148161248774,0.030366642580660613,0.4950618758068516,0.48943394735877344,2.0431766235188475,1.9586104380165237,104.31766235188475,-104.31766235188469,0.3332638852943557,0.5,0.5049381241931483,0.0,0.4950618758068517,42.0,0.49092593315401467,0.029318274984128898,0.4797557918618564,0.022804536017288417,-2.220446049250313e-16,100,0,negative_latent_mass=0.0228 exceeds 0.01,,1,1,b8eb3c94eb3388ec3f3ff44dda35e9130178f1d32a5f2a459ddc134106dcbcb5,b7a8fd6d3b282691ecd59299f76b860a8be26f51d7febaf57f7dd1bbd7edede6,False,-9,9,33,51,-17,17,25,60,-26,25,16,69,0.030366642580660613,0.029241012205023956,0.029586837935242524,0.025918022710935965,0.026639051042152473,0.500102440396651,38,6,24.989817075918612,3.2656883027721806,16.166631942647182,262.10582010671254,32.0,44.0,32.33326388529436,1045.4399534760803,1.7272310067762504,2.9833269507692997,0.0,1.0,0.745343026097987,0.5220835217939165,0.7145057651181425,0.26067769410964375,0.0,18.0,1.0,18.0,0.0,34.0,1.0,35.0,0.0,51.0,1.0,53.0,0.0,0.0,0.0,0.0,0.0,1.0
confirmation-20260916T173933Z-48f95d,2024_11_BAL_PIT,2024-11-16 18:00:00+00:00,2024,11,PIT,BAL,2024-11-17 18:00:00+00:00,M1_ridge_alpha100,historical_reconstruction,kickoff_minus_24h,24.3576402023534,26.453743519730956,24.373587861482257,26.46097035735347,-2.087382495871216,50.83455821883572,0.42221486450205015,0.029788065876491552,0.5479970696214583,0.4351779746798105,2.2979104140915374,1.7704692012198255,129.79104140915373,-129.79104140915376,2.087382495871216,2.0,0.4820470693519716,0.03014756478603364,0.48780536586199474,51.0,0.47985010764034586,0.029283382318375052,0.49086651004127907,0.006714069286301958,2.886579864025407e-15,100,0,,,1,1,b8eb3c94eb3388ec3f3ff44dda35e9130178f1d32a5f2a459ddc134106dcbcb5,b7a8fd6d3b282691ecd59299f76b860a8be26f51d7febaf57f7dd1bbd7edede6,False,-11,7,42,60,-19,15,33,68,-28,24,24,78,0.029788065876491552,0.027994311158652665,0.03007936873885529,0.02381136935151083,0.02815716467582869,0.5000085804435193,18,16,3.5893568512058853,10.552822223198495,8.417279109417864,75.02726152273098,2.0,34.0,4.087382495871216,16.70669566755441,16.834558218835717,283.40235042336917,0.0,1.0,0.8622409369350719,0.6350237799847519,0.8320001943722865,0.3190239202868007,1.0,18.0,0.0,18.0,1.0,34.0,1.0,35.0,1.0,52.0,1.0,54.0,0.0,0.0,0.0,0.0,0.0,1.0
confirmation-20260916T173933Z-48f95d,2024_11_CIN_LAC,2024-11-17 01:20:00+00:00,2024,11,LAC,CIN,2024-11-18 01:20:00+00:00,M1_ridge_alpha100,historical_reconstruction,kickoff_minus_24h,21.043246162498335,21.712146327828187,21.088542509011432,21.74706081116943,-0.6585183021580034,42.83560332018086,0.4647044898193211,0.030305421131656955,0.504990089049022,0.47922768668217414,2.086690789764833,1.920224970542362,108.66907897648333,-108.66907897648335,0.6585183021580034,0.5,0.495009910950978,0.0,0.504990089049022,43.0,0.4783018101359313,0.02930830206999461,0.49238988779407405,0.02116007809125046,-2.220446049250313e-16,100,0,negative_latent_mass=0.0212 exceeds 0.01,,1,1,b8eb3c94eb3388ec3f3ff44dda35e9130178f1d32a5f2a459ddc134106dcbcb5,b7a8fd6d3b282691ecd59299f76b860a8be26f51d7febaf57f7dd1bbd7edede6,False,-10,8,34,52,-18,16,25,60,-26,25,17,69,0.030305421131656955,0.029043670164471572,0.02972073928110033,0.025546801460006027,0.026958201968540572,0.5000879061080653,34,27,4.806646170318604,11.688022735221121,9.082198339909569,97.14955233157838,7.0,61.0,7.658518302158003,58.652902584489105,18.16439667981914,329.94530674182465,0.0,1.0,0.7663535811790644,0.5424746918072996,0.73557945696725,0.27120380231839986,1.0,18.0,0.0,18.0,1.0,34.0,0.0,35.0,1.0,51.0,1.0,52.0,0.0,0.0,0.0,1.0,0.0,0.0
confirmation-20260916T173933Z-48f95d,2024_11_CLE_NO,2024-11-16 18:00:00+00:00,2024,11,NO,CLE,2024-11-17 18:00:00+00:00,M1_ridge_alpha100,historical_reconstruction,kickoff_minus_24h,23.30775993163926,18.3014296864793,23.330205740727433,18.39649515246882,4.933710588258604,41.72670089319626,0.633147481774347,0.028319101643577333,0.33853341658207575,0.6516002144791591,1.5346833499729984,2.8702658312634948,-187.02658312634955,187.02658312634952,-4.933710588258604,-5.0,0.4846568109146884,0.03023352012574549,0.48510966895956614,41.5,0.5035309337494769,0.0,0.4964690662505231,0.029454632348082075,0.0,100,0,negative_latent_mass=0.0295 exceeds 0.01,,1,1,b8eb3c94eb3388ec3f3ff44dda35e9130178f1d32a5f2a459ddc134106dcbcb5,b7a8fd6d3b282691ecd59299f76b860a8be26f51d7febaf57f7dd1bbd7edede6,False,-4,14,32,51,-12,22,24,59,-21,30,16,68,0.028319101643577333,0.02986206486454469,0.02513796965491247,0.029925679444783783,0.020025917140960563,0.5001129603981043,35,14,10.023149120971443,4.72330310840297,8.033144705870694,77.7566338397164,21.0,49.0,16.066289411741394,258.1256554618336,7.273299106803741,52.90087989703209,0.0,1.0,0.4570518953905198,0.2499876157891356,0.4283240730965985,0.12138241055096798,0.0,18.0,1.0,19.0,1.0,34.0,1.0,35.0,1.0,51.0,1.0,52.0,0.0,0.0,0.0,0.0,0.0,0.0
confirmation-20260916T173933Z-48f95d,2024_11_GB_CHI,2024-11-16 18:00:00+00:00,2024,11,CHI,GB,2024-11-17 18:00:00+00:00,M1_ridge_alpha100,historical_reconstruction,kickoff_minus_24h,18.94701826765872,22.34609683938301,19.03020200165202,22.37473512159761,-3.3445331199455817,41.40493712324964,0.3839881566393901,0.029449662505164308,0.5865621808554455,0.3956396096162641,2.5275527922239958,1.6546418592473515,152.7552792223996,-152.7552792223996,3.3445331199455817,3.5,0.5033589428692067,0.0,0.4966410571307933,41.5,0.4941849736014864,0.0,0.5058150263985136,0.028279817987771686,-2.220446049250313e-16,100,0,negative_latent_mass=0.0283 exceeds 0.01,,1,1,b8eb3c94eb3388ec3f3ff44dda35e9130178f1d32a5f2a459ddc134106dcbcb5,b7a8fd6d3b282691ecd59299f76b860a8be26f51d7febaf57f7dd1bbd7edede6,False,-12,6,32,50,-20,13,24,59,-29,22,16,68,0.029449662505164308,0.026859061589575857,0.030195059974154986,0.02219905982966156,0.029169983206110202,0.5001250889487253,19,20,3.24431125619995,3.320265427288556,1.2024685616248156,2.820139529326501,-1.0,39.0,2.3445331199455817,5.496835550521763,2.4049371232496384,5.783722566784246,0.0,0.0,0.5334765962944642,0.3192450173599902,0.5035845861650177,0.15653070069730984,1.0,18.0,1.0,18.0,1.0,33.0,1.0,35.0,1.0,51.0,1.0,52.0,0.0,0.0,0.0,0.0,0.0,0.0
confirmation-20260916T173933Z-48f95d,2024_11_HOU_DAL,2024-11-18 01:15:00+00:00,2024,11,DAL,HOU,2024-11-19 01:15:00+00:00,M1_ridge_alpha100,historical_reconstruction,kickoff_minus_24h,21.141401311879832,22.18470640326894,21.1853832423435,22.214837305101934,-1.0294540627584325,43.400220547445436,0.4534899742668873,0.03022180491731216,0.5162882208158005,0.46762236619294234,2.138477695456075,1.8783659126491707,113.84776954560745,-113.84776954560749,1.0294540627584325,1.0,0.4837117791841995,0.03016855746993416,0.4861196633458663,43.5,0.4950084733691327,0.0,0.5049915266308673,0.019672905392988986,0.0,100,0,negative_latent_mass=0.0197 exceeds 0.01,,1,1,b8eb3c94eb3388ec3f3ff44dda35e9130178f1d32a5f2a459ddc134106dcbcb5,b7a8fd6d3b282691ecd59299f76b860a8be26f51d7febaf57f7dd1bbd7edede6,False,-10,8,34,53,-18,16,26,61,-27,25,17,70,0.03022180491731216,0.028800308208852796,0.029852754586446043,0.025113663263097538,0.027307559253451262,0.500075226349397,10,34,15.966824248839085,3.1849937795197882,11.485272968620784,132.00142901165793,-24.0,44.0,22.970545937241567,527.6459806549251,0.5997794525545643,0.35973539170665286,0.0,0.0,0.6610901019688371,0.44054359957458594,0.6304022034731243,0.21867067736388626,0.0,18.0,1.0,19.0,0.0,34.0,1.0,35.0,1.0,52.0,1.0,53.0,0.0,0.0,0.0,0.0,0.0,1.0
confirmation-20260916T173933Z-48f95d,2024_11_IND_NYJ,2024-11-16 18:00:00+00:00,2024,11,NYJ,IND,2024-11-17 18:00:00+00:00,M1_ridge_alpha100,historical_reconstruction,kickoff_minus_24h,20.605710945486457,19.350037899997908,20.657305319015727,19.420711812475467,1.2365935065402462,40.078017131491194,0.5225617994058633,0.03042045736200335,0.4470177432321333,0.5389571215416697,1.8554351729123306,2.168995654685905,-116.89956546859047,116.89956546859048,-1.2365935065402462,-1.5,0.4923695525155597,0.0,0.5076304474844403,40.0,0.48430018360499927,0.029348758917437455,0.4863510574775633,0.03099796757511178,-2.220446049250313e-16,100,0,negative_latent_mass=0.0310 exceeds 0.01,,1,1,b8eb3c94eb3388ec3f3ff44dda35e9130178f1d32a5f2a459ddc134106dcbcb5,b7a8fd6d3b282691ecd59299f76b860a8be26f51d7febaf57f7dd1bbd7edede6,False,-8,10,31,49,-16,18,23,57,-24,27,14,67,0.03042045736200335,0.029959029782695257,0.028692227739902258,0.02756146148025733,0.024920161246836242,0.5001824534761554,27,28,3.223233301074445,9.192030200432457,7.460991434254403,56.91698081039209,-1.0,55.0,2.2365935065402462,5.002350513497994,14.921982868508806,222.6655727280703,0.0,0.0,0.8051569911247374,0.5797856147244902,0.7742642284706258,0.2904747788604822,1.0,18.0,0.0,18.0,1.0,34.0,1.0,34.0,1.0,51.0,1.0,53.0,0.0,0.0,0.0,0.0,0.0,0.0
confirmation-20260916T173933Z-48f95d,2024_11_JAX_DET,2024-11-16 18:00:00+00:00,2024,11,DET,JAX,2024-11-17 18:00:00+00:00,M1_ridge_alpha100,historical_reconstruction,kickoff_minus_24h,29.020491381831846,18.72202856383503,29.02356970405172,18.806537282519763,10.217032421531957,47.83010698657149,0.7704903692326108,0.022309017589116825,0.20720061317827237,0.7880714695073311,1.2689204452803724,4.718571858519029,-371.8571858519032,371.8571858519029,-10.217032421531957,-10.5,0.4935684010093495,0.0,0.5064315989906505,47.5,0.5073643258699976,0.0,0.4926356741300024,0.021992814163711225,3.11972669919669e-14,100,0,negative_latent_mass=0.0220 exceeds 0.01,,1,1,b8eb3c94eb3388ec3f3ff44dda35e9130178f1d32a5f2a459ddc134106dcbcb5,b7a8fd6d3b282691ecd59299f76b860a8be26f51d7febaf57f7dd1bbd7edede6,False,1,19,39,57,-7,27,31,65,-16,36,22,74,0.022309017589116825,0.025906987791366142,0.018199774292631872,0.02926164038488292,0.012836945185768854,0.5000169493397372,52,6,28.404339308198566,6.110217240909355,17.891483789234023,345.9618731565693,46.0,58.0,35.782967578468046,1280.4207687216954,10.169893013428513,103.42672390458209,0.0,1.0,0.26072812367372383,0.09610445698222689,0.2381664958926846,0.0449137020367821,0.0,18.0,0.0,18.0,0.0,34.0,1.0,34.0,0.0,52.0,1.0,52.0,0.0,0.0,0.0,0.0,0.0,1.0
confirmation-20260916T173933Z-48f95d,2024_11_KC_BUF,2024-11-16 21:25:00+00:00,2024,11,BUF,KC,2024-11-17 21:25:00+00:00,M1_ridge_alpha100,historical_reconstruction,kickoff_minus_24h,23.61011926945767,21.421646455932144,23.63048255787857,21.459831313596556,2.170651244282012,45.09031387147512,0.550715414800597,0.02984205777903915,0.4194425274203638,0.567655420662595,1.761632081012723,2.3129699036184572,-131.2969903618457,131.2969903618457,-2.170651244282012,-2.0,0.4905151697454486,0.03016120320378929,0.4793236270507621,45.0,0.4863539932281328,0.029302589224051608,0.4843434175478156,0.015846665779136442,1.1102230246251565e-16,100,0,negative_latent_mass=0.0158 exceeds 0.01,,1,1,b8eb3c94eb3388ec3f3ff44dda35e9130178f1d32a5f2a459ddc134106dcbcb5,b7a8fd6d3b282691ecd59299f76b860a8be26f51d7febaf57f7dd1bbd7edede6,False,-7,11,36,54,-15,19,28,62,-24,28,19,72,0.02984205777903915,0.030112179053996376,0.02793416445918105,0.028265056279699476,0.023723172000768972,0.5000469537738277,30,21,4.453956942006604,4.2007521479844,3.4146743778589936,20.391098641226538,9.0,51.0,6.829348755717988,46.640004427226835,5.909686128524882,34.92439013767941,0.0,1.0,0.5965370918205452,0.37867922071906973,0.5662406981128727,0.1869218352824377,1.0,18.0,1.0,18.0,1.0,34.0,1.0,34.0,1.0,52.0,1.0,53.0,0.0,0.0,0.0,0.0,0.0,0.0
confirmation-20260916T173933Z-48f95d,2024_11_LA_NE,2024-11-16 18:00:00+00:00,2024,11,NE,LA,2024-11-17 18:00:00+00:00,M1_ridge_alpha100,historical_reconstruction,kickoff_minus_24h,18.646402744499767,20.61476774396462,18.73686608324598,20.663531147235258,-1.9266650639892733,39.400397230481246,0.42577595537929525,0.030296872702702562,0.5439271719180022,0.4390786658242449,2.277496216134267,1.7827811835138132,127.7496216134267,-127.74962161342673,1.9266650639892733,2.0,0.4862029327629507,0.030223819764739902,0.4835732474723094,39.5,0.49333604808391385,0.0,0.5066639519160862,0.03468871893277806,-4.440892098500626e-16,100,0,negative_latent_mass=0.0347 exceeds 0.01,,1,1,b8eb3c94eb3388ec3f3ff44dda35e9130178f1d32a5f2a459ddc134106dcbcb5,b7a8fd6d3b282691ecd59299f76b860a8be26f51d7febaf57f7dd1bbd7edede6,False,-11,7,30,48,-19,15,22,57,-27,24,14,66,0.030296872702702562,0.02816333209591664,0.03014704884786868,0.02406516772965278,0.02820349703363135,0.5002149410488801,22,28,3.5578665016676183,6.371702604778408,5.29980138475938,32.23590909312882,-6.0,50.0,4.073334936010727,16.59205750092551,10.599602769518754,112.35157887158964,0.0,0.0,0.6089399162390036,0.3902054891894269,0.5781746075774267,0.19279007478199892,1.0,18.0,0.0,18.0,1.0,34.0,1.0,35.0,1.0,51.0,1.0,52.0,0.0,0.0,0.0,0.0,0.0,1.0
confirmation-20260916T173933Z-48f95d,2024_11_LV_MIA,2024-11-16 18:00:00+00:00,2024,11,MIA,LV,2024-11-17 18:00:00+00:00,M1_ridge_alpha100,historical_reconstruction,kickoff_minus_24h,21.42089095389141,17.89533472306559,21.46131571198575,18.001679405476988,3.4596363065087603,39.46299511746274,0.5901819501529606,0.02956531693649995,0.38025273291053946,0.6081624662155055,1.6442974625231883,2.5520781287634042,-155.20781287634045,155.2078128763404,-3.4596363065087603,-3.5,0.5002696954608777,0.0,0.49973030453912226,39.5,0.49503137766061445,0.0,0.5049686223393856,0.03625164920409581,-2.220446049250313e-16,100,0,negative_latent_mass=0.0363 exceeds 0.01,,1,1,b8eb3c94eb3388ec3f3ff44dda35e9130178f1d32a5f2a459ddc134106dcbcb5,b7a8fd6d3b282691ecd59299f76b860a8be26f51d7febaf57f7dd1bbd7edede6,False,-5,12,30,49,-13,20,22,57,-22,29,14,66,0.02956531693649995,0.030217894637741393,0.026757974511698302,0.029295339569088936,0.02206375057655663,0.50020939956309,34,19,6.839359393559044,8.221947978915088,6.76850244126863,79.10762384197209,15.0,53.0,11.54036369349124,133.17999417805078,13.53700488253726,183.25050118983762,0.0,1.0,0.5273243995350577,0.31341708283192027,0.49731321854107835,0.15353665288231486,0.0,17.0,0.0,19.0,1.0,33.0,1.0,35.0,1.0,51.0,1.0,52.0,0.0,0.0,0.0,0.0,0.0,0.0
confirmation-20260916T173933Z-48f95d,2024_11_MIN_TEN,2024-11-16 18:00:00+00:00,2024,11,TEN,MIN,2024-11-17 18:00:00+00:00,M1_ridge_alpha100,historical_reconstruction,kickoff_minus_24h,17.87132389791727,22.63774966131894,17.983211670902175,22.663859291535008,-4.680647620632835,40.64707096243719,0.3451574161323465,0.028587583162848568,0.6262550007048049,0.3553150136336059,2.814404012297609,1.5511451656975141,181.44040122976088,-181.44040122976085,4.680647620632835,4.5,0.492454843913121,0.0,0.507545156086879,40.5,0.500677811430662,0.0,0.49932218856933797,0.033897638593700985,-2.220446049250313e-16,100,0,negative_latent_mass=0.0339 exceeds 0.01,,1,1,b8eb3c94eb3388ec3f3ff44dda35e9130178f1d32a5f2a459ddc134106dcbcb5,b7a8fd6d3b282691ecd59299f76b860a8be26f51d7febaf57f7dd1bbd7edede6,False,-14,4,31,50,-21,12,23,58,-30,21,15,67,0.028587583162848568,0.025418332197296677,0.029957795134661378,0.020363003121117922,0.02987261906455164,0.5001485744630413,13,23,3.89164455107592,3.7561357447932444,2.6596761896835837,12.4726945664515,-10.0,36.0,5.319352379367165,28.295509735879115,4.647070962437191,21.595268529926916,0.0,0.0,0.4679976414575706,0.259636216320416,0.438993474719581,0.12624875891344955,1.0,18.0,1.0,19.0,1.0,33.0,1.0,35.0,1.0,51.0,1.0,52.0,0.0,0.0,0.0,0.0,0.0,1.0
confirmation-20260916T173933Z-48f95d,2024_11_SEA_SF,2024-11-16 21:05:00+00:00,2024,11,SF,SEA,2024-11-17 21:05:00+00:00,M1_ridge_alpha100,historical_reconstruction,kickoff_minus_24h,26.598634304998505,20.448731997547316,26.606058870686223,20.49997328525918,6.106085585427034,47.1060321559454,0.6652801126214474,0.02711551052354374,0.3076043768550089,0.6838223034879076,1.4623682130568054,3.1627784345052765,-216.27784345052766,216.27784345052766,-6.106085585427034,-6.0,0.48928966820683595,0.030174963562047963,0.4805353682311161,47.0,0.48683588828695434,0.029308520116974466,0.48385559159607117,0.015562491458130465,4.107825191113079e-15,100,0,negative_latent_mass=0.0156 exceeds 0.01,,1,1,b8eb3c94eb3388ec3f3ff44dda35e9130178f1d32a5f2a459ddc134106dcbcb5,b7a8fd6d3b282691ecd59299f76b860a8be26f51d7febaf57f7dd1bbd7edede6,False,-3,15,38,56,-11,23,30,65,-20,32,21,74,0.02711551052354374,0.029319472816536057,0.023744794349911443,0.03012162434314096,0.018414764923727928,0.5000245413400717,17,20,5.509651005213563,6.0107404595745795,5.053016077972702,46.26317015653116,-3.0,37.0,9.106085585427035,82.92079468912203,10.1060321559454,102.13188593700242,0.0,0.0,1.178940812404387,0.9227445781108985,1.1514508927094351,0.46761294274750803,1.0,18.0,0.0,18.0,1.0,34.0,1.0,35.0,1.0,52.0,1.0,53.0,0.0,0.0,1.0,0.0,0.0,0.0
confirmation-20260916T173933Z-48f95d,2024_11_WAS_PHI,2024-11-14 01:15:00+00:00,2024,11,PHI,WAS,2024-11-15 01:15:00+00:00,M1_ridge_alpha100,historical_reconstruction,kickoff_minus_24h,25.603221956630236,23.006182866023448,25.613710543226436,23.02938801780495,2.5843225254214777,48.64309856103138,0.5629437856265007,0.02960770503804146,0.4074485093354579,0.5801198015989701,1.7237818761637238,2.381631722115398,-138.16317221153986,138.16317221153986,-2.5843225254214777,-2.5,0.5028907488267729,0.0,0.49710925117322713,48.5,0.5032329858681663,0.0,0.49676701413183366,0.009516363670364564,1.7763568394002505e-15,100,0,,,1,1,b8eb3c94eb3388ec3f3ff44dda35e9130178f1d32a5f2a459ddc134106dcbcb5,b7a8fd6d3b282691ecd59299f76b860a8be26f51d7febaf57f7dd1bbd7edede6,False,-6,12,39,58,-14,20,31,66,-23,28,22,75,0.02960770503804146,0.030140161487179375,0.02757319011685601,0.028543309353031614,0.023189919884124135,0.5000167318080508,26,18,3.955061900207032,3.794508860910413,2.707838737289258,12.721981689027215,8.0,44.0,5.415677474578523,29.329562508657204,4.64309856103138,21.55836424745167,0.0,1.0,0.5745755037378818,0.35790903847980055,0.5445206422901288,0.1762993810092882,1.0,18.0,1.0,19.0,1.0,34.0,1.0,35.0,1.0,51.0,1.0,53.0,0.0,0.0,0.0,0.0,0.0,1.0
confirmation-20260916T173933Z-48f95d,2024_12_ARI_SEA,2024-11-23 21:25:00+00:00,2024,12,SEA,ARI,2024-11-24 21:25:00+00:00,M1_ridge_alpha100,historical_reconstruction,kickoff_minus_24h,21.46190651661407,23.560690470707964,21.501831616700656,23.580074485610183,-2.0782428689095362,45.081906102310846,0.42209427564106894,0.029874233729846787,0.5480314906290843,0.43509232546610593,2.2983627645666225,1.7702007692232207,129.83627645666226,-129.83627645666223,2.0782428689095362,2.0,0.4820255444060546,0.03016399390349191,0.4878104616904535,45.0,0.4860851350692542,0.02930269456755573,0.48461217036319004,0.015988401949791935,0.0,100,0,negative_latent_mass=0.0160 exceeds 0.01,,1,1,b8eb3c94eb3388ec3f3ff44dda35e9130178f1d32a5f2a459ddc134106dcbcb5,b7a8fd6d3b282691ecd59299f76b860a8be26f51d7febaf57f7dd1bbd7edede6,False,-11,7,36,54,-19,15,28,62,-28,24,19,72,0.029874233729846787,0.028006979776434307,0.0300997718704979,0.023832590526061424,0.028197079431198604,0.5000467326983273,16,6,7.2154783394917805,15.885985029750495,11.54095305115542,169.66458502906454,10.0,22.0,12.078242868909536,145.88395080036406,23.081906102310846,532.7743893158947,0.0,1.0,0.8625265879035802,0.6352060108089024,0.8321970279628772,0.31912068074729205,0.0,18.0,0.0,18.0,1.0,34.0,0.0,34.0,1.0,52.0,1.0,53.0,0.0,0.0,0.0,0.0,0.0,1.0
confirmation-20260916T173933Z-48f95d,2024_12_BAL_LAC,2024-11-25 01:15:00+00:00,2024,12,LAC,BAL,2024-11-26 01:15:00+00:00,M1_ridge_alpha100,historical_reconstruction,kickoff_minus_24h,22.655888672609784,25.531184569173522,22.68349689683278,25.541170880496068,-2.857673983663281,48.22466777732884,0.39930451285094903,0.02948390210292011,0.5712115850461309,0.41143522886036044,2.4305162267458535,1.69904834443913,143.05162267458536,-143.05162267458536,2.857673983663281,3.0,0.4887261793767068,0.030154493976094855,0.4811193266471983,48.0,0.49086625783162874,0.029289753213371378,0.4798439889549999,0.01047175021563203,9.992007221626409e-16,100,0,negative_latent_mass=0.0105 exceeds 0.01,,1,1,b8eb3c94eb3388ec3f3ff44dda35e9130178f1d32a5f2a459ddc134106dcbcb5,b7a8fd6d3b282691ecd59299f76b860a8be26f51d7febaf57f7dd1bbd7edede6,False,-12,6,39,57,-20,14,31,66,-29,23,22,75,0.02948390210292011,0.027323420951971534,0.030154493976094855,0.022834266007477885,0.028741152821490416,0.5000186657028675,23,30,3.594959690432901,3.8483913099955647,2.3876661113355766,9.990665665625345,-7.0,53.0,4.142326016336719,17.158864825620036,4.77533222267116,22.803797836881483,0.0,0.0,0.5599955862189318,0.3441728992649997,0.5300682969283653,0.16927894754737716,1.0,18.0,1.0,18.0,1.0,34.0,1.0,35.0,1.0,52.0,1.0,53.0,0.0,0.0,0.0,0.0,1.0,0.0
confirmation-20260916T173933Z-48f95d,2024_12_DAL_WAS,2024-11-23 18:00:00+00:00,2024,12,WAS,DAL,2024-11-24 18:00:00+00:00,M1_ridge_alpha100,historical_reconstruction,kickoff_minus_24h,27.589842763352948,18.471002437228684,27.595056584399245,18.561679358917985,9.03337722548126,46.15673594331723,0.7425623688558847,0.02384162553329006,0.2335960056108253,0.7606986614867262,1.3145809906455967,4.178831619633965,-317.88316196339656,317.8831619633965,-9.03337722548126,-9.0,0.4880928571292298,0.03022441424591092,0.4816827286248593,46.0,0.48739356796522537,0.02934835856939368,0.48325807346538097,0.02397802164743092,9.658940314238862e-15,100,0,negative_latent_mass=0.0240 exceeds 0.01,,1,1,b8eb3c94eb3388ec3f3ff44dda35e9130178f1d32a5f2a459ddc134106dcbcb5,b7a8fd6d3b282691ecd59299f76b860a8be26f51d7febaf57f7dd1bbd7edede6,False,0,18,37,55,-8,26,29,64,-17,34,20,73,0.02384162553329006,0.02711180431238971,0.019829121708825205,0.02981670153147543,0.014370007133623451,0.500029117135917,26,34,10.855933560862772,8.406742897242257,8.51668861274063,120.4429748621472,-8.0,60.0,17.03337722548126,290.13593970554365,13.84326405668277,191.6359597430451,0.0,0.0,1.4541621274429866,1.1393423773646147,1.4300316906305741,0.5786624535876967,0.0,18.0,0.0,18.0,1.0,34.0,1.0,35.0,1.0,51.0,1.0,53.0,0.0,0.0,0.0,0.0,0.0,1.0
confirmation-20260916T173933Z-48f95d,2024_12_DEN_LV,2024-11-23 21:05:00+00:00,2024,12,LV,DEN,2024-11-24 21:05:00+00:00,M1_ridge_alpha100,historical_reconstruction,kickoff_minus_24h,17.408505272147146,22.02857086157904,17.535209190464588,22.060212361841263,-4.525003171376666,39.59542155230585,0.34919569948900775,0.028804392761647715,0.6219999077493445,0.3595523876821939,2.78123587621366,1.5614079602560451,178.12358762136597,-178.12358762136597,4.525003171376666,4.5,0.49700338496317775,0.0,0.5029966150368222,39.5,0.49866967866653644,0.0,0.5013303213334636,0.03838150396133982,-2.220446049250313e-16,100,0,negative_latent_mass=0.0384 exceeds 0.01,,1,1,b8eb3c94eb3388ec3f3ff44dda35e9130178f1d32a5f2a459ddc134106dcbcb5,b7a8fd6d3b282691ecd59299f76b860a8be26f51d7febaf57f7dd1bbd7edede6,False,-13,4,30,49,-21,12,22,57,-30,21,14,66,0.028804392761647715,0.025593412277300668,0.03002096865516574,0.020576560659569535,0.029849260236854268,0.500195873767777,19,29,3.9356812837197914,5.232097402021337,4.202289223847075,25.153132289220117,-10.0,48.0,5.474996828623334,29.975590273435568,8.40457844769415,70.636938883445,0.0,0.0,0.4748153345559195,0.2656513993254887,0.4455879528440265,0.12927791948796666,1.0,17.0,1.0,19.0,1.0,33.0,1.0,35.0,1.0,51.0,1.0,52.0,0.0,0.0,0.0,0.0,0.0,1.0
confirmation-20260916T173933Z-48f95d,2024_12_DET_IND,2024-11-23 18:00:00+00:00,2024,12,IND,DET,2024-11-24 18:00:00+00:00,M1_ridge_alpha100,historical_reconstruction,kickoff_minus_24h,19.485404418920744,28.83063831219869,19.55683755185256,28.833661264066986,-9.276823712214435,48.39049881591956,0.22840190647116598,0.023525998593328597,0.7480720949355054,0.23390474927354837,4.2752445305439855,1.3053207144304153,327.5244530543985,-327.5244530543987,9.276823712214435,9.5,0.5049118696263437,0.0,0.4950881303736563,48.5,0.49477373483028897,0.0,0.505226265169711,0.01891552810768485,1.7208456881689926e-14,100,0,negative_latent_mass=0.0189 exceeds 0.01,,1,1,b8eb3c94eb3388ec3f3ff44dda35e9130178f1d32a5f2a459ddc134106dcbcb5,b7a8fd6d3b282691ecd59299f76b860a8be26f51d7febaf57f7dd1bbd7edede6,False,-18,0,39,58,-26,8,31,66,-35,17,22,75,0.023525998593328597,0.01951423091852393,0.02688417652714786,0.014066407191137659,0.029708569549645753,0.5000144397655588,6,24,5.270799311237782,11.789415676267415,9.195249407959773,103.57606281153068,-18.0,30.0,8.723176287785565,76.09380454778434,18.390498815919557,338.2104466983386,0.0,0.0,0.29025592204864403,0.11618857283966155,0.26644876876528734,0.05471143173272153,1.0,18.0,0.0,19.0,1.0,34.0,0.0,35.0,1.0,52.0,1.0,53.0,0.0,0.0,0.0,0.0,0.0,1.0
confirmation-20260916T173933Z-48f95d,2024_12_KC_CAR,2024-11-23 18:00:00+00:00,2024,12,CAR,KC,2024-11-24 18:00:00+00:00,M1_ridge_alpha100,historical_reconstruction,kickoff_minus_24h,16.177480747924527,23.752198972259592,16.352234106176535,23.770402701731157,-7.418168595554621,40.122636807907696,0.2706958326567198,0.0259459361793964,0.7033582311638837,0.2779063736923901,3.5983341681356444,1.384861967434127,259.83341681356444,-259.8334168135645,7.418168595554621,7.5,0.49883880565162797,0.0,0.501161194348372,40.0,0.48406913740504687,0.02946444559795225,0.4864664169970009,0.04495032952611901,-2.220446049250313e-16,100,0,negative_latent_mass=0.0450 exceeds 0.01,,1,1,b8eb3c94eb3388ec3f3ff44dda35e9130178f1d32a5f2a459ddc134106dcbcb5,b7a8fd6d3b282691ecd59299f76b860a8be26f51d7febaf57f7dd1bbd7edede6,False,-16,1,31,49,-24,9,23,57,-32,18,15,67,0.0259459361793964,0.021941791589755837,0.02849474548666821,0.016483156086947837,0.03031682132217734,0.5001570386984895,27,30,3.6726451763240577,10.712629378291556,8.438681596046154,76.09140051413434,-3.0,57.0,4.418168595554621,19.520213738745095,16.877363192092304,284.8453883177921,0.0,0.0,0.35188894204761484,0.16194576444016,0.32560047217022936,0.07723195253885436,1.0,17.0,0.0,18.0,1.0,33.0,1.0,34.0,1.0,50.0,1.0,52.0,0.0,0.0,1.0,0.0,0.0,0.0
confirmation-20260916T173933Z-48f95d,2024_12_MIN_CHI,2024-11-23 18:00:00+00:00,2024,12,CHI,MIN,2024-11-24 18:00:00+00:00,M1_ridge_alpha100,historical_reconstruction,kickoff_minus_24h,18.82261314110496,20.439660287145227,18.908744064148646,20.491040149861313,-1.5822960857126764,39.399784214009955,0.43620772899727356,0.03040591183583341,0.533386359166893,0.4498869519957481,2.222780624252137,1.8178081825688144,122.27806242521369,-122.27806242521365,1.5822960857126764,1.5,0.4967906768675393,0.0,0.5032093231324607,39.5,0.49335589915221456,0.0,0.5066441008477854,0.03434941607057837,-2.220446049250313e-16,100,0,negative_latent_mass=0.0343 exceeds 0.01,,1,1,b8eb3c94eb3388ec3f3ff44dda35e9130178f1d32a5f2a459ddc134106dcbcb5,b7a8fd6d3b282691ecd59299f76b860a8be26f51d7febaf57f7dd1bbd7edede6,False,-10,7,30,48,-18,15,22,57,-27,24,14,66,0.03040591183583341,0.028436626660672683,0.030072627351050405,0.024495564813187213,0.027907533101768894,0.5002156959107731,27,30,3.1259313306198795,11.264057239484208,8.80010789299502,77.94437002549967,-3.0,57.0,1.4177039142873236,2.009884388585599,17.600215785990045,309.7675957134132,0.0,0.0,0.6285092409266322,0.4089299921230551,0.5976314800505348,0.20239826957602453,1.0,17.0,0.0,18.0,1.0,33.0,1.0,35.0,1.0,51.0,1.0,52.0,0.0,0.0,1.0,0.0,0.0,0.0
confirmation-20260916T173933Z-48f95d,2024_12_NE_MIA,2024-11-23 18:00:00+00:00,2024,12,MIA,NE,2024-11-24 18:00:00+00:00,M1_ridge_alpha100,historical_reconstruction,kickoff_minus_24h,22.41768676257412,17.775296133188014,22.44743491370019,17.88519274098563,4.562242172714553,40.33262765468583,0.6226832630121425,0.02871675698106699,0.3485999800067905,0.6410933859794847,1.5598351533016759,2.786240099612206,-178.62400996122062,178.62400996122062,-4.562242172714553,-4.5,0.5037763630715967,0.0,0.4962236369284033,40.0,0.4914080958646422,0.02938121680987726,0.47921068732548056,0.03447124764283065,0.0,100,0,negative_latent_mass=0.0345 exceeds 0.01,,1,1,b8eb3c94eb3388ec3f3ff44dda35e9130178f1d32a5f2a459ddc134106dcbcb5,b7a8fd6d3b282691ecd59299f76b860a8be26f51d7febaf57f7dd1bbd7edede6,False,-4,13,31,49,-12,21,23,58,-21,30,15,67,0.02871675698106699,0.029997353688306687,0.025563291090179158,0.029827054156356163,0.020541050058904522,0.5001642398597623,34,15,8.793793742789342,5.352600794645815,7.218878913642721,70.89304861291477,19.0,49.0,14.437757827285447,208.44885107934218,8.66737234531417,75.12334337231687,0.0,1.0,0.47371729555690356,0.2647145182034084,0.4445801447174122,0.12881395758767114,0.0,17.0,1.0,18.0,1.0,33.0,1.0,35.0,1.0,51.0,1.0,52.0,0.0,0.0,0.0,0.0,0.0,0.0
confirmation-20260916T173933Z-48f95d,2024_12_PHI_LA,2024-11-24 01:20:00+00:00,2024,12,LA,PHI,2024-11-25 01:20:00+00:00,M1_ridge_alpha100,historical_reconstruction,kickoff_minus_24h,20.952129778815845,24.155239998879694,20.99867771837916,24.171170988780712,-3.1724932704015494,45.16984870715987,0.3897406931385119,0.029376632747938274,0.5808826741135499,0.40153648293251926,2.4904337277070194,1.67094563240894,149.04337277070198,-149.04337277070192,3.1724932704015494,3.0,0.47890438335653807,0.03016670001395928,0.49092891662950267,45.0,0.48858097382114174,0.02930557045058323,0.482113455728275,0.016675084225136257,1.1102230246251565e-16,100,0,negative_latent_mass=0.0167 exceeds 0.01,,1,1,b8eb3c94eb3388ec3f3ff44dda35e9130178f1d32a5f2a459ddc134106dcbcb5,b7a8fd6d3b282691ecd59299f76b860a8be26f51d7febaf57f7dd1bbd7edede6,False,-12,6,36,54,-20,14,28,63,-29,23,19,72,0.029376632747938274,0.027025439505433447,0.03016670001395928,0.022423387932899747,0.028982597654706236,0.5000448619558002,20,37,8.368082746641655,7.071610538352906,6.9137533647992235,82.78810549214433,-17.0,57.0,13.82750672959845,191.19994235709044,11.830151292840128,139.95247961148695,0.0,0.0,0.5432064803648443,0.32842012729790376,0.5133897131228136,0.16123154712581733,0.0,18.0,0.0,18.0,1.0,34.0,1.0,35.0,1.0,52.0,1.0,53.0,0.0,0.0,0.0,0.0,0.0,0.0
confirmation-20260916T173933Z-48f95d,2024_12_PIT_CLE,2024-11-21 01:15:00+00:00,2024,12,CLE,PIT,2024-11-22 01:15:00+00:00,M1_ridge_alpha100,historical_reconstruction,kickoff_minus_24h,17.215169800166265,24.072303148966796,17.348554368246123,24.088679463564183,-6.740125095318067,41.4372338318103,0.28898522281754857,0.026616346305297894,0.6843984308771536,0.2968872774066407,3.3682817557396354,1.4222470563633132,236.82817557396356,-236.82817557396348,6.740125095318067,7.0,0.48988126940949495,0.030290828085875965,0.4798279025046291,41.5,0.49428817309503814,0.0,0.5057118269049619,0.036002758919243615,0.0,100,0,negative_latent_mass=0.0360 exceeds 0.01,,1,1,b8eb3c94eb3388ec3f3ff44dda35e9130178f1d32a5f2a459ddc134106dcbcb5,b7a8fd6d3b282691ecd59299f76b860a8be26f51d7febaf57f7dd1bbd7edede6,False,-16,2,32,50,-23,10,24,59,-32,19,16,68,0.026616346305297894,0.02287147314870934,0.028962607992224967,0.01746309550894737,0.030290828085875965,0.5001137561534696,24,19,7.03787472735102,3.240628450565129,5.87006254765903,35.0681938375388,5.0,43.0,11.740125095318067,137.83053725371707,1.5627661681896967,2.4422380964383072,0.0,1.0,1.2413797242962055,0.9746516554495646,1.2144027495733452,0.4943675006726463,0.0,18.0,1.0,18.0,1.0,33.0,1.0,35.0,1.0,51.0,1.0,52.0,0.0,0.0,0.0,0.0,0.0,0.0
confirmation-20260916T173933Z-48f95d,2024_12_SF_GB,2024-11-23 21:25:00+00:00,2024,12,GB,SF,2024-11-24 21:25:00+00:00,M1_ridge_alpha100,historical_reconstruction,kickoff_minus_24h,23.83432779551233,23.35883094928144,23.853262108373663,23.379534126945906,0.47372798142775174,47.23279623531957,0.49923160170968484,0.030183442908316805,0.4705849553819984,0.5147691056201354,1.9426185236880396,2.0608745477305632,-106.08745477305631,106.08745477305631,-0.47372798142775174,-0.5,0.49923160170968484,0.0,0.5007683982903152,47.0,0.49104379839651024,0.02928950307947229,0.47966669852401744,0.011105680479415793,4.440892098500626e-16,100,0,negative_latent_mass=0.0111 exceeds 0.01,,1,1,b8eb3c94eb3388ec3f3ff44dda35e9130178f1d32a5f2a459ddc134106dcbcb5,b7a8fd6d3b282691ecd59299f76b860a8be26f51d7febaf57f7dd1bbd7edede6,False,-8,9,38,56,-16,17,30,65,-25,26,21,74,0.030183442908316805,0.029613723810154587,0.02913531162003168,0.026720936177811454,0.02572474154597955,0.5000256421322067,38,10,20.25952164926616,3.1958280567116675,13.763136009286121,189.57106321424325,28.0,48.0,27.52627201857225,757.6956512404336,0.7672037646804313,0.5886016165398266,0.0,1.0,0.6946851592236768,0.4731302291839248,0.6640368174538804,0.23544902086068326,0.0,17.0,1.0,18.0,0.0,33.0,1.0,35.0,0.0,51.0,1.0,53.0,0.0,0.0,0.0,0.0,0.0,1.0
confirmation-20260916T173933Z-48f95d,2024_12_TB_NYG,2024-11-23 18:00:00+00:00,2024,12,NYG,TB,2024-11-24 18:00:00+00:00,M1_ridge_alpha100,historical_reconstruction,kickoff_minus_24h,20.589358400449285,23.840672717818222,20.64120265594762,23.858353621421035,-3.217150965473425,44.49955627736866,0.3883342306874632,0.029371570225712944,0.5822941990868239,0.40008536611457757,2.499466575624806,1.6669038285053566,149.9466575624806,-149.9466575624806,3.217150965473425,3.5,0.507641272308926,0.0,0.492358727691074,44.5,0.4980560239869709,0.0,0.5019439760130291,0.01838123779615084,0.0,100,0,negative_latent_mass=0.0184 exceeds 0.01,,1,1,b8eb3c94eb3388ec3f3ff44dda35e9130178f1d32a5f2a459ddc134106dcbcb5,b7a8fd6d3b282691ecd59299f76b860a8be26f51d7febaf57f7dd1bbd7edede6,False,-12,6,35,54,-20,14,27,62,-29,23,18,71,0.029371570225712944,0.026982125741904714,0.030169579882249165,0.022364729660220902,0.029021420787684986,0.500054088115509,7,30,13.100017794303163,4.754796399454489,9.891424517263292,111.90111507007225,-23.0,37.0,19.782849034526574,391.36111592286903,7.4995562773686615,56.243344357419694,0.0,0.0,0.540779462258367,0.3261442999776658,0.5109679107459322,0.16006830017903556,0.0,18.0,1.0,19.0,0.0,34.0,1.0,35.0,1.0,52.0,1.0,53.0,0.0,0.0,0.0,0.0,0.0,0.0
confirmation-20260916T173933Z-48f95d,2024_12_TEN_HOU,2024-11-23 18:00:00+00:00,2024,12,HOU,TEN,2024-11-24 18:00:00+00:00,M1_ridge_alpha100,historical_reconstruction,kickoff_minus_24h,23.570954919906306,17.605427965756032,23.59157766090383,17.72052888309775,5.871048777806079,41.31210654400158,0.6600651940552988,0.02751196992796147,0.3124228360167397,0.6787386308563649,1.4733211792266774,3.1127303063721383,-211.27303063721382,211.27303063721382,-5.871048777806079,-6.0,0.4832462110361251,0.030264795759312572,0.48648899320456235,41.0,0.49093735090363844,0.029383925668156424,0.47967872342820517,0.033346053599018106,1.1102230246251565e-16,100,0,negative_latent_mass=0.0333 exceeds 0.01,,1,1,b8eb3c94eb3388ec3f3ff44dda35e9130178f1d32a5f2a459ddc134106dcbcb5,b7a8fd6d3b282691ecd59299f76b860a8be26f51d7febaf57f7dd1bbd7edede6,False,-3,15,32,50,-11,23,24,59,-20,31,16,68,0.02751196992796147,0.029467689059545298,0.023998141484511095,0.030192693122404832,0.01870363640628972,0.5001233272652962,27,32,6.497049820323686,11.331095401669415,8.84394672799921,107.76031911004772,-5.0,59.0,10.87104877780608,118.17970152943904,17.68789345599842,312.86157491075176,0.0,0.0,1.1633977650430485,0.9092053253238396,1.1355002530685487,0.46068612901677275,0.0,18.0,0.0,18.0,1.0,34.0,1.0,35.0,1.0,51.0,1.0,52.0,0.0,0.0,0.0,0.0,0.0,0.0
confirmation-20260916T173933Z-48f95d,2024_13_ARI_MIN,2024-11-30 18:00:00+00:00,2024,13,MIN,ARI,2024-12-01 18:00:00+00:00,M1_ridge_alpha100,historical_reconstruction,kickoff_minus_24h,22.46221522363198,21.131051515908815,22.491552291256383,21.172781185305112,1.3187711059512743,43.66433347656148,0.5249622476976497,0.030151785157876577,0.4448859671444738,0.5412828932031447,1.8474627825060375,2.1799928216822617,-117.99928216822619,117.99928216822619,-1.3187711059512743,-1.5,0.4948049431101935,0.0,0.5051950568898065,43.5,0.5028348216223888,0.0,0.4971651783776112,0.018956802764184114,-2.220446049250313e-16,100,0,negative_latent_mass=0.0190 exceeds 0.01,,1,1,b8eb3c94eb3388ec3f3ff44dda35e9130178f1d32a5f2a459ddc134106dcbcb5,b7a8fd6d3b282691ecd59299f76b860a8be26f51d7febaf57f7dd1bbd7edede6,False,-8,10,34,53,-16,18,26,61,-24,27,18,70,0.030151785157876577,0.029938795855977328,0.028601910869202874,0.02756376702322718,0.0247774025495317,0.5000701626174147,23,22,3.0832490276492344,3.2299543158979644,0.6678332617192524,0.47140501995592454,1.0,45.0,0.31877110595127434,0.10161501798939857,1.335666523438519,1.7840050618343397,0.0,1.0,0.644428928123434,0.42449352002274976,0.6138132288503216,0.21042138406807753,1.0,18.0,1.0,19.0,1.0,34.0,1.0,35.0,1.0,51.0,1.0,52.0,0.0,0.0,0.0,0.0,0.0,0.0
confirmation-20260916T173933Z-48f95d,2024_13_CHI_DET,2024-11-27 17:30:00+00:00,2024,13,DET,CHI,2024-11-28 17:30:00+00:00,M1_ridge_alpha100,historical_reconstruction,kickoff_minus_24h,28.77243852164166,17.91999927690614,28.775816133374207,18.025626766882215,10.750189366491988,46.801442900256426,0.7829814206932002,0.021588810430294876,0.19542976887650498,0.8002580398099772,1.2495969428029137,5.0064593290696555,-400.6459329069659,400.6459329069656,-10.750189366491988,-11.0,0.4799134044089305,0.03025008241404666,0.48983651317702287,46.5,0.5060215404110813,0.0,0.49397845958891873,0.026746907321366465,2.55351295663786e-14,100,0,negative_latent_mass=0.0267 exceeds 0.01,,1,1,b8eb3c94eb3388ec3f3ff44dda35e9130178f1d32a5f2a459ddc134106dcbcb5,b7a8fd6d3b282691ecd59299f76b860a8be26f51d7febaf57f7dd1bbd7edede6,False,2,20,38,56,-6,28,30,64,-15,36,21,73,0.021588810430294876,0.02529877858730516,0.017436077937687037,0.028944871882635805,0.012144274587510938,0.5000223117629339,23,20,4.8742771142354675,3.5643159903807624,3.8750946832459956,18.62910083509887,3.0,43.0,7.750189366491988,60.065435216485476,3.8014429002564256,14.450968123909984,0.0,1.0,0.24464631163403067,0.08575593506326112,0.22282105355972973,0.039896850660552645,1.0,18.0,1.0,18.0,1.0,34.0,1.0,34.0,1.0,51.0,1.0,52.0,0.0,1.0,0.0,0.0,0.0,0.0
confirmation-20260916T173933Z-48f95d,2024_13_CLE_DEN,2024-12-02 01:15:00+00:00,2024,13,DEN,CLE,2024-12-03 01:15:00+00:00,M1_ridge_alpha100,historical_reconstruction,kickoff_minus_24h,25.052783293756583,16.017572099817798,25.065428482369164,16.19273833687713,8.872690145492033,41.25816681924629,0.7404052155620746,0.02413576455018363,0.23545901988774168,0.7587174410801018,1.3180137240240728,4.144518379100844,-314.4518379100842,314.45183791008435,-8.872690145492033,-9.0,0.4847087358260914,0.030369005122367267,0.4849222590515413,41.0,0.48825320730079047,0.029473249321838636,0.4822735433773709,0.043833643109415794,9.992007221626409e-16,100,0,negative_latent_mass=0.0438 exceeds 0.01,,1,1,b8eb3c94eb3388ec3f3ff44dda35e9130178f1d32a5f2a459ddc134106dcbcb5,b7a8fd6d3b282691ecd59299f76b860a8be26f51d7febaf57f7dd1bbd7edede6,False,0,18,32,50,-8,25,24,59,-17,34,16,68,0.02413576455018363,0.027244543049423902,0.01996094303377877,0.029955684380344644,0.014500567180943435,0.5001133782738354,41,32,3.054559540100438,24.291424699453145,15.870916590376853,251.89004536846295,9.0,73.0,0.12730985450796695,0.01620779905483971,31.74183318075371,1007.5439736747971,0.0,1.0,0.30055765405844986,0.12341293728429079,0.2761258487909535,0.05821727323893417,1.0,18.0,0.0,18.0,1.0,33.0,0.0,35.0,1.0,51.0,0.0,52.0,0.0,0.0,0.0,0.0,0.0,0.0
confirmation-20260916T173933Z-48f95d,2024_13_HOU_JAX,2024-11-30 18:00:00+00:00,2024,13,JAX,HOU,2024-12-01 18:00:00+00:00,M1_ridge_alpha100,historical_reconstruction,kickoff_minus_24h,20.3364968463745,24.298297197286807,20.392345327404236,24.31348596461112,-3.9211406372068875,44.70583129201536,0.3679266122843199,0.02893842217633974,0.6031349655393404,0.37889112357726656,2.639280621194262,1.6100236817729665,163.92806211942622,-163.92806211942633,3.9211406372068875,4.0,0.486216888860189,0.03018095179643646,0.4836021593433745,44.5,0.5040697003629706,0.0,0.4959302996370294,0.018667444503165875,2.220446049250313e-16,100,0,negative_latent_mass=0.0187 exceeds 0.01,,1,1,b8eb3c94eb3388ec3f3ff44dda35e9130178f1d32a5f2a459ddc134106dcbcb5,b7a8fd6d3b282691ecd59299f76b860a8be26f51d7febaf57f7dd1bbd7edede6,False,-13,5,35,54,-21,13,27,62,-29,22,19,71,0.02893842217633974,0.026267116904320303,0.030094800541722498,0.021420441344169774,0.029422876589891102,0.5000503750877834,20,23,3.1074264632775233,3.250499490158306,0.8529156460076788,0.9395901175831729,-3.0,43.0,0.9211406372068875,0.8485000735139108,1.705831292015361,2.909860396818796,0.0,0.0,0.5056142838513569,0.2937092798825328,0.4762488880639485,0.1435584835256435,1.0,18.0,1.0,19.0,1.0,34.0,1.0,35.0,1.0,51.0,1.0,52.0,0.0,0.0,1.0,0.0,0.0,0.0
confirmation-20260916T173933Z-48f95d,2024_13_IND_NE,2024-11-30 18:00:00+00:00,2024,13,NE,IND,2024-12-01 18:00:00+00:00,M1_ridge_alpha100,historical_reconstruction,kickoff_minus_24h,19.783625436381044,19.862479930733734,19.84920562053202,19.92339639884954,-0.07419077831751064,39.77260201938156,0.48233167490537554,0.030589240007421914,0.48707908508720255,0.4975513939097069,2.0098426257880706,1.9902533072612285,100.98426257880708,-100.98426257880706,0.07419077831751064,0.0,0.48233167490537554,0.030589240007421914,0.48707908508720255,39.5,0.5045698301994876,0.0,0.49543016980051235,0.031975496317932034,-2.220446049250313e-16,100,0,negative_latent_mass=0.0320 exceeds 0.01,,1,1,b8eb3c94eb3388ec3f3ff44dda35e9130178f1d32a5f2a459ddc134106dcbcb5,b7a8fd6d3b282691ecd59299f76b860a8be26f51d7febaf57f7dd1bbd7edede6,False,-9,9,31,49,-17,17,23,57,-25,25,14,66,0.030589240007421914,0.02941366876626842,0.029496838907102887,0.02624547189029286,0.026418846573655855,0.500197661898676,24,25,3.0951142762066115,5.628185914497201,4.613698990309219,21.50049905191839,-1.0,49.0,0.9258092216824894,0.8571227149523367,9.227397980618441,85.14487349272129,0.0,0.0,0.7193287767075759,0.4966674111762377,0.6882619207167254,0.2475573895814923,1.0,18.0,1.0,18.0,1.0,34.0,1.0,34.0,1.0,50.0,1.0,52.0,0.0,0.0,0.0,0.0,0.0,0.0
confirmation-20260916T173933Z-48f95d,2024_13_LAC_ATL,2024-11-30 18:00:00+00:00,2024,13,ATL,LAC,2024-12-01 18:00:00+00:00,M1_ridge_alpha100,historical_reconstruction,kickoff_minus_24h,22.41459459538521,21.419491724445663,22.444371485712075,21.45770183684932,0.98666964886276,43.90207332256139,0.5148482408581005,0.03020894335595928,0.4549428157859401,0.5308857380472567,1.8836444988676362,2.1316768239732955,-113.16768239732946,113.16768239732954,-0.98666964886276,-1.0,0.48468313189641865,0.03016510896168193,0.4851517591418994,44.0,0.4805799872301043,0.029303958491903998,0.4901160542779917,0.018214638104496104,-2.220446049250313e-16,100,0,negative_latent_mass=0.0182 exceeds 0.01,,1,1,b8eb3c94eb3388ec3f3ff44dda35e9130178f1d32a5f2a459ddc134106dcbcb5,b7a8fd6d3b282691ecd59299f76b860a8be26f51d7febaf57f7dd1bbd7edede6,False,-8,10,35,53,-16,18,27,61,-25,27,18,71,0.03020894335595928,0.02983114497751071,0.028830054348950095,0.0272527944397494,0.025166807341182276,0.5000658038804907,13,17,3.8249115340317905,8.357882571074581,6.951036661280698,54.53362921319056,-4.0,30.0,4.98666964886276,24.866874186889042,13.902073322561392,193.26764266587315,0.0,0.0,0.7875835475208687,0.5630686254367239,0.7569089113114509,0.2818396668619805,1.0,18.0,0.0,18.0,1.0,34.0,1.0,34.0,1.0,52.0,1.0,53.0,0.0,0.0,0.0,0.0,0.0,1.0
confirmation-20260916T173933Z-48f95d,2024_13_LA_NO,2024-11-30 21:05:00+00:00,2024,13,NO,LA,2024-12-01 21:05:00+00:00,M1_ridge_alpha100,historical_reconstruction,kickoff_minus_24h,23.256029151474678,21.47863061786523,23.278850057532477,21.51615301703789,1.7626970404945732,44.79500307457036,0.5383947642020313,0.029990302882909155,0.43161493291505965,0.555040599905509,1.8016700042667897,2.2473960540841285,-124.73960540841284,124.73960540841284,-1.7626970404945732,-2.0,0.4781241885821048,0.030161169453713946,0.49171464196418124,44.5,0.5069539632450006,0.0,0.49304603675499936,0.016310117341388795,0.0,100,0,negative_latent_mass=0.0163 exceeds 0.01,,1,1,b8eb3c94eb3388ec3f3ff44dda35e9130178f1d32a5f2a459ddc134106dcbcb5,b7a8fd6d3b282691ecd59299f76b860a8be26f51d7febaf57f7dd1bbd7edede6,False,-7,11,36,54,-15,19,27,62,-24,27,19,71,0.029990302882909155,0.03004176224476014,0.028264620616282488,0.027936388346916034,0.02423171107776401,0.5000511667138732,14,21,5.325113556320136,5.843136731958671,4.897501537285184,43.18173616358388,-7.0,35.0,8.762697040494572,76.78485942349234,9.79500307457036,95.9420852308428,0.0,0.0,0.8402214472275971,0.6138299248723217,0.8097722367208473,0.30807006754346733,1.0,18.0,0.0,18.0,1.0,34.0,1.0,35.0,1.0,51.0,1.0,52.0,0.0,0.0,0.0,0.0,1.0,0.0
confirmation-20260916T173933Z-48f95d,2024_13_LV_KC,2024-11-28 20:00:00+00:00,2024,13,KC,LV,2024-11-29 20:00:00+00:00,M1_ridge_alpha100,historical_reconstruction,kickoff_minus_24h,25.591942059521877,16.299496343553912,25.602471219175616,16.462346059184675,9.140125159990943,42.06481727836029,0.7466948172559795,0.023764829478599335,0.2295403532654212,0.7648718667420831,1.307408526161942,4.253000209477609,-325.30002094776097,325.30002094776086,-9.140125159990943,-9.5,0.4926629714538625,0.0,0.5073370285461375,42.0,0.4828861816450998,0.029446897078224607,0.4876669212766756,0.040775082500178576,1.5543122344752192e-15,100,0,negative_latent_mass=0.0408 exceeds 0.01,,1,1,b8eb3c94eb3388ec3f3ff44dda35e9130178f1d32a5f2a459ddc134106dcbcb5,b7a8fd6d3b282691ecd59299f76b860a8be26f51d7febaf57f7dd1bbd7edede6,False,0,18,33,51,-8,26,25,59,-17,34,16,69,0.023764829478599335,0.02698661896199579,0.019603274129348813,0.029836727580298764,0.014155684283717987,0.5000904159383206,19,17,4.6144850723536,4.168728528204667,3.5700625799954704,21.9408489800583,2.0,36.0,7.1401251599909425,50.98138730033568,6.064817278360287,36.78200861989748,0.0,1.0,0.29209872182973634,0.11741705650234287,0.2680469536391573,0.05528523904935274,1.0,18.0,1.0,18.0,1.0,34.0,1.0,34.0,1.0,51.0,1.0,53.0,0.0,0.0,0.0,0.0,0.0,1.0
confirmation-20260916T173933Z-48f95d,2024_13_MIA_GB,2024-11-28 01:20:00+00:00,2024,13,GB,MIA,2024-11-29 01:20:00+00:00,M1_ridge_alpha100,historical_reconstruction,kickoff_minus_24h,24.61190428679921,20.204223116720996,24.626562064006503,20.259318706049903,4.367243357956594,44.88588077005641,0.6160698752716804,0.02862807679493398,0.35530204793338566,0.6342265619938267,1.576723618853626,2.733932801274439,-173.39328012744394,173.3932801274439,-4.367243357956594,-4.5,0.49705030229632163,0.0,0.5029496977036784,45.0,0.4800809545604646,0.029309707501740452,0.49060933793779493,0.018411461532639055,6.661338147750939e-16,100,0,negative_latent_mass=0.0184 exceeds 0.01,,1,1,b8eb3c94eb3388ec3f3ff44dda35e9130178f1d32a5f2a459ddc134106dcbcb5,b7a8fd6d3b282691ecd59299f76b860a8be26f51d7febaf57f7dd1bbd7edede6,False,-5,13,36,54,-13,21,28,62,-21,30,19,72,0.02862807679493398,0.030002685118410595,0.025790972134077588,0.029630909287698418,0.02081939263584204,0.5000482150073188,30,17,5.2388074744708675,3.310918946205319,4.3163783210217,19.748496839790434,13.0,47.0,8.632756642043406,74.52448724074453,2.11411922994359,4.469500118417278,0.0,1.0,0.48439488799915553,0.2744614527205375,0.4553490350778294,0.13379020795085594,1.0,18.0,1.0,18.0,1.0,34.0,1.0,34.0,1.0,51.0,1.0,53.0,0.0,0.0,0.0,0.0,0.0,0.0
confirmation-20260916T173933Z-48f95d,2024_13_NYG_DAL,2024-11-27 21:30:00+00:00,2024,13,DAL,NYG,2024-11-28 21:30:00+00:00,M1_ridge_alpha100,historical_reconstruction,kickoff_minus_24h,20.658558724214423,20.02988586361556,20.709352888727533,20.08788572154044,0.6214671671870837,40.797238610267975,0.5037070374180972,0.030452812084886,0.4658401504970169,0.5195281299317202,1.9248235896897954,2.0812872975433288,-108.12872975433297,108.12872975433291,-0.6214671671870837,-0.5,0.5037070374180972,0.0,0.4962929625819028,40.5,0.5057441239278263,0.0,0.4942558760721737,0.027919527237361526,-2.220446049250313e-16,100,0,negative_latent_mass=0.0279 exceeds 0.01,,1,1,b8eb3c94eb3388ec3f3ff44dda35e9130178f1d32a5f2a459ddc134106dcbcb5,b7a8fd6d3b282691ecd59299f76b860a8be26f51d7febaf57f7dd1bbd7edede6,False,-8,10,32,50,-16,17,23,58,-25,26,15,67,0.030452812084886,0.029726191709101207,0.02909176295741846,0.026950317236729915,0.025628051489794308,0.500151581088335,27,20,4.278711804851181,4.311417585628085,3.189266416406454,19.789982489305658,7.0,47.0,6.378532832812916,40.685681099272365,6.202761389732025,38.474248857950364,0.0,1.0,0.685760454880649,0.4642411242872827,0.6548343218208018,0.23085321792691,1.0,18.0,1.0,18.0,1.0,33.0,1.0,35.0,1.0,51.0,1.0,52.0,0.0,0.0,0.0,1.0,0.0,0.0
confirmation-20260916T173933Z-48f95d,2024_13_PHI_BAL,2024-11-30 21:25:00+00:00,2024,13,BAL,PHI,2024-12-01 21:25:00+00:00,M1_ridge_alpha100,historical_reconstruction,kickoff_minus_24h,26.498571206286407,25.14725116944284,26.50626145794428,25.158648455275465,1.3476130026688118,51.66490991321974,0.5256424076951653,0.03000275595350675,0.44435483635132794,0.5419009290195165,1.8453557586796185,2.1829339183327074,-118.29339183327075,118.29339183327073,-1.3476130026688118,-1.5,0.49550658121703683,0.0,0.5044934187829632,51.5,0.5042800346285499,0.0,0.49571996537145013,0.005635080222272059,4.440892098500626e-15,100,0,,,1,1,b8eb3c94eb3388ec3f3ff44dda35e9130178f1d32a5f2a459ddc134106dcbcb5,b7a8fd6d3b282691ecd59299f76b860a8be26f51d7febaf57f7dd1bbd7edede6,False,-8,10,42,61,-16,18,34,69,-25,27,25,78,0.03000275595350675,0.029915103159167535,0.028561663298859105,0.027529202860772588,0.024710268759967652,0.5000067248312283,19,24,4.281722385476626,5.298975871540104,4.3324549566098725,28.843213658966008,-5.0,43.0,6.347613002668812,40.29219083165017,8.664909913219738,75.08066380421369,0.0,0.0,0.8111318547535245,0.5859416540185357,0.7806698060755975,0.29365661687221506,1.0,18.0,1.0,19.0,1.0,34.0,1.0,35.0,1.0,52.0,1.0,53.0,0.0,0.0,0.0,0.0,0.0,0.0
confirmation-20260916T173933Z-48f95d,2024_13_PIT_CIN,2024-11-30 18:00:00+00:00,2024,13,CIN,PIT,2024-12-01 18:00:00+00:00,M1_ridge_alpha100,historical_reconstruction,kickoff_minus_24h,23.29915757058874,22.35269378254956,23.321665363950125,22.381272501581925,0.9403928623682019,45.70293786553204,0.5134125839011843,0.03015808208835143,0.4564293340104643,0.5293775969249821,1.8890108040248437,2.12484572231594,-112.48457223159403,112.48457223159402,-0.9403928623682019,-1.0,0.4832555838725612,0.030157000028623062,0.4865874160988158,45.5,0.5045034894511096,0.0,0.49549651054889043,0.014022371876619203,0.0,100,0,negative_latent_mass=0.0140 exceeds 0.01,,1,1,b8eb3c94eb3388ec3f3ff44dda35e9130178f1d32a5f2a459ddc134106dcbcb5,b7a8fd6d3b282691ecd59299f76b860a8be26f51d7febaf57f7dd1bbd7edede6,False,-8,10,36,55,-16,18,28,63,-25,27,19,72,0.03015808208835143,0.029803250386738714,0.028851747964639858,0.0271885520253568,0.02520637013953675,0.5000397725975334,38,44,4.507003986211378,28.689533515834068,18.148531067233975,341.4114431693596,-6.0,82.0,6.940392862368202,48.16905308401148,36.29706213446796,1317.4767195934276,0.0,0.0,0.7843213904687601,0.5599710601476456,0.753699198477694,0.2802406401260688,1.0,18.0,0.0,19.0,1.0,34.0,0.0,35.0,1.0,52.0,0.0,53.0,0.0,0.0,0.0,0.0,0.0,1.0
confirmation-20260916T173933Z-48f95d,2024_13_SEA_NYJ,2024-11-30 18:00:00+00:00,2024,13,NYJ,SEA,2024-12-01 18:00:00+00:00,M1_ridge_alpha100,historical_reconstruction,kickoff_minus_24h,19.945365394236696,20.877073239806286,20.00795319700345,20.92214029675307,-0.9141870997496238,40.93009349375652,0.4567562384943412,0.030399420241543944,0.5128443412641148,0.4710766969715787,2.122796577348704,1.8906332813743807,112.27965773487041,-112.27965773487041,0.9141870997496238,1.0,0.4871556587358852,0.03018840227019866,0.4826559389939162,41.0,0.480340117991056,0.029331521523064445,0.4903283604858795,0.027612337302743276,-2.220446049250313e-16,100,0,negative_latent_mass=0.0276 exceeds 0.01,,1,1,b8eb3c94eb3388ec3f3ff44dda35e9130178f1d32a5f2a459ddc134106dcbcb5,b7a8fd6d3b282691ecd59299f76b860a8be26f51d7febaf57f7dd1bbd7edede6,False,-10,8,32,50,-18,16,24,58,-26,25,15,68,0.030399420241543944,0.028897212618283163,0.029841956585604623,0.0252764902644956,0.027246167198533497,0.5001458593944137,21,26,3.5708915924869498,4.264259139315647,3.0349532531217402,13.384408012597335,-5.0,47.0,4.085812900250376,16.69386705585239,6.069906506243477,36.84376499453689,0.0,0.0,0.6677829081901178,0.44687102199291573,0.6369118424585534,0.2219132544296526,1.0,18.0,1.0,18.0,1.0,34.0,1.0,34.0,1.0,51.0,1.0,53.0,0.0,0.0,0.0,0.0,0.0,0.0
confirmation-20260916T173933Z-48f95d,2024_13_SF_BUF,2024-12-01 01:20:00+00:00,2024,13,BUF,SF,2024-12-02 01:20:00+00:00,M1_ridge_alpha100,historical_reconstruction,kickoff_minus_24h,26.52132145654374,20.802127006055414,26.52895054335857,20.848223648652105,5.680726894706456,47.37717419201067,0.6533470361516166,0.027509606914490847,0.31914335693389256,0.6718287818542688,1.4884744848828422,3.0471898347768245,-204.71898347768243,204.71898347768243,-5.680726894706456,-5.5,0.5064954054167752,0.0,0.4935045945832248,47.5,0.4949098122672013,0.0,0.5050901877327987,0.014392375283087542,3.774758283725532e-15,100,0,negative_latent_mass=0.0144 exceeds 0.01,,1,1,b8eb3c94eb3388ec3f3ff44dda35e9130178f1d32a5f2a459ddc134106dcbcb5,b7a8fd6d3b282691ecd59299f76b860a8be26f51d7febaf57f7dd1bbd7edede6,False,-3,15,38,57,-11,23,30,65,-20,31,21,74,0.027509606914490847,0.029530314669483408,0.024271795608357884,0.030039610854322944,0.01900929374444966,0.5000229409724894,35,10,12.693705178845443,3.332483931326968,9.659636552646768,94.72131761401994,25.0,45.0,19.319273105293544,373.2343133169184,2.3771741920106706,5.6509571391615845,0.0,1.0,0.42564684194417485,0.22277753809249234,0.3977517598305338,0.10769634841925313,0.0,18.0,1.0,19.0,0.0,34.0,1.0,35.0,1.0,51.0,1.0,53.0,0.0,0.0,0.0,0.0,0.0,0.0
confirmation-20260916T173933Z-48f95d,2024_13_TB_CAR,2024-11-30 21:05:00+00:00,2024,13,CAR,TB,2024-12-01 21:05:00+00:00,M1_ridge_alpha100,historical_reconstruction,kickoff_minus_24h,18.948590380991014,26.019771534568903,19.031737449488027,26.02819453040349,-6.996457080915458,45.05993197989152,0.28354960344319624,0.02623026037915416,0.6902201361776495,0.29118752812507936,3.434213018802271,1.4108103901654585,243.4213018802271,-243.42130188022716,6.996457080915458,7.0,0.48305459872242784,0.030212249252823058,0.4867331520247491,45.0,0.4846313308072936,0.02933673737118945,0.48603193182151694,0.023074564089079166,1.4432899320127035e-15,100,0,negative_latent_mass=0.0231 exceeds 0.01,,1,1,b8eb3c94eb3388ec3f3ff44dda35e9130178f1d32a5f2a459ddc134106dcbcb5,b7a8fd6d3b282691ecd59299f76b860a8be26f51d7febaf57f7dd1bbd7edede6,False,-16,2,36,54,-24,10,28,62,-32,19,19,72,0.02623026037915416,0.02257837420096511,0.028781202242229527,0.01714756743255826,0.030212249252823058,0.5000417860276453,23,26,3.569733717496458,3.639099103461168,1.9982285404577311,7.873951300670232,-3.0,49.0,3.996457080915458,15.971669199599303,3.940068020108477,15.524136003081532,0.0,0.0,0.37074469433399077,0.17705196820214608,0.3441642840857411,0.08479017653559388,1.0,18.0,1.0,18.0,1.0,34.0,1.0,34.0,1.0,51.0,1.0,53.0,0.0,0.0,1.0,0.0,0.0,0.0
confirmation-20260916T173933Z-48f95d,2024_13_TEN_WAS,2024-11-30 18:00:00+00:00,2024,13,WAS,TEN,2024-12-01 18:00:00+00:00,M1_ridge_alpha100,historical_reconstruction,kickoff_minus_24h,26.29474146742198,18.747094781786124,26.303000244637513,18.83100844171254,7.47199180292497,45.13400868635005,0.7028045696998482,0.025714745230756977,0.2714806850693948,0.7213540041374286,1.3862819007926173,3.588782953454681,-258.87829534546813,258.87829534546813,-7.47199180292497,-7.5,0.5011042430716466,0.0,0.4988957569283534,45.0,0.48680435346313644,0.029341000710654794,0.48385464582620874,0.023308536405614443,3.1086244689504383e-15,100,0,negative_latent_mass=0.0233 exceeds 0.01,,1,1,b8eb3c94eb3388ec3f3ff44dda35e9130178f1d32a5f2a459ddc134106dcbcb5,b7a8fd6d3b282691ecd59299f76b860a8be26f51d7febaf57f7dd1bbd7edede6,False,-1,16,36,54,-9,24,28,62,-18,33,19,72,0.025714745230756977,0.028445444341150185,0.02195435485488252,0.030185257134356974,0.016493638811933085,0.50004136045027,42,19,9.601212437710602,9.876389669927448,7.932995656824973,123.2121797333112,23.0,61.0,15.52800819707503,241.11903856842932,15.86599131364995,251.72968036481566,0.0,1.0,0.3526764205562299,0.16268813427932308,0.32662527171170413,0.07764359101024418,0.0,17.0,0.0,18.0,1.0,33.0,1.0,34.0,1.0,51.0,1.0,53.0,0.0,0.0,0.0,0.0,0.0,0.0
confirmation-20260916T173933Z-48f95d,2024_14_ATL_MIN,2024-12-07 18:00:00+00:00,2024,14,MIN,ATL,2024-12-08 18:00:00+00:00,M1_ridge_alpha100,historical_reconstruction,kickoff_minus_24h,23.75502696984445,19.842734527513404,23.77445591094448,19.904003488137963,3.870452422806514,43.67845939908244,0.6016712881287896,0.029010384543143718,0.36931832732806674,0.6196475003964895,1.6138207599645555,2.629140076750978,-162.91400767509785,162.9140076750978,-3.870452422806514,-4.0,0.482062373830068,0.030189110836799503,0.4877485153331325,43.5,0.5030197485969197,0.0,0.49698025140308033,0.021082133280919683,2.220446049250313e-16,100,0,negative_latent_mass=0.0211 exceeds 0.01,,1,1,b8eb3c94eb3388ec3f3ff44dda35e9130178f1d32a5f2a459ddc134106dcbcb5,b7a8fd6d3b282691ecd59299f76b860a8be26f51d7febaf57f7dd1bbd7edede6,False,-5,13,34,53,-13,21,26,61,-22,29,18,70,0.029010384543143718,0.030110268699137757,0.02632502102523826,0.029409820287303448,0.021496469751299936,0.5000680132167137,42,21,10.87259015618158,12.651396707891152,9.660770300458779,166.68583284806022,21.0,63.0,17.129547577193485,293.42140019933515,19.321540600917558,373.32193119290565,0.0,1.0,0.5080440158122836,0.2959033920127199,0.4786045103751545,0.14466802395463843,0.0,18.0,0.0,19.0,1.0,34.0,0.0,35.0,1.0,51.0,1.0,52.0,0.0,0.0,0.0,0.0,0.0,0.0
confirmation-20260916T173933Z-48f95d,2024_14_BUF_LA,2024-12-07 21:25:00+00:00,2024,14,LA,BUF,2024-12-08 21:25:00+00:00,M1_ridge_alpha100,historical_reconstruction,kickoff_minus_24h,21.325462458024695,26.033716477618025,21.367071571164907,26.042098358923884,-4.6750267877589735,47.409169930088794,0.3469051657360833,0.028348174457951732,0.624746659805965,0.3570262069363765,2.80091483642321,1.5552733420676883,180.09148364232095,-180.09148364232104,4.6750267877589735,4.5,0.493808345424703,0.0,0.506191654575297,47.5,0.4959386393231836,0.0,0.5040613606768164,0.013467780642527618,1.5543122344752192e-15,100,0,negative_latent_mass=0.0135 exceeds 0.01,,1,1,b8eb3c94eb3388ec3f3ff44dda35e9130178f1d32a5f2a459ddc134106dcbcb5,b7a8fd6d3b282691ecd59299f76b860a8be26f51d7febaf57f7dd1bbd7edede6,False,-14,4,38,57,-22,12,30,65,-30,21,21,74,0.028348174457951732,0.025449900898978056,0.029909577550215213,0.020397182190928898,0.029730915277750583,0.5000228466602759,44,42,4.411649860920132,30.968169091186574,19.295415034955603,383.4520370255158,2.0,86.0,6.6750267877589735,44.55598261729988,38.590830069911206,1489.252165484763,0.0,1.0,1.058703833978408,0.8176448704760214,1.0299460911114227,0.4134152985666233,1.0,18.0,0.0,19.0,1.0,34.0,0.0,35.0,1.0,51.0,0.0,53.0,0.0,0.0,0.0,0.0,0.0,1.0
confirmation-20260916T173933Z-48f95d,2024_14_CAR_PHI,2024-12-07 18:00:00+00:00,2024,14,PHI,CAR,2024-12-08 18:00:00+00:00,M1_ridge_alpha100,historical_reconstruction,kickoff_minus_24h,27.293882765111725,16.49782267235632,27.299682706021507,16.652464863416,10.647217842605508,43.95214756943751,0.7816885004357323,0.021728160494163644,0.19658333907010397,0.7990503956759033,1.2514855200767616,4.976372077783117,-397.63720777831156,397.63720777831173,-10.647217842605508,-11.0,0.4776962826064851,0.03033390144740637,0.4919698159461085,44.0,0.47988995857144867,0.02942811105535061,0.49068193037320074,0.03782292614851577,7.438494264988549e-15,100,0,negative_latent_mass=0.0378 exceeds 0.01,,1,1,b8eb3c94eb3388ec3f3ff44dda35e9130178f1d32a5f2a459ddc134106dcbcb5,b7a8fd6d3b282691ecd59299f76b860a8be26f51d7febaf57f7dd1bbd7edede6,False,2,20,35,53,-6,27,27,61,-15,36,18,70,0.021728160494163644,0.025383794778989593,0.01751941255669753,0.029027971756680943,0.01222061814035809,0.500050414768975,22,16,3.7405178839504916,4.135959274279895,2.9760737847187535,14.25617359124795,6.0,38.0,4.647217842605508,21.596633676630997,5.952147569437507,35.42806068836082,0.0,1.0,0.24629895483280428,0.08677703300041084,0.22433126176823298,0.04038074347801102,1.0,18.0,1.0,18.0,1.0,33.0,1.0,34.0,1.0,51.0,1.0,52.0,0.0,0.0,0.0,0.0,0.0,1.0
confirmation-20260916T173933Z-48f95d,2024_14_CHI_SF,2024-12-07 21:25:00+00:00,2024,14,SF,CHI,2024-12-08 21:25:00+00:00,M1_ridge_alpha100,historical_reconstruction,kickoff_minus_24h,22.735977926563272,20.148672374641315,22.762898600214207,20.204678950668583,2.558219649545617,42.96757755088279,0.5625739486179644,0.02976472100959181,0.40766133037244384,0.5798325012499633,1.7246359902976605,2.3800032200846486,-138.0003220084649,138.00032200846485,-2.558219649545617,-2.5,0.5024683788933901,0.0,0.49753162110660987,43.0,0.48210631996639375,0.029317523050312662,0.4885761569832936,0.021740790763856523,0.0,100,0,negative_latent_mass=0.0217 exceeds 0.01,,1,1,b8eb3c94eb3388ec3f3ff44dda35e9130178f1d32a5f2a459ddc134106dcbcb5,b7a8fd6d3b282691ecd59299f76b860a8be26f51d7febaf57f7dd1bbd7edede6,False,-6,11,34,52,-14,19,26,60,-23,28,17,70,0.02976472100959181,0.030171525591381147,0.027605839563132624,0.02859356168322249,0.023239540647029096,0.500084071028537,38,13,15.481063826057625,5.043498699054827,11.220890175227188,142.03832892478056,25.0,51.0,22.441780350454383,503.63350529804046,8.032422449117213,64.51981040108217,0.0,1.0,0.5752326893345093,0.35841524932548885,0.5450160080981472,0.17654072700586207,0.0,17.0,1.0,18.0,0.0,33.0,1.0,34.0,1.0,51.0,1.0,53.0,0.0,0.0,0.0,0.0,0.0,0.0
confirmation-20260916T173933Z-48f95d,2024_14_CIN_DAL,2024-12-09 01:15:00+00:00,2024,14,DAL,CIN,2024-12-10 01:15:00+00:00,M1_ridge_alpha100,historical_reconstruction,kickoff_minus_24h,22.30087886855295,25.58370500494538,22.331730255544667,25.59351130879432,-3.2617810532496483,47.925241564338975,0.38745742147417606,0.029277375057511733,0.5832652034683122,0.39914328925539516,2.505365934788751,1.66429030768544,150.5365934788751,-150.53659347887515,3.2617810532496483,3.5,0.5066049189350228,0.0,0.4933950810649772,48.0,0.4820149143955149,0.0292923908317509,0.4886926947727342,0.011231187449196827,9.992007221626409e-16,100,0,negative_latent_mass=0.0112 exceeds 0.01,,1,1,b8eb3c94eb3388ec3f3ff44dda35e9130178f1d32a5f2a459ddc134106dcbcb5,b7a8fd6d3b282691ecd59299f76b860a8be26f51d7febaf57f7dd1bbd7edede6,False,-12,6,39,57,-20,14,31,65,-29,23,22,75,0.029277375057511733,0.0269401793002703,0.030150130076756487,0.022305769776726714,0.02900699563642281,0.5000202488804053,20,27,3.499509295091247,3.1994718763633836,1.8691094733751736,3.707588211555932,-7.0,47.0,3.7382189467503517,13.974280893843309,0.9252415643389753,0.8560719523804342,0.0,0.0,0.5391133016079656,0.3246483087859827,0.5093987909352556,0.15931536535761606,1.0,18.0,1.0,18.0,1.0,34.0,1.0,34.0,1.0,52.0,1.0,53.0,0.0,0.0,0.0,0.0,1.0,0.0
confirmation-20260916T173933Z-48f95d,2024_14_CLE_PIT,2024-12-07 18:00:00+00:00,2024,14,PIT,CLE,2024-12-08 18:00:00+00:00,M1_ridge_alpha100,historical_reconstruction,kickoff_minus_24h,27.388114825754563,17.478300213820262,27.39372184527992,17.59743621503654,9.796285630243379,44.991158060316465,0.7614557642568192,0.022864933182733953,0.21567930256044696,0.7792738078032962,1.2832460041470035,4.530499937718461,-353.0499937718464,353.0499937718461,-9.796285630243379,-10.0,0.4815218993548003,0.030271828675794435,0.4882062719694053,45.0,0.48184719398412257,0.02938050370947009,0.48877230230640734,0.030295324951990176,8.104628079763643e-15,100,0,negative_latent_mass=0.0303 exceeds 0.01,,1,1,b8eb3c94eb3388ec3f3ff44dda35e9130178f1d32a5f2a459ddc134106dcbcb5,b7a8fd6d3b282691ecd59299f76b860a8be26f51d7febaf57f7dd1bbd7edede6,False,1,19,36,54,-7,27,28,62,-16,35,19,72,0.022864933182733953,0.02633482241808686,0.01874175397624516,0.029500168718564805,0.0133398032851718,0.5000392372176227,27,14,3.359770754010159,3.6006605134335574,1.9955790301582308,6.548282106353532,13.0,41.0,3.2037143697566215,10.263785762985066,3.991158060316465,15.929342662429088,0.0,1.0,0.27252319860760843,0.10394371912870995,0.24939280859954366,0.0487200519216562,1.0,18.0,1.0,18.0,1.0,34.0,1.0,34.0,1.0,51.0,1.0,53.0,0.0,0.0,0.0,0.0,0.0,0.0
confirmation-20260916T173933Z-48f95d,2024_14_GB_DET,2024-12-05 01:15:00+00:00,2024,14,DET,GB,2024-12-06 01:15:00+00:00,M1_ridge_alpha100,historical_reconstruction,kickoff_minus_24h,27.29448151470954,22.585395435832968,27.30028021064853,22.61194351549139,4.688336695157136,49.91222372613991,0.6247856939250946,0.028320425904452676,0.3468938801704527,0.6429956032642281,1.5552205877044962,2.801085950602803,-180.10859506028035,180.10859506028032,-4.688336695157136,-4.5,0.5062607480442225,0.0,0.4937392519557775,50.0,0.48186964329166093,0.02928978175773321,0.48884057495060584,0.009070210045618969,7.66053886991358e-15,100,0,,,1,1,b8eb3c94eb3388ec3f3ff44dda35e9130178f1d32a5f2a459ddc134106dcbcb5,b7a8fd6d3b282691ecd59299f76b860a8be26f51d7febaf57f7dd1bbd7edede6,False,-4,14,41,59,-12,22,32,67,-21,30,23,77,0.028320425904452676,0.029901470273337772,0.025445078228897047,0.02971435214829266,0.020390093097707576,0.5000110392890842,34,31,3.173787742413531,9.26298078065436,7.54388813693004,57.62286842156732,3.0,65.0,1.688336695157136,2.8504807962141196,15.087776273860086,227.64099289005534,0.0,1.0,0.4703465777657058,0.26192318610639476,0.4416173926151305,0.1274521392886724,1.0,18.0,0.0,18.0,1.0,34.0,1.0,35.0,1.0,51.0,1.0,54.0,0.0,1.0,0.0,0.0,0.0,0.0
confirmation-20260916T173933Z-48f95d,2024_14_JAX_TEN,2024-12-07 18:00:00+00:00,2024,14,TEN,JAX,2024-12-08 18:00:00+00:00,M1_ridge_alpha100,historical_reconstruction,kickoff_minus_24h,22.76720868981314,20.438360863693724,22.793865484734358,20.489760603200146,2.3041048815342093,43.2836260879345,0.5548746347762414,0.029856993639628078,0.4152683715841305,0.5719513835985189,1.748400351282216,2.3361832317244695,-133.618323172447,133.61832317244696,-2.3041048815342093,-2.5,0.49468956494606464,0.0,0.5053104350539354,43.0,0.4914947314900988,0.029313584878861997,0.4791916836310392,0.020595090536560334,0.0,100,0,negative_latent_mass=0.0206 exceeds 0.01,,1,1,b8eb3c94eb3388ec3f3ff44dda35e9130178f1d32a5f2a459ddc134106dcbcb5,b7a8fd6d3b282691ecd59299f76b860a8be26f51d7febaf57f7dd1bbd7edede6,False,-7,11,34,52,-15,19,26,61,-23,28,17,70,0.029856993639628078,0.030143911033599913,0.027827131871373353,0.02839652198129048,0.023563487609863674,0.5000773378808041,6,10,4.264643357569976,19.834503169694422,13.641813043967252,196.03449771590093,-4.0,16.0,6.30410488153421,39.741738357383454,27.2836260879345,744.3962525062201,0.0,0.0,0.8788302892419114,0.6506883776571385,0.8485185001280777,0.32712838520026016,1.0,18.0,0.0,18.0,1.0,34.0,0.0,35.0,1.0,51.0,0.0,53.0,0.0,0.0,0.0,0.0,0.0,1.0
confirmation-20260916T173933Z-48f95d,2024_14_LAC_KC,2024-12-08 01:20:00+00:00,2024,14,KC,LAC,2024-12-09 01:20:00+00:00,M1_ridge_alpha100,historical_reconstruction,kickoff_minus_24h,22.89302417912409,18.776142357907414,22.918641494572714,18.859371083218388,4.059270411354322,41.7780125777911,0.6075703334751994,0.028977515600967948,0.36345215092383265,0.6257016116894821,1.5982058881067283,2.671665257533517,-167.16652575335166,167.16652575335175,-4.059270411354322,-4.0,0.48809013343331853,0.03021426213253059,0.4816956044341509,41.5,0.505230587760364,0.0,0.494769412239636,0.027622531397172377,0.0,100,0,negative_latent_mass=0.0276 exceeds 0.01,,1,1,b8eb3c94eb3388ec3f3ff44dda35e9130178f1d32a5f2a459ddc134106dcbcb5,b7a8fd6d3b282691ecd59299f76b860a8be26f51d7febaf57f7dd1bbd7edede6,False,-5,13,33,51,-13,21,24,59,-22,29,16,68,0.028977515600967948,0.030096472810979574,0.02612302000344244,0.029550718478211446,0.021238930922325195,0.5001133425885798,19,17,3.2065006744764344,4.099402620750748,2.8890062888955512,9.4065059940479,2.0,36.0,2.059270411354322,4.240594627079398,5.7780125777911024,33.38542934911218,0.0,1.0,0.49828733520105467,0.286938205590331,0.4688816801628817,0.14009928349185122,1.0,18.0,1.0,18.0,1.0,34.0,1.0,35.0,1.0,51.0,1.0,52.0,0.0,0.0,0.0,0.0,0.0,1.0
confirmation-20260916T173933Z-48f95d,2024_14_LV_TB,2024-12-07 18:00:00+00:00,2024,14,TB,LV,2024-12-08 18:00:00+00:00,M1_ridge_alpha100,historical_reconstruction,kickoff_minus_24h,26.60665572839048,18.484852016383687,26.614059366617663,18.575178540550603,8.038880826067057,45.18923790716827,0.7176509403887995,0.02506186707572308,0.25728719253547744,0.7360989545421127,1.3585130013152182,3.78929912257425,-278.92991225742514,278.929912257425,-8.038880826067057,-8.0,0.48818515974220444,0.030223821480464753,0.4815910187773308,45.0,0.48829230231166887,0.029348326424863465,0.4823593712634677,0.02450583688064286,4.218847493575595e-15,100,0,negative_latent_mass=0.0245 exceeds 0.01,,1,1,b8eb3c94eb3388ec3f3ff44dda35e9130178f1d32a5f2a459ddc134106dcbcb5,b7a8fd6d3b282691ecd59299f76b860a8be26f51d7febaf57f7dd1bbd7edede6,False,-1,17,36,54,-9,25,28,63,-18,33,19,72,0.02506186707572308,0.02799855503495236,0.02118786674486806,0.030103829436781526,0.01571006045265056,0.5000399019964216,28,13,4.480163610623953,3.656449184758755,3.4805595869664696,16.50172359913809,15.0,41.0,6.961119173932943,48.457180153696854,4.18923790716827,17.549714242855586,0.0,1.0,0.33177198359314125,0.1465457880874383,0.30639072018460045,0.06964376179376588,1.0,18.0,1.0,18.0,1.0,34.0,1.0,35.0,1.0,51.0,1.0,53.0,0.0,0.0,0.0,0.0,0.0,0.0
confirmation-20260916T173933Z-48f95d,2024_14_NO_NYG,2024-12-07 18:00:00+00:00,2024,14,NYG,NO,2024-12-08 18:00:00+00:00,M1_ridge_alpha100,historical_reconstruction,kickoff_minus_24h,19.42256759981646,21.550893980963213,19.495291605582008,21.58759118779163,-2.0922995822096264,41.08288279337363,0.42112289365358824,0.030070740126616605,0.5488063662197952,0.43417897683441625,2.3031976520166064,1.7673433100900473,130.31976520166063,-130.3197652016606,2.0922995822096264,2.0,0.4812735764006356,0.030197499105175857,0.4885289244941885,41.0,0.4847816830750068,0.02933922027393774,0.48587909665105544,0.02790827114354725,-4.440892098500626e-16,100,0,negative_latent_mass=0.0279 exceeds 0.01,,1,1,b8eb3c94eb3388ec3f3ff44dda35e9130178f1d32a5f2a459ddc134106dcbcb5,b7a8fd6d3b282691ecd59299f76b860a8be26f51d7febaf57f7dd1bbd7edede6,False,-11,7,32,50,-19,15,24,58,-27,23,15,68,0.030070740126616605,0.028011985512588346,0.03014440427732773,0.023838000756755573,0.028287177053126875,0.5001386815957167,11,14,3.096290625742964,9.93259022348535,8.04144139668682,64.87075974846266,-3.0,25.0,0.9077004177903736,0.8239200484568188,16.082882793373628,258.6591189453935,0.0,0.0,0.6000096023830153,0.3818244361347195,0.5694774642733491,0.18851138392498057,1.0,18.0,0.0,18.0,1.0,34.0,1.0,34.0,1.0,50.0,1.0,53.0,0.0,0.0,1.0,0.0,0.0,0.0
confirmation-20260916T173933Z-48f95d,2024_14_NYJ_MIA,2024-12-07 18:00:00+00:00,2024,14,MIA,NYJ,2024-12-08 18:00:00+00:00,M1_ridge_alpha100,historical_reconstruction,kickoff_minus_24h,23.79059858128018,18.278768803545383,23.809804211648295,18.3744346988915,5.435369512756799,42.1842389105398,0.6474496631906363,0.02786464643071782,0.32468569037864575,0.6660077331962744,1.5014840671606693,2.9940812988573224,-199.4081298857322,199.40812988573222,-5.435369512756799,-5.5,0.4999373965332039,0.0,0.5000626034667961,42.0,0.487681229185993,0.02935833621028354,0.48296043460372345,0.028772988812951397,1.1102230246251565e-16,100,0,negative_latent_mass=0.0288 exceeds 0.01,,1,1,b8eb3c94eb3388ec3f3ff44dda35e9130178f1d32a5f2a459ddc134106dcbcb5,b7a8fd6d3b282691ecd59299f76b860a8be26f51d7febaf57f7dd1bbd7edede6,False,-3,14,33,51,-11,22,25,60,-20,31,16,69,0.02786464643071782,0.029663112212865137,0.024541917111144416,0.03006831940418615,0.01932442899778644,0.5000988264346209,32,26,3.078821823571498,9.851395312918855,7.907880544730103,62.614276606502,6.0,58.0,0.5646304872432006,0.31880758712449414,15.815761089460203,250.1382988388834,0.0,1.0,0.4347142286764953,0.2304889760417625,0.4064539971033424,0.11155083428469104,1.0,17.0,0.0,18.0,1.0,33.0,1.0,35.0,1.0,51.0,1.0,53.0,0.0,0.0,0.0,0.0,0.0,1.0
confirmation-20260916T173933Z-48f95d,2024_14_SEA_ARI,2024-12-07 21:05:00+00:00,2024,14,ARI,SEA,2024-12-08 21:05:00+00:00,M1_ridge_alpha100,historical_reconstruction,kickoff_minus_24h,22.69071456358811,19.700001451398027,22.718021883575634,19.76387300275639,2.9541488808192415,42.48189488633204,0.574541600012617,0.029600968917206132,0.39585743107017685,0.5920673677626512,1.6889969865741383,2.4513851576800727,-145.13851576800718,145.13851576800724,-2.9541488808192415,-3.0,0.48441253411023255,0.030192177108859755,0.4853952887809077,42.5,0.4969712535489095,0.0,0.5030287464510905,0.023658306792142324,0.0,100,0,negative_latent_mass=0.0237 exceeds 0.01,,1,1,b8eb3c94eb3388ec3f3ff44dda35e9130178f1d32a5f2a459ddc134106dcbcb5,b7a8fd6d3b282691ecd59299f76b860a8be26f51d7febaf57f7dd1bbd7edede6,False,-6,12,33,52,-14,20,25,60,-23,28,16,69,0.029600968917206132,0.030192177108859755,0.027243317919555428,0.028882643346363184,0.022725563952650504,0.5000954330294377,18,30,9.218688818039139,4.076637885671093,7.477074440409622,63.519013198799016,-12.0,48.0,14.954148880819242,223.6265687497074,5.518105113667957,30.449484045488457,0.0,0.0,0.9267011551013924,0.6959625110990216,0.8966532352766203,0.3505437679693945,0.0,18.0,1.0,19.0,1.0,34.0,1.0,35.0,1.0,51.0,1.0,53.0,0.0,0.0,0.0,0.0,0.0,1.0
confirmation-20260916T173933Z-48f95d,2024_15_ATL_LV,2024-12-16 01:30:00+00:00,2024,15,LV,ATL,2024-12-17 01:30:00+00:00,M1_ridge_alpha100,historical_reconstruction,kickoff_minus_24h,21.22580533601566,22.81793690106568,21.268684491239192,22.84258722781935,-1.57390273658016,44.111271719058536,0.4371146317315715,0.03006720596429104,0.5328181623041375,0.45066486504989617,2.218943781848366,1.8203823793117293,121.89437818483658,-121.8943781848366,1.57390273658016,1.5,0.49731679190396627,0.0,0.5026832080960337,44.0,0.4867200006645761,0.02930720525079275,0.4839727940846311,0.018040667795337778,0.0,100,0,negative_latent_mass=0.0180 exceeds 0.01,,1,1,b8eb3c94eb3388ec3f3ff44dda35e9130178f1d32a5f2a459ddc134106dcbcb5,b7a8fd6d3b282691ecd59299f76b860a8be26f51d7febaf57f7dd1bbd7edede6,False,-10,7,35,53,-18,15,27,61,-27,24,18,71,0.03006720596429104,0.02840795390795856,0.030005544044111963,0.024459218303277477,0.027790097058882093,0.5000615937081414,9,15,3.66270210288714,13.240133600798686,10.055635859529271,106.01339678576414,-6.0,24.0,4.42609726341984,19.5903369852526,20.111271719058536,404.46325015780366,0.0,0.0,0.6295750719282879,0.4102321076212097,0.5990465775440283,0.20309882059044113,1.0,17.0,0.0,18.0,1.0,33.0,0.0,34.0,1.0,51.0,1.0,53.0,0.0,0.0,0.0,0.0,0.0,1.0
confirmation-20260916T173933Z-48f95d,2024_15_BAL_NYG,2024-12-14 18:00:00+00:00,2024,15,NYG,BAL,2024-12-15 18:00:00+00:00,M1_ridge_alpha100,historical_reconstruction,kickoff_minus_24h,18.777672379806326,27.030406857429778,18.86489044733827,27.03628615006839,-8.171395702730123,45.90117659740667,0.2541136472719956,0.024890260404415762,0.7209960923235886,0.26060005038754547,3.8372977998771396,1.3524480229193079,283.729779987714,-283.72977998771387,8.171395702730123,8.0,0.47759911027198476,0.030210225496112193,0.49219066423190305,46.0,0.479949866262148,0.02933602202321463,0.4907141117146374,0.023277483088423496,3.774758283725532e-15,100,0,negative_latent_mass=0.0233 exceeds 0.01,,1,1,b8eb3c94eb3388ec3f3ff44dda35e9130178f1d32a5f2a459ddc134106dcbcb5,b7a8fd6d3b282691ecd59299f76b860a8be26f51d7febaf57f7dd1bbd7edede6,False,-17,1,37,55,-25,9,29,63,-33,18,20,73,0.024890260404415762,0.02100888644642535,0.027885745690364967,0.015529133502702566,0.030068798810504036,0.5000314265821262,14,35,7.65965799109006,3.4629871533649137,6.41430214863494,43.543948674097855,-21.0,49.0,12.828604297269877,164.57308821593114,3.0988234025933323,9.602706480460117,0.0,0.0,0.3271215615127231,0.1430364512915833,0.3019163006261394,0.06791238626199124,0.0,18.0,1.0,18.0,1.0,34.0,1.0,34.0,1.0,51.0,1.0,53.0,0.0,0.0,0.0,0.0,0.0,0.0
confirmation-20260916T173933Z-48f95d,2024_15_BUF_DET,2024-12-14 21:25:00+00:00,2024,15,DET,BUF,2024-12-15 21:25:00+00:00,M1_ridge_alpha100,historical_reconstruction,kickoff_minus_24h,28.580808019130252,25.245826602406677,28.584435138786613,25.25684513939018,3.327589999396432,53.84128027817679,0.5848237310714783,0.029209537368764964,0.38596673155975664,0.6024201448027923,1.6599710494863333,2.5152179793012395,-151.52179793012388,151.52179793012397,-3.327589999396432,-3.5,0.4950145646939439,0.0,0.5049854353060561,54.0,0.4802909717636674,0.029281978206079022,0.49042705003025355,0.0043711135517907306,2.2648549702353193e-14,100,0,,,1,1,b8eb3c94eb3388ec3f3ff44dda35e9130178f1d32a5f2a459ddc134106dcbcb5,b7a8fd6d3b282691ecd59299f76b860a8be26f51d7febaf57f7dd1bbd7edede6,False,-6,12,45,63,-14,20,36,71,-23,29,27,81,0.029209537368764964,0.030136653351738575,0.02688279229209287,0.029016138307311253,0.02222571154170276,0.5000033056400479,42,48,5.612575088481289,28.520752929010648,18.0793598609116,348.61423677955173,-6.0,90.0,9.327589999396432,87.00393519684033,36.15871972182321,1307.4530119213669,0.0,0.0,0.952004100900701,0.7199088482490701,0.9223594714862821,0.3629100308642172,1.0,18.0,0.0,18.0,1.0,34.0,0.0,35.0,1.0,52.0,0.0,54.0,0.0,0.0,0.0,0.0,0.0,1.0
confirmation-20260916T173933Z-48f95d,2024_15_CHI_MIN,2024-12-16 01:00:00+00:00,2024,15,MIN,CHI,2024-12-17 01:00:00+00:00,M1_ridge_alpha100,historical_reconstruction,kickoff_minus_24h,25.60229570655627,18.2244137104083,25.6127876193933,18.321533462361888,7.29125415703141,43.93432108175518,0.6983260483575165,0.025938906875397235,0.2757350447670862,0.7169222272469783,1.3948514385445354,3.532598092300504,-253.25980923005037,253.25980923005037,-7.29125415703141,-7.5,0.495875301819513,0.0,0.504124698180487,44.0,0.48056267259531416,0.029351953867330013,0.4900853735373558,0.026838416513626527,1.7763568394002505e-15,100,0,negative_latent_mass=0.0268 exceeds 0.01,,1,1,b8eb3c94eb3388ec3f3ff44dda35e9130178f1d32a5f2a459ddc134106dcbcb5,b7a8fd6d3b282691ecd59299f76b860a8be26f51d7febaf57f7dd1bbd7edede6,False,-2,16,35,53,-10,24,27,61,-18,33,18,71,0.025938906875397235,0.028578696478756736,0.022182322296717922,0.03021863088091729,0.01673191931712696,0.5000581799266078,30,12,6.329445572648835,3.263388342960567,5.354372921484295,29.6047088941549,18.0,42.0,10.70874584296859,114.67723752929705,1.9343210817551793,3.741598047322527,0.0,1.0,0.3590691672946988,0.167709814902189,0.3327879139352631,0.0801330254268114,0.0,18.0,1.0,18.0,1.0,34.0,1.0,34.0,1.0,51.0,1.0,53.0,0.0,0.0,0.0,0.0,0.0,1.0
confirmation-20260916T173933Z-48f95d,2024_15_CIN_TEN,2024-12-14 18:00:00+00:00,2024,15,TEN,CIN,2024-12-15 18:00:00+00:00,M1_ridge_alpha100,historical_reconstruction,kickoff_minus_24h,20.5618755335459,25.606160051500673,20.61414219288239,25.615890307641795,-5.001748114759403,46.23003250052419,0.33756753922566785,0.028105343600314966,0.6343271171740172,0.34732934994844283,2.8791117138486535,1.5321663382917647,187.91117138486536,-187.91117138486533,5.001748114759403,5.0,0.4837139731516925,0.030176593464592037,0.48610943338371543,46.0,0.490369080849432,0.029307086097122168,0.48032383305344584,0.01637233487030314,8.881784197001252e-16,100,0,negative_latent_mass=0.0164 exceeds 0.01,,1,1,b8eb3c94eb3388ec3f3ff44dda35e9130178f1d32a5f2a459ddc134106dcbcb5,b7a8fd6d3b282691ecd59299f76b860a8be26f51d7febaf57f7dd1bbd7edede6,False,-14,4,37,55,-22,12,29,64,-31,21,20,73,0.028105343600314966,0.025071012133461426,0.029807948902559195,0.019941764327398973,0.029864216482186443,0.5000318789364717,27,37,3.815791652558971,11.354150823310766,8.884983749737907,85.18856671018447,-10.0,64.0,4.998251885240597,24.98252190831118,17.76996749947581,315.7717449324266,0.0,0.0,0.4551904999175875,0.2484584111120295,0.42668264133292483,0.12063767733560786,1.0,18.0,0.0,18.0,1.0,34.0,1.0,35.0,1.0,52.0,1.0,53.0,0.0,0.0,0.0,0.0,0.0,1.0
confirmation-20260916T173933Z-48f95d,2024_15_DAL_CAR,2024-12-14 18:00:00+00:00,2024,15,CAR,DAL,2024-12-15 18:00:00+00:00,M1_ridge_alpha100,historical_reconstruction,kickoff_minus_24h,21.075036837926227,20.45871719449706,21.119903659813357,20.50980633999974,0.610097319813609,41.629709999813095,0.5033682866861874,0.03038725277252692,0.4662444605412857,0.5191436355653606,1.9262491755503748,2.079623093219816,-107.96230932198162,107.96230932198162,-0.610097319813609,-0.5,0.5033682866861874,0.0,0.4966317133138126,41.5,0.5011604030446335,0.0,0.4988395969553665,0.02492351117085677,-2.220446049250313e-16,100,0,negative_latent_mass=0.0249 exceeds 0.01,,1,1,b8eb3c94eb3388ec3f3ff44dda35e9130178f1d32a5f2a459ddc134106dcbcb5,b7a8fd6d3b282691ecd59299f76b860a8be26f51d7febaf57f7dd1bbd7edede6,False,-8,10,32,51,-16,17,24,59,-25,26,16,68,0.03038725277252692,0.02971057299420727,0.0290890888271541,0.02692225126463829,0.02562714120064419,0.5001217344159516,14,30,10.479460433510795,3.3454118014938774,8.305048659906808,70.37840191466637,-16.0,44.0,16.610097319813608,275.8953329736792,2.3702900001869054,5.61827468498604,0.0,0.0,0.7630451889712889,0.5391979930753124,0.7321866721108031,0.2695101143480199,0.0,18.0,1.0,19.0,1.0,33.0,1.0,35.0,1.0,51.0,1.0,52.0,0.0,0.0,0.0,0.0,0.0,1.0
confirmation-20260916T173933Z-48f95d,2024_15_GB_SEA,2024-12-15 01:20:00+00:00,2024,15,SEA,GB,2024-12-16 01:20:00+00:00,M1_ridge_alpha100,historical_reconstruction,kickoff_minus_24h,21.60383365692733,23.69824266185839,21.642072365895867,23.716772119151553,-2.074699753255686,45.35884448504743,0.4222274334489753,0.0298678346829475,0.5479047318680772,0.4352267129613062,2.2976530856664232,1.770621987529463,129.76530856664235,-129.76530856664235,2.074699753255686,2.0,0.4821519575686294,0.03016264884686501,0.4876853935845056,45.5,0.4942678717489727,0.0,0.5057321282510273,0.015359949613520689,0.0,100,0,negative_latent_mass=0.0154 exceeds 0.01,,1,1,b8eb3c94eb3388ec3f3ff44dda35e9130178f1d32a5f2a459ddc134106dcbcb5,b7a8fd6d3b282691ecd59299f76b860a8be26f51d7febaf57f7dd1bbd7edede6,False,-11,7,36,54,-19,15,28,63,-28,24,19,72,0.0298678346829475,0.028009300102712305,0.030097395848385403,0.023836074107857343,0.028190599434908346,0.500043226337078,13,30,9.167975109947976,3.3296546294547773,7.462650123372157,57.08218369002613,-17.0,43.0,14.925300246744314,222.7645874554659,2.3588444850474275,5.564147304638664,0.0,0.0,0.6016538541033187,0.38355822457283195,0.5713308902412041,0.18942229167510324,0.0,18.0,1.0,18.0,1.0,34.0,1.0,35.0,1.0,52.0,1.0,53.0,0.0,0.0,0.0,0.0,0.0,0.0
confirmation-20260916T173933Z-48f95d,2024_15_IND_DEN,2024-12-14 21:25:00+00:00,2024,15,DEN,IND,2024-12-15 21:25:00+00:00,M1_ridge_alpha100,historical_reconstruction,kickoff_minus_24h,24.316419782452392,17.61229486400542,24.33258606134319,17.72718127732207,6.605404784021124,42.05976733866527,0.6802980778433665,0.026739606468341653,0.2929623156882919,0.6989887622723215,1.4306381646954238,3.3221351054829684,-232.21351054829685,232.21351054829685,-6.605404784021124,-6.5,0.5056040647953185,0.0,0.4943959352046815,42.0,0.48365790930492836,0.02937953501415708,0.48696255568091457,0.032174484511691144,3.3306690738754696e-16,100,0,negative_latent_mass=0.0322 exceeds 0.01,,1,1,b8eb3c94eb3388ec3f3ff44dda35e9130178f1d32a5f2a459ddc134106dcbcb5,b7a8fd6d3b282691ecd59299f76b860a8be26f51d7febaf57f7dd1bbd7edede6,False,-2,16,33,51,-10,23,25,59,-19,32,16,69,0.026739606468341653,0.029047194975485538,0.0230658586064618,0.030262047423471994,0.017673237481543338,0.5000990343452805,31,13,6.735565912200264,3.2840562243464233,5.697297607989441,33.400325729029724,18.0,44.0,11.394595215978876,129.8368001360087,1.9402326613347327,3.7645027801100595,0.0,1.0,0.3852242270895212,0.18875124399817433,0.35812061374119253,0.09060776523834896,0.0,18.0,1.0,18.0,1.0,33.0,1.0,34.0,1.0,51.0,1.0,53.0,0.0,0.0,0.0,0.0,0.0,1.0
confirmation-20260916T173933Z-48f95d,2024_15_KC_CLE,2024-12-14 18:00:00+00:00,2024,15,CLE,KC,2024-12-15 18:00:00+00:00,M1_ridge_alpha100,historical_reconstruction,kickoff_minus_24h,18.648976321967986,25.349490084069437,18.739375025131785,25.360122814883667,-6.620747789751878,44.099497840015445,0.29309958357871035,0.02664477611619002,0.6802556403050997,0.30112293681355723,3.3209027866886087,1.430866818608447,232.09027866886086,-232.0902786688609,6.620747789751878,6.5,0.49429586758885535,0.0,0.5057041324111446,44.0,0.48554847038944204,0.02934570810748275,0.4851058215030752,0.025279188510910034,6.661338147750939e-16,100,0,negative_latent_mass=0.0253 exceeds 0.01,,1,1,b8eb3c94eb3388ec3f3ff44dda35e9130178f1d32a5f2a459ddc134106dcbcb5,b7a8fd6d3b282691ecd59299f76b860a8be26f51d7febaf57f7dd1bbd7edede6,False,-16,2,35,53,-23,10,27,61,-32,19,18,71,0.02664477611619002,0.023059202065185067,0.02902643509793253,0.017663614026558267,0.030219874197024998,0.5000553976007256,7,21,4.652455910510469,9.953093278780102,8.049748920007726,78.41179847077849,-14.0,28.0,7.379252210248122,54.453363182451795,16.099497840015445,259.193830700662,0.0,0.0,0.385286609835185,0.1888537655449971,0.35828042748594857,0.09067502307522159,1.0,18.0,0.0,18.0,1.0,33.0,1.0,34.0,1.0,51.0,1.0,53.0,0.0,0.0,0.0,0.0,0.0,1.0
confirmation-20260916T173933Z-48f95d,2024_15_LA_SF,2024-12-12 01:15:00+00:00,2024,15,SF,LA,2024-12-13 01:15:00+00:00,M1_ridge_alpha100,historical_reconstruction,kickoff_minus_24h,25.258817038633083,22.46936244052928,25.270611414970883,22.496906127325172,2.773705287645714,47.767517542296055,0.5686601310298238,0.029531562761601238,0.4018083062085749,0.5859645808245185,1.7065877916936323,2.4152523037556066,-141.52523037556068,141.52523037556062,-2.773705287645714,-3.0,0.47852848307520635,0.030153082608350895,0.49131843431644273,47.5,0.5067228889593681,0.0,0.4932771110406319,0.010971229665609185,1.2212453270876722e-15,100,0,negative_latent_mass=0.0110 exceeds 0.01,,1,1,b8eb3c94eb3388ec3f3ff44dda35e9130178f1d32a5f2a459ddc134106dcbcb5,b7a8fd6d3b282691ecd59299f76b860a8be26f51d7febaf57f7dd1bbd7edede6,False,-6,12,39,57,-14,20,30,65,-23,28,21,74,0.029531562761601238,0.030153082608350895,0.02740321393758613,0.028684086026410937,0.02294751204437704,0.5000216275154179,6,12,5.3332265076535315,22.226715989816373,14.883758771148027,240.77075127634143,-6.0,18.0,8.773705287645715,76.97790447446238,29.767517542296055,886.1051006309034,0.0,0.0,0.9117801543197673,0.6820797603430528,0.8818037552523552,0.3433544899808537,1.0,18.0,0.0,18.0,1.0,34.0,0.0,35.0,1.0,51.0,0.0,53.0,0.0,0.0,0.0,0.0,0.0,1.0
confirmation-20260916T173933Z-48f95d,2024_15_MIA_HOU,2024-12-14 18:00:00+00:00,2024,15,HOU,MIA,2024-12-15 18:00:00+00:00,M1_ridge_alpha100,historical_reconstruction,kickoff_minus_24h,22.478136744631513,22.28353284868744,22.507328077826003,22.31274162507129,0.19458645275471032,44.8200697028973,0.4907346398283601,0.03025736945062866,0.4790079907210113,0.5060462687407614,1.97610388964706,2.0244811137486405,-102.44811137486404,102.44811137486404,-0.19458645275471032,0.0,0.4907346398283601,0.03025736945062866,0.47900799072101125,45.0,0.47844047063613004,0.02929557896367583,0.4922639504001941,0.015856080466858064,0.0,100,0,negative_latent_mass=0.0159 exceeds 0.01,,1,1,b8eb3c94eb3388ec3f3ff44dda35e9130178f1d32a5f2a459ddc134106dcbcb5,b7a8fd6d3b282691ecd59299f76b860a8be26f51d7febaf57f7dd1bbd7edede6,False,-9,9,36,54,-17,17,27,62,-25,26,19,71,0.03025736945062866,0.029498048946829242,0.029302650554990543,0.026454805956585843,0.026048060748518967,0.5000510398830941,20,12,4.87025717943348,7.634260298413296,6.410034851448646,56.31966695766633,8.0,32.0,7.80541354724529,60.9244806435203,12.8200697028973,164.35418718714524,0.0,1.0,0.7118517456972464,0.48971537065140247,0.6811271736759384,0.24399028862492408,1.0,18.0,0.0,18.0,1.0,34.0,1.0,35.0,1.0,51.0,1.0,52.0,0.0,0.0,0.0,0.0,0.0,1.0
confirmation-20260916T173933Z-48f95d,2024_15_NE_ARI,2024-12-14 21:25:00+00:00,2024,15,ARI,NE,2024-12-15 21:25:00+00:00,M1_ridge_alpha100,historical_reconstruction,kickoff_minus_24h,23.265060213087317,18.178584490961036,23.287815227874,18.276945149597747,5.010870078276249,41.56476037747174,0.6354192674134098,0.028265105537188428,0.3363156270494018,0.653901872860785,1.5292814434451067,2.889353976763239,-188.93539767632393,188.9353976763239,-5.010870078276249,-5.0,0.4870526091398075,0.030236471926781437,0.48271091893341106,41.5,0.49868925649372564,0.0,0.5013107435062744,0.030253780123513613,1.1102230246251565e-16,100,0,negative_latent_mass=0.0303 exceeds 0.01,,1,1,b8eb3c94eb3388ec3f3ff44dda35e9130178f1d32a5f2a459ddc134106dcbcb5,b7a8fd6d3b282691ecd59299f76b860a8be26f51d7febaf57f7dd1bbd7edede6,False,-4,14,32,51,-12,22,24,59,-21,30,16,68,0.028265105537188428,0.029836741979588164,0.02504671865773222,0.0299570987654553,0.01991720380194758,0.5001177311918228,30,17,4.920082674116284,4.052696853151763,3.994564960861874,23.342006665120696,13.0,47.0,7.989129921723751,63.82619690618174,5.4352396225282575,29.541829754301116,0.0,1.0,0.4534702343244202,0.2468262277620355,0.42479798027956045,0.1197839136092722,1.0,18.0,1.0,19.0,1.0,34.0,1.0,35.0,1.0,51.0,1.0,52.0,0.0,0.0,0.0,0.0,0.0,0.0
confirmation-20260916T173933Z-48f95d,2024_15_NYJ_JAX,2024-12-14 18:00:00+00:00,2024,15,JAX,NYJ,2024-12-15 18:00:00+00:00,M1_ridge_alpha100,historical_reconstruction,kickoff_minus_24h,20.830063422113568,22.077058483310683,20.878336675602096,22.108223703332868,-1.22988702773078,42.98656037893496,0.44738661394021206,0.030201776003519216,0.5224116100562687,0.46131927536076367,2.167696112888355,1.8563871960885867,116.76961128883548,-116.76961128883548,1.22988702773078,1.0,0.4775883899437313,0.030166366643342494,0.4922452434129262,43.0,0.4827445154134148,0.029313294715778412,0.4879421898708068,0.020943934371387404,-2.220446049250313e-16,100,0,negative_latent_mass=0.0209 exceeds 0.01,,1,1,b8eb3c94eb3388ec3f3ff44dda35e9130178f1d32a5f2a459ddc134106dcbcb5,b7a8fd6d3b282691ecd59299f76b860a8be26f51d7febaf57f7dd1bbd7edede6,False,-10,8,34,52,-18,16,26,60,-27,24,17,70,0.030201776003519216,0.02866460259883373,0.029921297914447753,0.024880968015541446,0.0275009594395174,0.5000840769935813,25,32,4.064009960243885,8.519957894173004,7.006719810532518,57.41767343149625,-7.0,57.0,5.77011297226922,33.29420371274953,14.01343962106504,196.37649001323547,0.0,0.0,0.6492994768100058,0.4291575998157007,0.6186322311883911,0.2128154738193801,1.0,18.0,0.0,18.0,1.0,34.0,1.0,34.0,1.0,51.0,1.0,53.0,0.0,0.0,0.0,0.0,1.0,0.0
confirmation-20260916T173933Z-48f95d,2024_15_PIT_PHI,2024-12-14 21:25:00+00:00,2024,15,PHI,PIT,2024-12-15 21:25:00+00:00,M1_ridge_alpha100,historical_reconstruction,kickoff_minus_24h,24.017343338728665,21.264311905930075,24.035179616133465,21.304380837626436,2.7307987785070242,45.339560453759894,0.5675518319720829,0.02959843019232269,0.40284973783559447,0.5848628543382977,1.7098025504310415,2.408842500485142,-140.88425004851428,140.88425004851422,-2.7307987785070242,-2.5,0.5075407888321921,0.0,0.4924592111678079,45.5,0.4936769079924983,0.0,0.5063230920075017,0.01565520509231992,2.220446049250313e-16,100,0,negative_latent_mass=0.0157 exceeds 0.01,,1,1,b8eb3c94eb3388ec3f3ff44dda35e9130178f1d32a5f2a459ddc134106dcbcb5,b7a8fd6d3b282691ecd59299f76b860a8be26f51d7febaf57f7dd1bbd7edede6,False,-6,12,36,54,-14,20,28,63,-23,28,19,72,0.02959843019232269,0.030162702691791853,0.027444338982767935,0.02867937564896241,0.02300730866666473,0.5000435246856529,27,13,6.6907208152410345,3.9828580621182166,5.634600610746485,38.876450502463825,14.0,40.0,11.269201221492976,126.99489617049878,5.339560453759894,28.510905839356568,0.0,1.0,0.5664231999257516,0.3501753963747586,0.5363778962634874,0.17233884970814548,0.0,18.0,1.0,18.0,1.0,34.0,1.0,35.0,1.0,51.0,1.0,53.0,0.0,0.0,0.0,0.0,0.0,1.0
confirmation-20260916T173933Z-48f95d,2024_15_TB_LAC,2024-12-14 21:25:00+00:00,2024,15,LAC,TB,2024-12-15 21:25:00+00:00,M1_ridge_alpha100,historical_reconstruction,kickoff_minus_24h,20.809761700915345,22.431122607672627,20.85832739758148,22.459001739857587,-1.6006743422761156,43.31732913743908,0.4362282752093287,0.03009306046400823,0.533678664326663,0.4497630209945941,2.2233931055261644,1.8173987539106768,122.33931055261642,-122.33931055261642,1.6006743422761156,1.5,0.4964579356873079,0.0,0.5035420643126921,43.0,0.49251872937916097,0.029310070842716564,0.47817119977812245,0.020198807261878105,0.0,100,0,negative_latent_mass=0.0202 exceeds 0.01,,1,1,b8eb3c94eb3388ec3f3ff44dda35e9130178f1d32a5f2a459ddc134106dcbcb5,b7a8fd6d3b282691ecd59299f76b860a8be26f51d7febaf57f7dd1bbd7edede6,False,-11,7,34,52,-18,15,26,61,-27,24,17,70,0.03009306046400823,0.028391238147099495,0.030019161130336057,0.024431801584209923,0.02782631424917346,0.5000765921468451,17,40,14.535932714797363,8.288967822195902,10.699662828861946,161.28665513462352,-23.0,57.0,21.399325657723885,457.9311386053198,13.682670862560919,187.21548193317355,0.0,0.0,0.6279613733447214,0.4086562884843613,0.5974062226349199,0.2022867750541837,0.0,18.0,0.0,18.0,0.0,33.0,1.0,35.0,1.0,51.0,1.0,53.0,0.0,0.0,0.0,0.0,0.0,0.0
confirmation-20260916T173933Z-48f95d,2024_15_WAS_NO,2024-12-14 18:00:00+00:00,2024,15,NO,WAS,2024-12-15 18:00:00+00:00,M1_ridge_alpha100,historical_reconstruction,kickoff_minus_24h,21.783023053830192,25.036460748128142,21.819224334381918,25.04829794973662,-3.2290736153547077,46.867522284118536,0.38830052318136,0.029310198538123746,0.5823892782805162,0.4000253454775897,2.4998416008018225,1.666737073745251,149.98416008018225,-149.98416008018225,3.2290736153547077,3.5,0.5075100879222874,0.0,0.49248991207771264,47.0,0.48012170392969766,0.029294277790059213,0.4905840182802431,0.013098514113669928,5.551115123125783e-16,100,0,negative_latent_mass=0.0131 exceeds 0.01,,1,1,b8eb3c94eb3388ec3f3ff44dda35e9130178f1d32a5f2a459ddc134106dcbcb5,b7a8fd6d3b282691ecd59299f76b860a8be26f51d7febaf57f7dd1bbd7edede6,False,-12,6,38,56,-20,14,29,64,-29,23,21,74,0.029310198538123746,0.026971204274401587,0.030155601423100167,0.022348511195310946,0.028996880620738893,0.500027595207732,19,20,3.2362616096705916,4.921621622156314,3.9337611420592697,16.716669018443074,-1.0,39.0,2.2290736153547077,4.968769182670507,7.867522284118536,61.89790689110175,0.0,0.0,0.5406161918149355,0.3260350989363302,0.5108678671208782,0.160020277024465,1.0,18.0,1.0,18.0,1.0,34.0,1.0,35.0,1.0,52.0,1.0,53.0,0.0,0.0,0.0,0.0,0.0,0.0
confirmation-20260916T173933Z-48f95d,2024_16_ARI_CAR,2024-12-21 18:00:00+00:00,2024,16,CAR,ARI,2024-12-22 18:00:00+00:00,M1_ridge_alpha100,historical_reconstruction,kickoff_minus_24h,18.228439207767813,23.914145154418073,18.329956936562862,23.931402329150718,-5.6014453925878565,42.26135926571358,0.3199778495122281,0.02770188038864287,0.6523202700991291,0.3290943827394506,3.038641959415383,1.490522622367082,203.86419594153827,-203.86419594153827,5.6014453925878565,5.5,0.4948199436690902,0.0,0.5051800563309098,42.0,0.4898395289822185,0.02936154211066785,0.4807989289071137,0.029443112159135445,1.1102230246251565e-16,100,0,negative_latent_mass=0.0294 exceeds 0.01,,1,1,b8eb3c94eb3388ec3f3ff44dda35e9130178f1d32a5f2a459ddc134106dcbcb5,b7a8fd6d3b282691ecd59299f76b860a8be26f51d7febaf57f7dd1bbd7edede6,False,-15,3,33,51,-22,11,25,60,-31,20,16,69,0.02770188038864287,0.024330884360845025,0.029587292296751007,0.019080295313346096,0.030113331014047885,0.5000945149368128,36,30,6.939566133264677,16.590819578357266,11.86932036714321,174.52914977718012,6.0,66.0,11.601445392587856,134.59353519719798,23.73864073428642,563.5230639115225,0.0,1.0,1.139503505858486,0.8887192541132813,1.1114106917307742,0.4501143472717588,0.0,18.0,0.0,18.0,1.0,33.0,0.0,35.0,1.0,51.0,1.0,53.0,0.0,0.0,0.0,0.0,0.0,1.0
confirmation-20260916T173933Z-48f95d,2024_16_CLE_CIN,2024-12-21 18:00:00+00:00,2024,16,CIN,CLE,2024-12-22 18:00:00+00:00,M1_ridge_alpha100,historical_reconstruction,kickoff_minus_24h,28.77687971973564,18.89282877486113,28.780251742869755,18.973355659034187,9.80689608383557,47.75360740190395,0.7608817298018911,0.0228487779506597,0.21626949224744924,0.7786734669441687,1.2842353598157217,4.518211107331369,-351.8211107331368,351.8211107331368,-9.80689608383557,-10.0,0.4810772243909649,0.030213493286543137,0.48870928232249194,47.5,0.5052063397399754,0.0,0.4947936602600246,0.02118264142899136,2.5757174171303632e-14,100,0,negative_latent_mass=0.0212 exceeds 0.01,,1,1,b8eb3c94eb3388ec3f3ff44dda35e9130178f1d32a5f2a459ddc134106dcbcb5,b7a8fd6d3b282691ecd59299f76b860a8be26f51d7febaf57f7dd1bbd7edede6,False,1,19,39,57,-7,27,30,65,-16,35,22,74,0.0228487779506597,0.026345343064110353,0.01877248518782101,0.0294764031076916,0.013366956984612502,0.5000176778320811,24,6,5.014759253871761,11.266528439582881,8.876803700951971,95.57938189050185,18.0,30.0,8.19310391616443,67.12695178106893,17.75360740190395,315.1905757809387,0.0,1.0,0.27327734738785564,0.1044721070733439,0.2501634905071701,0.04898543423451397,1.0,18.0,0.0,18.0,1.0,34.0,1.0,35.0,1.0,51.0,1.0,52.0,0.0,0.0,0.0,0.0,0.0,1.0
confirmation-20260916T173933Z-48f95d,2024_16_DEN_LAC,2024-12-19 01:15:00+00:00,2024,16,LAC,DEN,2024-12-20 01:15:00+00:00,M1_ridge_alpha100,historical_reconstruction,kickoff_minus_24h,18.981827572646885,21.14030057577109,19.064202810057257,21.181913013146584,-2.117710203089327,40.246115823203844,0.42019629048940055,0.030135483843305916,0.5496682256672936,0.4332525661981353,2.3081225087139576,1.7644543942471569,130.81225087139578,-130.81225087139578,2.117710203089327,2.0,0.4804157420620563,0.0302084589136804,0.4893757990242633,40.0,0.4891950986901027,0.02935352002457577,0.48145138128532156,0.031233037734434668,-2.220446049250313e-16,100,0,negative_latent_mass=0.0312 exceeds 0.01,,1,1,b8eb3c94eb3388ec3f3ff44dda35e9130178f1d32a5f2a459ddc134106dcbcb5,b7a8fd6d3b282691ecd59299f76b860a8be26f51d7febaf57f7dd1bbd7edede6,False,-11,7,31,49,-19,15,23,58,-27,23,14,67,0.030135483843305916,0.027996814011343102,0.030162435300296674,0.02381340603504229,0.028332111288683837,0.5001725120896616,34,27,5.50712219118914,13.91341171576952,10.37694208839808,128.4640869428473,7.0,61.0,9.117710203089327,83.13263934751922,20.753884176796156,430.7237084238698,0.0,1.0,0.8670333185745052,0.6392156472569526,0.836434427269202,0.3212026537209991,1.0,18.0,0.0,18.0,1.0,34.0,0.0,35.0,1.0,50.0,1.0,53.0,0.0,0.0,0.0,1.0,0.0,0.0
confirmation-20260916T173933Z-48f95d,2024_16_DET_CHI,2024-12-21 18:00:00+00:00,2024,16,CHI,DET,2024-12-22 18:00:00+00:00,M1_ridge_alpha100,historical_reconstruction,kickoff_minus_24h,19.771838940287495,28.9053520384237,19.83764208738555,28.90829064818579,-9.070648560800237,48.745932735571344,0.2332717457781608,0.02378676845142223,0.742941485770417,0.2389557304075046,4.184875576302958,1.3139840084932963,318.4875576302958,-318.4875576302957,9.070648560800237,9.0,0.4810829401676715,0.03018919585803634,0.48872786397429213,48.5,0.5053415503737452,0.0,0.4946584496262548,0.01760423636622905,1.8318679906315083e-14,100,0,negative_latent_mass=0.0176 exceeds 0.01,,1,1,b8eb3c94eb3388ec3f3ff44dda35e9130178f1d32a5f2a459ddc134106dcbcb5,b7a8fd6d3b282691ecd59299f76b860a8be26f51d7febaf57f7dd1bbd7edede6,False,-18,0,40,58,-26,8,31,66,-35,17,23,75,0.02378676845142223,0.019804738718085094,0.02708639251814434,0.014344803432753139,0.02978595009513883,0.5000131118305955,17,34,4.900442740288071,3.3284104880780796,3.96467571959988,16.98885836972705,-17.0,51.0,7.929351439199763,62.874614246339355,2.254067264428656,5.080819232568884,0.0,0.0,0.29713799137584374,0.12106059746967318,0.27306374989193666,0.05709984109458401,1.0,18.0,1.0,18.0,1.0,34.0,1.0,35.0,1.0,52.0,1.0,52.0,0.0,0.0,0.0,0.0,0.0,0.0
confirmation-20260916T173933Z-48f95d,2024_16_HOU_KC,2024-12-20 18:00:00+00:00,2024,16,KC,HOU,2024-12-21 18:00:00+00:00,M1_ridge_alpha100,historical_reconstruction,kickoff_minus_24h,23.405163663937692,18.397946867688184,23.426918373638074,18.49049204706969,4.9364263265683865,41.91741042070776,0.6331796593791412,0.02830578974418134,0.33851455087667737,0.6516244027145572,1.5346263826740816,2.870465118085314,-187.04651180853133,187.04651180853136,-4.9364263265683865,-5.0,0.48470414453506006,0.030229859478399342,0.4850659959865406,42.0,0.4798594243372192,0.02934930546456852,0.4907912701982123,0.028727479080997237,0.0,100,0,negative_latent_mass=0.0287 exceeds 0.01,,1,1,b8eb3c94eb3388ec3f3ff44dda35e9130178f1d32a5f2a459ddc134106dcbcb5,b7a8fd6d3b282691ecd59299f76b860a8be26f51d7febaf57f7dd1bbd7edede6,False,-4,14,33,51,-12,22,25,59,-21,30,16,68,0.02830578974418134,0.029859065788897292,0.025135512288713184,0.02992128794115149,0.020022863204799124,0.5001073553421442,27,19,3.3437191913806035,3.6743131848978545,2.041294789646118,6.5132553313722115,8.0,46.0,3.0635736734316135,9.38548365254327,4.0825895792922395,16.667537672945585,0.0,1.0,0.45700107502387766,0.24995048118148327,0.4282869525034454,0.121365556783989,1.0,18.0,1.0,18.0,1.0,34.0,1.0,34.0,1.0,51.0,1.0,52.0,0.0,0.0,0.0,0.0,0.0,1.0
confirmation-20260916T173933Z-48f95d,2024_16_JAX_LV,2024-12-21 21:25:00+00:00,2024,16,LV,JAX,2024-12-22 21:25:00+00:00,M1_ridge_alpha100,historical_reconstruction,kickoff_minus_24h,21.865186842937142,20.755207820372668,21.900487044982725,20.801959711566095,1.0985273334166203,42.702446756548824,0.5182794902828408,0.03024557985533984,0.45147492986181936,0.534444060802041,1.8711032142434112,2.147969590341302,-114.79695903413017,114.79695903413021,-1.0985273334166203,-1.0,0.48810792738966136,0.030171562893179415,0.48172050971715924,42.5,0.5036601318822362,0.0,0.49633986811776376,0.021614523221790645,-2.220446049250313e-16,100,0,negative_latent_mass=0.0216 exceeds 0.01,,1,1,b8eb3c94eb3388ec3f3ff44dda35e9130178f1d32a5f2a459ddc134106dcbcb5,b7a8fd6d3b282691ecd59299f76b860a8be26f51d7febaf57f7dd1bbd7edede6,False,-8,10,33,52,-16,18,25,60,-25,27,17,69,0.03024557985533984,0.029879667184120814,0.028762607317598454,0.02737620045059715,0.025048041767154878,0.5000912478034578,19,14,3.5326580797226406,5.78330391499701,4.85122337827441,27.339740507940466,5.0,33.0,3.9014726665833797,15.221488968097226,9.702446756548824,94.13747306366479,0.0,1.0,0.6572406257003605,0.4367990568766801,0.6265282110528262,0.2167423325224937,1.0,18.0,1.0,19.0,1.0,34.0,1.0,35.0,1.0,52.0,1.0,52.0,0.0,0.0,0.0,0.0,0.0,0.0
confirmation-20260916T173933Z-48f95d,2024_16_LA_NYJ,2024-12-21 18:00:00+00:00,2024,16,NYJ,LA,2024-12-22 18:00:00+00:00,M1_ridge_alpha100,historical_reconstruction,kickoff_minus_24h,22.235202956181332,22.76129198783781,22.26669076047916,22.786392892899443,-0.519702132420278,45.0530836533786,0.46903978923667566,0.030229304998602716,0.5007309057647216,0.48366051031888513,2.067565944841525,1.936710284579605,106.75659448415253,-106.75659448415253,0.519702132420278,0.5,0.49926909423527843,0.0,0.5007309057647216,45.0,0.48531149150972486,0.0293001061514387,0.48538840233883646,0.015392493169718049,0.0,100,0,negative_latent_mass=0.0154 exceeds 0.01,,1,1,b8eb3c94eb3388ec3f3ff44dda35e9130178f1d32a5f2a459ddc134106dcbcb5,b7a8fd6d3b282691ecd59299f76b860a8be26f51d7febaf57f7dd1bbd7edede6,False,-9,8,36,54,-17,16,28,62,-26,25,19,72,0.030229304998602716,0.02911430432922278,0.029645717367457313,0.025682648746362988,0.026790161631276902,0.5000477213412059,9,19,5.682858126946543,10.708097944431424,8.526541826689302,95.17092743679127,-10.0,28.0,9.480297867579722,89.87604765803663,17.0530836533786,290.8076620891284,0.0,0.0,0.6916864364368713,0.47018176322639904,0.6609908041002339,0.23392748924192439,0.0,17.0,0.0,18.0,1.0,33.0,1.0,34.0,1.0,51.0,1.0,53.0,0.0,0.0,0.0,0.0,0.0,1.0
confirmation-20260916T173933Z-48f95d,2024_16_MIN_SEA,2024-12-21 21:05:00+00:00,2024,16,SEA,MIN,2024-12-22 21:05:00+00:00,M1_ridge_alpha100,historical_reconstruction,kickoff_minus_24h,20.286187142696733,23.128809192517608,20.342864502749357,23.15111477896985,-2.8082502762204915,43.4939792817192,0.40020210152875346,0.02962050256333643,0.5701773959079101,0.4124181339217491,2.424723642704171,1.7018905070614032,142.47236427041707,-142.47236427041707,2.8082502762204915,3.0,0.48981636549336316,0.03018072754737773,0.4800029069592591,43.5,0.4976390150491694,0.0,0.5023609849508306,0.020694475194423117,0.0,100,0,negative_latent_mass=0.0207 exceeds 0.01,,1,1,b8eb3c94eb3388ec3f3ff44dda35e9130178f1d32a5f2a459ddc134106dcbcb5,b7a8fd6d3b282691ecd59299f76b860a8be26f51d7febaf57f7dd1bbd7edede6,False,-12,6,34,53,-20,14,26,61,-28,23,17,70,0.02962050256333643,0.027371490249437556,0.03018072754737773,0.02290410100912873,0.028768517169558975,0.5000718931194675,24,27,3.0793485408850803,4.813142901826342,3.753010359140397,14.094278744957514,-3.0,51.0,0.1917497237795085,0.036767956569517805,7.506020718280801,56.34034702326064,0.0,0.0,0.5618077456816467,0.3457865672286408,0.5317396961554752,0.17008871718749777,1.0,18.0,1.0,19.0,1.0,34.0,1.0,35.0,1.0,51.0,1.0,53.0,0.0,0.0,1.0,0.0,0.0,0.0
confirmation-20260916T173933Z-48f95d,2024_16_NE_BUF,2024-12-21 21:25:00+00:00,2024,16,BUF,NE,2024-12-22 21:25:00+00:00,M1_ridge_alpha100,historical_reconstruction,kickoff_minus_24h,30.052277740573928,19.488634222357675,30.05435700025782,19.55654077437081,10.497816225887009,49.610897774628626,0.7765329011301302,0.021943623247635238,0.20152347562223458,0.7939551539028935,1.259516982897887,4.853312368360391,-385.331236836039,385.33123683603907,-10.497816225887009,-10.5,0.5016888570868352,0.0,0.4983111429131648,49.5,0.5013661761971593,0.0,0.4986338238028407,0.017927828727646505,7.127631818093505e-14,100,0,negative_latent_mass=0.0179 exceeds 0.01,,1,1,b8eb3c94eb3388ec3f3ff44dda35e9130178f1d32a5f2a459ddc134106dcbcb5,b7a8fd6d3b282691ecd59299f76b860a8be26f51d7febaf57f7dd1bbd7edede6,False,2,19,40,59,-6,27,32,67,-15,36,23,76,0.021943623247635238,0.02561149653526914,0.017831691529542157,0.029096353497326224,0.012500280905929482,0.5000098070986314,24,21,4.757062395830454,3.7718883558740006,3.7489081129435053,19.369406611312446,3.0,45.0,7.497816225887009,56.21724815717451,4.610897774628626,21.260378288075213,0.0,1.0,0.252916266228396,0.09103077810541571,0.2307283005607388,0.0424544786031803,1.0,17.0,1.0,19.0,1.0,33.0,1.0,35.0,1.0,51.0,1.0,53.0,0.0,1.0,0.0,0.0,0.0,0.0
confirmation-20260916T173933Z-48f95d,2024_16_NO_GB,2024-12-23 01:15:00+00:00,2024,16,GB,NO,2024-12-24 01:15:00+00:00,M1_ridge_alpha100,historical_reconstruction,kickoff_minus_24h,25.294534219652192,18.7660057469814,25.306186557710518,18.849472927000892,6.456713630709631,44.15565948471141,0.6755955965241867,0.026819215268733897,0.2975851882070794,0.6942138676841482,1.4404782827746359,3.2702594863493766,-227.02594863493763,227.02594863493772,-6.456713630709631,-6.5,0.5005294489742378,0.0,0.4994705510257622,44.0,0.48735313241961176,0.029341379277759955,0.4833054883026283,0.024117418750561597,1.2212453270876722e-15,100,0,negative_latent_mass=0.0241 exceeds 0.01,,1,1,b8eb3c94eb3388ec3f3ff44dda35e9130178f1d32a5f2a459ddc134106dcbcb5,b7a8fd6d3b282691ecd59299f76b860a8be26f51d7febaf57f7dd1bbd7edede6,False,-2,15,35,53,-10,23,27,62,-19,32,18,71,0.026819215268733897,0.029128213854121537,0.023278936689223914,0.03020420242053561,0.01790319400193999,0.5000561678618527,34,0,20.29410638813089,6.019901651476686,13.771643184645187,215.44251089753644,34.0,34.0,27.54328636929037,758.6326240207368,10.155659484711407,103.13741956940876,0.0,1.0,0.39216061194393914,0.19451443154237186,0.36497519925707844,0.09350515871668764,0.0,17.0,0.0,18.0,0.0,33.0,1.0,35.0,0.0,51.0,1.0,53.0,0.0,0.0,0.0,0.0,0.0,1.0
confirmation-20260916T173933Z-48f95d,2024_16_NYG_ATL,2024-12-21 18:00:00+00:00,2024,16,ATL,NYG,2024-12-22 18:00:00+00:00,M1_ridge_alpha100,historical_reconstruction,kickoff_minus_24h,23.07491731448053,18.134189962966527,23.0990967536192,18.23376597997522,4.865330773643978,41.33286273359442,0.6312639238892508,0.02839976849337188,0.3403363076173774,0.6497156993369287,1.5391347338852301,2.85482391904818,-185.48239190481797,185.48239190481797,-4.865330773643978,-5.0,0.48263583412660727,0.03024090872646358,0.48712325714692917,41.0,0.4918114205204738,0.02936447303265894,0.4788241064468673,0.03087273295883773,1.1102230246251565e-16,100,0,negative_latent_mass=0.0309 exceeds 0.01,,1,1,b8eb3c94eb3388ec3f3ff44dda35e9130178f1d32a5f2a459ddc134106dcbcb5,b7a8fd6d3b282691ecd59299f76b860a8be26f51d7febaf57f7dd1bbd7edede6,False,-4,14,32,50,-12,22,24,59,-21,30,16,68,0.02839976849337188,0.029889857805161364,0.025216419994429237,0.0299127398482333,0.02012011549245449,0.5001255824544095,34,7,15.204805632720433,3.1636596099573726,11.06733461317801,122.51359483990205,27.0,41.0,22.13466922635602,489.9435817601922,0.33286273359441765,0.11079759941594826,0.0,1.0,0.4600312409894959,0.2526016429586595,0.43122039740894624,0.1226990912910169,0.0,18.0,1.0,18.0,0.0,34.0,1.0,35.0,1.0,51.0,1.0,52.0,0.0,0.0,0.0,0.0,0.0,0.0
confirmation-20260916T173933Z-48f95d,2024_16_PHI_WAS,2024-12-21 18:00:00+00:00,2024,16,WAS,PHI,2024-12-22 18:00:00+00:00,M1_ridge_alpha100,historical_reconstruction,kickoff_minus_24h,23.696334600833147,25.050971447699197,23.716137174835332,25.06275015855177,-1.346612983716435,48.778887333387104,0.44424548546630405,0.030023659551798348,0.5257308549818976,0.4579962076817558,2.183424192662447,1.8450055408705288,118.34241926624468,-118.34241926624472,1.346612983716435,1.5,0.5044083040207226,0.0,0.49559169597927744,48.5,0.5072666144496978,0.0,0.4927333855503022,0.008974574517588454,9.992007221626409e-16,100,0,,,1,1,b8eb3c94eb3388ec3f3ff44dda35e9130178f1d32a5f2a459ddc134106dcbcb5,b7a8fd6d3b282691ecd59299f76b860a8be26f51d7febaf57f7dd1bbd7edede6,False,-10,8,40,58,-18,16,31,66,-27,24,22,75,0.030023659551798348,0.02856345083523198,0.02992148856416539,0.0247137322420312,0.027543215433529125,0.5000161352214203,36,33,3.6531403368543174,13.38664219091092,10.11055633330645,106.94661047651624,3.0,69.0,4.346612983716435,18.89304443021229,20.221112666612896,408.8933974758525,0.0,1.0,0.8113779741457664,0.5861574324374634,0.7808943750730718,0.2937681108873583,1.0,18.0,0.0,18.0,1.0,34.0,0.0,35.0,1.0,51.0,1.0,53.0,0.0,1.0,0.0,0.0,0.0,0.0
confirmation-20260916T173933Z-48f95d,2024_16_PIT_BAL,2024-12-20 21:30:00+00:00,2024,16,BAL,PIT,2024-12-21 21:30:00+00:00,M1_ridge_alpha100,historical_reconstruction,kickoff_minus_24h,27.544878465390717,21.906446275147594,27.550177649788186,21.939316641194953,5.610861008593224,49.48949429098314,0.6511051342806078,0.02755712151588973,0.3213377442035024,0.6695561751612404,1.4935266630304516,3.026232977686756,-202.62329776867557,202.6232977686756,-5.610861008593224,-5.5,0.5041098510319394,0.0,0.4958901489680606,49.5,0.49861905307512333,0.0,0.5013809469248767,0.010514305110549124,9.2148511043888e-15,100,0,negative_latent_mass=0.0105 exceeds 0.01,,1,1,b8eb3c94eb3388ec3f3ff44dda35e9130178f1d32a5f2a459ddc134106dcbcb5,b7a8fd6d3b282691ecd59299f76b860a8be26f51d7febaf57f7dd1bbd7edede6,False,-3,15,40,59,-11,23,32,67,-20,31,23,76,0.02755712151588973,0.029559884163042664,0.02436551951598391,0.030006653895147378,0.019115207759840692,0.5000122737718125,34,17,6.761200357914076,3.2465934400097374,5.694569495703384,32.99852861563862,17.0,51.0,11.389138991406776,129.71248696558217,1.5105057090168614,2.2816274969725314,0.0,1.0,0.42908415322194304,0.22574496812138978,0.40114021123007076,0.10919312137406881,0.0,18.0,1.0,19.0,1.0,34.0,1.0,35.0,1.0,51.0,1.0,53.0,0.0,0.0,0.0,0.0,0.0,0.0
confirmation-20260916T173933Z-48f95d,2024_16_SF_MIA,2024-12-21 21:25:00+00:00,2024,16,MIA,SF,2024-12-22 21:25:00+00:00,M1_ridge_alpha100,historical_reconstruction,kickoff_minus_24h,21.264221944079416,20.98943651745528,21.30660744578463,21.032998601347817,0.27360884443680966,42.33960604713244,0.4930956365506206,0.030366261307761398,0.47653810214161796,0.5085380354190924,1.966421251413157,2.03474545757116,-103.47454575711598,103.47454575711602,-0.27360884443680966,-0.5,0.4930956365506206,0.0,0.5069043634493794,42.5,0.4929147344968948,0.0,0.5070852655031052,0.02255510805742091,-2.220446049250313e-16,100,0,negative_latent_mass=0.0226 exceeds 0.01,,1,1,b8eb3c94eb3388ec3f3ff44dda35e9130178f1d32a5f2a459ddc134106dcbcb5,b7a8fd6d3b282691ecd59299f76b860a8be26f51d7febaf57f7dd1bbd7edede6,False,-9,9,33,51,-17,17,25,60,-25,26,16,69,0.030366261307761398,0.029554576777409376,0.02927836514513022,0.026567308342198614,0.025991982194807698,0.5001007366416638,29,17,6.981662950997268,3.5779330704712575,5.863195577781594,37.726683355864985,12.0,46.0,11.72639115556319,137.5082495332706,3.660393952867558,13.398483890189388,0.0,1.0,0.7070521348063775,0.4849627063025669,0.6762152670399277,0.24153486262972532,0.0,18.0,1.0,18.0,1.0,34.0,1.0,35.0,1.0,51.0,1.0,53.0,0.0,0.0,0.0,0.0,0.0,1.0
confirmation-20260916T173933Z-48f95d,2024_16_TB_DAL,2024-12-22 01:20:00+00:00,2024,16,DAL,TB,2024-12-23 01:20:00+00:00,M1_ridge_alpha100,historical_reconstruction,kickoff_minus_24h,20.339179497600014,25.796819837591002,20.394984086222795,25.80592590675287,-5.410941820530079,46.20090999297567,0.3262285725727253,0.02775992001641868,0.646011507410856,0.33554322567964334,2.98024195831848,1.5049887948284606,198.024195831848,-198.024195831848,5.410941820530079,5.5,0.5014326493470507,0.0,0.4985673506529493,46.0,0.4894410096930092,0.029310471357627384,0.48124851894936344,0.017030690355336345,1.3322676295501878e-15,100,0,negative_latent_mass=0.0170 exceeds 0.01,,1,1,b8eb3c94eb3388ec3f3ff44dda35e9130178f1d32a5f2a459ddc134106dcbcb5,b7a8fd6d3b282691ecd59299f76b860a8be26f51d7febaf57f7dd1bbd7edede6,False,-14,3,37,55,-22,11,29,64,-31,20,20,73,0.02775992001641868,0.02458743330687971,0.02965054717934019,0.019373201529026045,0.029988948282676457,0.5000317859978634,26,24,4.714101553443898,3.606454855827894,3.7054709102650367,17.338785887188443,2.0,50.0,7.410941820530079,54.922058667281675,3.7990900070243327,14.433084881472144,0.0,1.0,1.120157000440131,0.8720694172839518,1.0920044912878573,0.4415028049402134,1.0,17.0,1.0,18.0,1.0,33.0,1.0,35.0,1.0,51.0,1.0,53.0,0.0,0.0,0.0,0.0,0.0,1.0
confirmation-20260916T173933Z-48f95d,2024_16_TEN_IND,2024-12-21 18:00:00+00:00,2024,16,IND,TEN,2024-12-22 18:00:00+00:00,M1_ridge_alpha100,historical_reconstruction,kickoff_minus_24h,21.462315062631617,18.670169707353526,21.502235213815954,18.755921389907215,2.746313823908735,40.258156603723165,0.5685613367120199,0.029869472778701334,0.4015691905092787,0.5860668443663191,1.7062900070404827,2.4158489997476105,-141.58489997476104,141.58489997476104,-2.746313823908735,-3.0,0.4782615790158282,0.0302194041730941,0.4915190168110777,40.0,0.4895214023138077,0.029357783919114366,0.48112081376707794,0.03163778734826766,-2.220446049250313e-16,100,0,negative_latent_mass=0.0316 exceeds 0.01,,1,1,b8eb3c94eb3388ec3f3ff44dda35e9130178f1d32a5f2a459ddc134106dcbcb5,b7a8fd6d3b282691ecd59299f76b860a8be26f51d7febaf57f7dd1bbd7edede6,False,-6,12,31,49,-14,20,23,58,-23,28,14,67,0.029869472778701334,0.0302194041730941,0.02744860260946244,0.028797925098915725,0.023012807145220436,0.5001721622699867,38,30,3.883587830538019,20.36657257824789,13.870921698138416,199.30277336510022,8.0,68.0,5.253686176091265,27.60121843685246,27.741843396276835,769.6098750235486,0.0,1.0,0.5646460794179637,0.348289320350074,0.5343214270259814,0.17134065733285714,1.0,18.0,0.0,18.0,1.0,34.0,0.0,35.0,1.0,51.0,0.0,53.0,0.0,0.0,0.0,0.0,0.0,1.0
confirmation-20260916T173933Z-48f95d,2024_17_ARI_LA,2024-12-28 01:15:00+00:00,2024,17,LA,ARI,2024-12-29 01:15:00+00:00,M1_ridge_alpha100,historical_reconstruction,kickoff_minus_24h,23.116308229735495,22.272386923275437,23.140170878092555,22.301698406837957,0.8384724712545903,45.441869284930526,0.5103188009204908,0.03018079901809289,0.45950040006141635,0.5261999354145714,1.9004183252362827,2.1105949001399824,-111.05949001399827,111.05949001399826,-0.8384724712545903,-1.0,0.4801627750452634,0.030156025875227383,0.48968119907950924,45.5,0.49679586821014454,0.0,0.5032041317898555,0.014548717450992784,1.1102230246251565e-16,100,0,negative_latent_mass=0.0145 exceeds 0.01,,1,1,b8eb3c94eb3388ec3f3ff44dda35e9130178f1d32a5f2a459ddc134106dcbcb5,b7a8fd6d3b282691ecd59299f76b860a8be26f51d7febaf57f7dd1bbd7edede6,False,-8,10,36,55,-16,18,28,63,-25,27,19,72,0.03018079901809289,0.029767787387148584,0.02891893947998244,0.027093639883688073,0.025325366341225,0.5000428354354345,13,9,3.382510843086882,16.215616087106547,11.720934642465256,139.8791229716959,4.0,22.0,3.1615275287454097,9.995256315015057,23.441869284930526,549.5212355717692,0.0,1.0,0.6727196487131926,0.45183917501791815,0.6420740331152691,0.22448650120115626,1.0,18.0,0.0,19.0,1.0,34.0,0.0,35.0,1.0,52.0,1.0,53.0,0.0,0.0,0.0,0.0,0.0,1.0
confirmation-20260916T173933Z-48f95d,2024_17_ATL_WAS,2024-12-29 01:20:00+00:00,2024,17,WAS,ATL,2024-12-30 01:20:00+00:00,M1_ridge_alpha100,historical_reconstruction,kickoff_minus_24h,26.105615133803056,22.02482613373604,26.114435811906805,22.056504689510568,4.0579311223962335,48.17094050141737,0.6066372714189486,0.0287879311643726,0.36457479741667875,0.6246187530867873,1.6009765878115665,2.6639583309583865,-166.3958330958386,166.39583309583864,-4.0579311223962335,-4.0,0.48729354522806034,0.030158690020014367,0.4825477647519253,48.0,0.48921747642154156,0.029293686245625904,0.48148883733283254,0.011200460355302184,2.6645352591003757e-15,100,0,negative_latent_mass=0.0112 exceeds 0.01,,1,1,b8eb3c94eb3388ec3f3ff44dda35e9130178f1d32a5f2a459ddc134106dcbcb5,b7a8fd6d3b282691ecd59299f76b860a8be26f51d7febaf57f7dd1bbd7edede6,False,-5,13,39,57,-13,21,31,66,-22,30,22,75,0.0287879311643726,0.03005587049290574,0.02613214431615133,0.029446963177691247,0.021245930677223364,0.500018837313018,30,24,3.1959845431969454,4.170081293634937,2.9145297492913134,9.43739154084337,6.0,54.0,1.9420688776037665,3.771631525357153,5.82905949858263,33.977934638016386,0.0,1.0,0.4998242424583541,0.2884777641288669,0.47061381042955636,0.14091108053411838,1.0,18.0,1.0,18.0,1.0,34.0,1.0,35.0,1.0,52.0,1.0,53.0,0.0,0.0,0.0,0.0,0.0,1.0
confirmation-20260916T173933Z-48f95d,2024_17_BAL_HOU,2024-12-24 21:30:00+00:00,2024,17,HOU,BAL,2024-12-25 21:30:00+00:00,M1_ridge_alpha100,historical_reconstruction,kickoff_minus_24h,21.25642930633714,27.097037713697762,21.29891452861808,27.102777273641447,-5.80386274502337,48.40169180225952,0.3158794552669022,0.02738512841335912,0.6567354163197386,0.3247734169965995,3.0790697380582426,1.4809843468425234,207.90697380582426,-207.90697380582418,5.80386274502337,6.0,0.4898189156136713,0.03016616686634469,0.480014917519984,48.5,0.4957719332929533,0.0,0.5042280667070467,0.012939437346015638,3.9968028886505635e-15,100,0,negative_latent_mass=0.0129 exceeds 0.01,,1,1,b8eb3c94eb3388ec3f3ff44dda35e9130178f1d32a5f2a459ddc134106dcbcb5,b7a8fd6d3b282691ecd59299f76b860a8be26f51d7febaf57f7dd1bbd7edede6,False,-15,3,39,58,-23,11,31,66,-31,20,22,75,0.02738512841335912,0.024122117735792654,0.029469981312038384,0.018837763527657113,0.030058273715661648,0.5000165168907554,2,31,16.155906775522865,9.446695674137464,11.598068627488317,193.81822348087582,-29.0,33.0,23.19613725497663,538.0607835517147,15.40169180225952,237.21211037178813,0.0,0.0,0.42047405649518615,0.21836034992711417,0.39270696591348153,0.1054777723876471,0.0,18.0,0.0,19.0,0.0,34.0,1.0,35.0,1.0,51.0,1.0,53.0,0.0,0.0,0.0,0.0,0.0,0.0
confirmation-20260916T173933Z-48f95d,2024_17_CAR_TB,2024-12-28 18:00:00+00:00,2024,17,TB,CAR,2024-12-29 18:00:00+00:00,M1_ridge_alpha100,historical_reconstruction,kickoff_minus_24h,28.20274857138019,18.326270955679675,28.206918918760664,18.420682040690078,9.786236878070586,46.627600959450746,0.7606946385199456,0.02287438070682133,0.21643098077323317,0.7785023987705979,1.2845175577868335,4.514721579148448,-351.47215791484507,351.47215791484484,-9.786236878070586,-10.0,0.4807378641474901,0.03023319482719168,0.48902894102531824,46.5,0.5011539833702914,0.0,0.4988460166297086,0.024511106002471233,1.5987211554602254e-14,100,0,negative_latent_mass=0.0245 exceeds 0.01,,1,1,b8eb3c94eb3388ec3f3ff44dda35e9130178f1d32a5f2a459ddc134106dcbcb5,b7a8fd6d3b282691ecd59299f76b860a8be26f51d7febaf57f7dd1bbd7edede6,False,1,19,37,56,-7,27,29,64,-16,35,21,73,0.02287438070682133,0.026358516035520856,0.018784583035634603,0.029492316738554868,0.013378828759234117,0.5000245880863532,48,14,17.113642730636766,9.508096705763588,12.106881560964707,205.65424419669716,34.0,62.0,24.213763121929414,586.3063245249089,15.372399040549254,236.31065226187962,0.0,1.0,0.27352326509107905,0.10463266276428373,0.2503832064403868,0.04906118735037923,0.0,18.0,0.0,19.0,0.0,34.0,1.0,35.0,1.0,51.0,1.0,52.0,0.0,0.0,0.0,0.0,0.0,1.0
confirmation-20260916T173933Z-48f95d,2024_17_DAL_PHI,2024-12-28 18:00:00+00:00,2024,17,PHI,DAL,2024-12-29 18:00:00+00:00,M1_ridge_alpha100,historical_reconstruction,kickoff_minus_24h,26.250887888153727,18.660139192561626,26.259273937430226,18.746133145709877,7.513140791720348,45.005407083140106,0.7039293192029441,0.025670405769296488,0.2704002750277595,0.7224755599861893,1.3841298659557644,3.6032862545375672,-260.32862545375684,260.32862545375673,-7.513140791720348,-7.5,0.5023928018623549,0.0,0.4976071981376451,45.0,0.48297881026298906,0.029341408839999503,0.4876797808970114,0.02380837756383794,3.1086244689504383e-15,100,0,negative_latent_mass=0.0238 exceeds 0.01,,1,1,b8eb3c94eb3388ec3f3ff44dda35e9130178f1d32a5f2a459ddc134106dcbcb5,b7a8fd6d3b282691ecd59299f76b860a8be26f51d7febaf57f7dd1bbd7edede6,False,-1,16,36,54,-9,24,28,62,-18,33,19,72,0.025670405769296488,0.02841450496628474,0.02189769021453431,0.030183150588789915,0.016435070181649136,0.500042825822762,41,7,19.274052888694907,3.4439836036958478,13.243429604139825,177.63032436423399,34.0,48.0,26.486859208279654,701.5537107192287,2.9945929168598937,8.967586737707446,0.0,1.0,0.3510773267238519,0.16143312649508046,0.32507168657643054,0.07701981480497923,0.0,17.0,1.0,18.0,0.0,33.0,1.0,34.0,0.0,51.0,1.0,53.0,0.0,0.0,0.0,0.0,0.0,1.0
confirmation-20260916T173933Z-48f95d,2024_17_DEN_CIN,2024-12-27 21:30:00+00:00,2024,17,CIN,DEN,2024-12-28 21:30:00+00:00,M1_ridge_alpha100,historical_reconstruction,kickoff_minus_24h,25.069478600145437,22.902883807328323,25.08205280680371,22.926872172580502,2.1551806342232083,48.00892497938422,0.5500925969822689,0.029789399841706112,0.42011800317602505,0.5669826704557949,1.7637223359862206,2.3093763962116753,-130.93763962116756,130.93763962116753,-2.1551806342232083,-2.0,0.4899070090625953,0.030151029089067312,0.4799419618483374,48.0,0.48457662685221037,0.029291246402366484,0.48613212674542317,0.010278316911294149,1.1102230246251565e-15,100,0,negative_latent_mass=0.0103 exceeds 0.01,,1,1,b8eb3c94eb3388ec3f3ff44dda35e9130178f1d32a5f2a459ddc134106dcbcb5,b7a8fd6d3b282691ecd59299f76b860a8be26f51d7febaf57f7dd1bbd7edede6,False,-7,11,39,57,-15,19,31,65,-24,28,22,75,0.029789399841706112,0.030096050349537475,0.027941891447628958,0.028224274009929454,0.023733606276721303,0.5000202739534036,30,24,3.5261209300528917,4.224281140640267,2.9955375103078943,12.668903964524683,6.0,54.0,3.8448193657767917,14.782635955452252,5.9910750206157815,35.89297990264639,0.0,1.0,0.5976686567766835,0.3798032162256988,0.5674265392914871,0.18750400768559475,1.0,18.0,1.0,18.0,1.0,34.0,1.0,34.0,1.0,52.0,1.0,53.0,0.0,0.0,0.0,0.0,0.0,1.0
confirmation-20260916T173933Z-48f95d,2024_17_DET_SF,2024-12-30 01:15:00+00:00,2024,17,SF,DET,2024-12-31 01:15:00+00:00,M1_ridge_alpha100,historical_reconstruction,kickoff_minus_24h,22.2546171929418,27.620424458927253,22.28591564407478,27.62516867761644,-5.339253033541656,49.91108432169122,0.32875568667233046,0.027790123995839855,0.6434541893318296,0.33815300048538455,2.957241244539013,1.5109232205228382,195.72412445390125,-195.7241244539012,5.339253033541656,5.5,0.5041034149428103,0.0,0.4958965850571897,50.0,0.4817335926717322,0.02929141993205216,0.48897498739621564,0.009922930971674534,6.328271240363392e-15,100,0,,,1,1,b8eb3c94eb3388ec3f3ff44dda35e9130178f1d32a5f2a459ddc134106dcbcb5,b7a8fd6d3b282691ecd59299f76b860a8be26f51d7febaf57f7dd1bbd7edede6,False,-14,4,41,59,-22,12,32,67,-31,21,24,77,0.027790123995839855,0.024689316207154345,0.029674305652696673,0.01948941610375895,0.029935096166520132,0.5000106361552807,34,40,3.097571212615862,16.853663816496486,12.04445783915439,145.1781112775886,-6.0,74.0,0.6607469664583441,0.4365865536839041,24.08891567830878,580.2758585566705,0.0,0.0,0.4409044443295999,0.23597750761612246,0.4127208683151213,0.11434745173726849,1.0,18.0,0.0,18.0,1.0,34.0,0.0,35.0,1.0,52.0,1.0,53.0,0.0,0.0,0.0,0.0,0.0,1.0
confirmation-20260916T173933Z-48f95d,2024_17_GB_MIN,2024-12-28 21:25:00+00:00,2024,17,MIN,GB,2024-12-29 21:25:00+00:00,M1_ridge_alpha100,historical_reconstruction,kickoff_minus_24h,22.853265361567523,23.539830428807004,22.879207119321528,23.559347128362557,-0.6801400090410326,46.438554247684095,0.4642356490285514,0.03017724414264407,0.5055871068288045,0.4786809200183713,2.0890742834738867,1.9182110120259552,108.9074283473887,-108.9074283473887,0.6801400090410326,0.5,0.4944128931711955,0.0,0.5055871068288045,46.5,0.49691009726246127,0.0,0.5030899027375387,0.012584394774319977,2.220446049250313e-16,100,0,negative_latent_mass=0.0126 exceeds 0.01,,1,1,b8eb3c94eb3388ec3f3ff44dda35e9130178f1d32a5f2a459ddc134106dcbcb5,b7a8fd6d3b282691ecd59299f76b860a8be26f51d7febaf57f7dd1bbd7edede6,False,-10,8,37,56,-18,16,29,64,-26,25,20,73,0.03017724414264407,0.029011936783652447,0.029703956024898684,0.025493821983274732,0.026935747151552225,0.5000321695191999,27,25,3.301277156601411,4.083989739501625,2.7807228761579577,9.528207331003795,2.0,52.0,2.6801400090410326,7.1831504680624665,5.561445752315905,30.92967885595262,0.0,1.0,0.7673629913896298,0.5435724284274233,0.7367210412882547,0.27177358315289185,1.0,18.0,1.0,19.0,1.0,34.0,1.0,35.0,1.0,51.0,1.0,53.0,0.0,0.0,0.0,0.0,0.0,1.0
confirmation-20260916T173933Z-48f95d,2024_17_IND_NYG,2024-12-28 18:00:00+00:00,2024,17,NYG,IND,2024-12-29 18:00:00+00:00,M1_ridge_alpha100,historical_reconstruction,kickoff_minus_24h,18.467398170162397,21.026722754080474,18.562458583356374,21.069795497712118,-2.507336914355747,39.6322540810685,0.40836134022709103,0.030039343091906992,0.5615993166810019,0.4210081484426483,2.3752509392017735,1.7271400233185241,137.52509392017737,-137.52509392017737,2.507336914355747,2.5,0.4985957273917654,0.0,0.5014042726082346,39.5,0.5001839739927798,0.0,0.4998160260072202,0.03435603583520382,-2.220446049250313e-16,100,0,negative_latent_mass=0.0344 exceeds 0.01,,1,1,b8eb3c94eb3388ec3f3ff44dda35e9130178f1d32a5f2a459ddc134106dcbcb5,b7a8fd6d3b282691ecd59299f76b860a8be26f51d7febaf57f7dd1bbd7edede6,False,-11,6,30,49,-19,14,22,57,-28,23,14,66,0.030039343091906992,0.02766234746328809,0.030219860652003997,0.02331705009094133,0.028655666667919213,0.5002011526350447,45,33,8.898322762898182,30.81724598273754,19.183872959465752,420.63668781157855,12.0,78.0,14.507336914355747,210.46282434662893,38.3677459189315,1472.0839268996845,0.0,1.0,0.8956028587122468,0.6663324583678455,0.8651030905163997,0.3352315641698105,0.0,17.0,0.0,19.0,1.0,33.0,0.0,35.0,1.0,51.0,0.0,52.0,0.0,0.0,0.0,0.0,0.0,1.0
confirmation-20260916T173933Z-48f95d,2024_17_KC_PIT,2024-12-24 18:00:00+00:00,2024,17,PIT,KC,2024-12-25 18:00:00+00:00,M1_ridge_alpha100,historical_reconstruction,kickoff_minus_24h,20.74689170601335,22.338825165583543,20.79637313197506,22.367529233203566,-1.5711561012285102,43.16390236517863,0.4371007553459251,0.030108566858303112,0.5327906777957718,0.45066977644091283,2.2189195998394395,1.8203986547855358,121.89195998394395,-121.89195998394399,1.5711561012285102,1.5,0.4973499666047013,0.0,0.5026500333952987,43.0,0.4879753061784222,0.02931416236211624,0.4827105314594615,0.02061940397556741,0.0,100,0,negative_latent_mass=0.0206 exceeds 0.01,,1,1,b8eb3c94eb3388ec3f3ff44dda35e9130178f1d32a5f2a459ddc134106dcbcb5,b7a8fd6d3b282691ecd59299f76b860a8be26f51d7febaf57f7dd1bbd7edede6,False,-10,7,34,52,-18,15,26,61,-27,24,17,70,0.030108566858303112,0.02841436207970923,0.03001349512827621,0.024468870526086844,0.027803347001806974,0.5000798864865963,10,29,11.123467138487369,3.658214452653707,8.714421949385747,80.27567063862111,-19.0,39.0,17.42884389877149,303.7645996477442,4.163902365178629,17.33808290674018,0.0,0.0,0.6296266565385829,0.41024814687677347,0.5990555181936607,0.20310324739730234,0.0,17.0,1.0,18.0,0.0,33.0,1.0,35.0,1.0,51.0,1.0,53.0,0.0,0.0,0.0,0.0,0.0,0.0
confirmation-20260916T173933Z-48f95d,2024_17_LAC_NE,2024-12-27 18:00:00+00:00,2024,17,NE,LAC,2024-12-28 18:00:00+00:00,M1_ridge_alpha100,historical_reconstruction,kickoff_minus_24h,19.766858556278713,21.256348171926728,19.832756118991135,21.29651465490223,-1.4637585359110963,41.12927077389337,0.440090323573773,0.03026584972284155,0.5296438267033855,0.45382574538391923,2.2034889165532867,1.8309174984875922,120.34889165532869,-120.3488916553287,1.4637585359110963,1.5,0.5005232936452799,0.0,0.4994767063547201,41.0,0.48622302149838914,0.029335630753133706,0.48444134774847714,0.027199785061831384,-2.220446049250313e-16,100,0,negative_latent_mass=0.0272 exceeds 0.01,,1,1,b8eb3c94eb3388ec3f3ff44dda35e9130178f1d32a5f2a459ddc134106dcbcb5,b7a8fd6d3b282691ecd59299f76b860a8be26f51d7febaf57f7dd1bbd7edede6,False,-10,7,32,50,-18,15,24,58,-27,24,15,68,0.03026584972284155,0.028508641404652226,0.030011237946347774,0.024618404724348997,0.027751938955779765,0.5001378692208208,7,40,24.2128752800764,4.195297227406009,15.768120732044453,257.24999683189577,-33.0,47.0,31.536241464088903,994.5345256813201,5.870729226106633,34.46546164626258,0.0,0.0,0.635550523433998,0.4158304443209487,0.6048172065055101,0.2059578071732699,0.0,17.0,1.0,18.0,0.0,33.0,1.0,34.0,0.0,51.0,1.0,53.0,0.0,0.0,0.0,0.0,0.0,0.0
confirmation-20260916T173933Z-48f95d,2024_17_LV_NO,2024-12-28 18:00:00+00:00,2024,17,NO,LV,2024-12-29 18:00:00+00:00,M1_ridge_alpha100,historical_reconstruction,kickoff_minus_24h,20.866648186928856,17.859343477130224,20.914398424377122,17.966742389049045,2.9476560353280794,38.88114081342617,0.5748561674395183,0.029925943205664992,0.3952178893548167,0.5925899815722969,1.6875074353210247,2.4545297237884567,-145.45297237884563,145.45297237884563,-2.9476560353280794,-3.0,0.4845805826869778,0.030252011840351704,0.4851674054726705,38.5,0.5071031928257946,0.0,0.49289680717420536,0.03818478334584689,-2.220446049250313e-16,100,0,negative_latent_mass=0.0382 exceeds 0.01,,1,1,b8eb3c94eb3388ec3f3ff44dda35e9130178f1d32a5f2a459ddc134106dcbcb5,b7a8fd6d3b282691ecd59299f76b860a8be26f51d7febaf57f7dd1bbd7edede6,False,-6,12,30,48,-14,20,22,56,-23,28,13,65,0.029925943205664992,0.030252011840351704,0.027269034456201564,0.0289880469756721,0.022757974784930836,0.5002444712836249,10,25,11.596733714980868,3.566611826254178,8.973828017664038,84.29540279402266,-15.0,35.0,17.94765603532808,322.1183571624485,3.881140813426171,15.06325401364236,0.0,0.0,0.9283180475468505,0.6971165766764429,0.8979351843584967,0.3511628862598552,0.0,18.0,1.0,18.0,0.0,34.0,1.0,34.0,1.0,51.0,1.0,52.0,0.0,0.0,0.0,0.0,0.0,0.0
confirmation-20260916T173933Z-48f95d,2024_17_MIA_CLE,2024-12-28 21:05:00+00:00,2024,17,CLE,MIA,2024-12-29 21:05:00+00:00,M1_ridge_alpha100,historical_reconstruction,kickoff_minus_24h,17.130197705814652,23.811510494708685,17.266614489535712,23.82936219653073,-6.562747706995022,41.095976686066436,0.29353240730168384,0.026821891903141295,0.6796457007951748,0.3016224932101217,3.3154026059434565,1.4318903319159608,231.54026059434565,-231.54026059434565,6.562747706995022,6.5,0.4952323327861776,0.0,0.5047676672138224,41.0,0.4841478217239462,0.029406108123470585,0.4864460701525832,0.03701145150189376,-2.220446049250313e-16,100,0,negative_latent_mass=0.0370 exceeds 0.01,,1,1,b8eb3c94eb3388ec3f3ff44dda35e9130178f1d32a5f2a459ddc134106dcbcb5,b7a8fd6d3b282691ecd59299f76b860a8be26f51d7febaf57f7dd1bbd7edede6,False,-15,2,32,50,-23,10,24,58,-32,19,15,68,0.026821891903141295,0.023099399533061542,0.029077693187750553,0.017709219835112,0.030293212686886388,0.5001252565710257,3,20,6.160321757545072,11.529477130309093,9.047988343033222,109.1001519126245,-17.0,23.0,10.437252293004978,108.93623542783766,18.095976686066436,327.46437222266,0.0,0.0,0.38618364483675566,0.18950756504060007,0.35899548174819124,0.0909761284102899,0.0,17.0,0.0,18.0,1.0,33.0,0.0,34.0,1.0,51.0,1.0,53.0,0.0,0.0,0.0,0.0,0.0,0.0
confirmation-20260916T173933Z-48f95d,2024_17_NYJ_BUF,2024-12-28 18:00:00+00:00,2024,17,BUF,NYJ,2024-12-29 18:00:00+00:00,M1_ridge_alpha100,historical_reconstruction,kickoff_minus_24h,28.786327976145387,20.674066890966518,28.78968813862987,20.72197168650525,8.067716452124618,49.51165982513512,0.7174452293502788,0.025007356309395348,0.2575474143403259,0.7358468127867704,1.3589785028936103,3.7856821284264144,-278.5682128426414,278.5682128426414,-8.067716452124618,-8.0,0.4881710212287441,0.03017265229883486,0.481656326472421,49.5,0.498927562206252,0.0,0.501072437793748,0.01361684936369313,2.5757174171303632e-14,100,0,negative_latent_mass=0.0136 exceeds 0.01,,1,1,b8eb3c94eb3388ec3f3ff44dda35e9130178f1d32a5f2a459ddc134106dcbcb5,b7a8fd6d3b282691ecd59299f76b860a8be26f51d7febaf57f7dd1bbd7edede6,False,-1,17,40,59,-9,25,32,67,-18,34,23,76,0.025007356309395348,0.027986333291167818,0.02119305983891476,0.030061973441873526,0.015712588794978145,0.5000112609762916,40,14,11.520687657439177,3.7719593909906783,8.96614177393769,85.42799769167702,26.0,54.0,17.932283547875382,321.56679324140214,4.488340174864881,20.14519752530611,0.0,1.0,0.3320586696623642,0.14679323691988916,0.306733316716898,0.0697769063149075,0.0,18.0,1.0,19.0,0.0,34.0,1.0,35.0,1.0,52.0,1.0,53.0,0.0,0.0,0.0,0.0,0.0,1.0
confirmation-20260916T173933Z-48f95d,2024_17_SEA_CHI,2024-12-26 01:15:00+00:00,2024,17,CHI,SEA,2024-12-27 01:15:00+00:00,M1_ridge_alpha100,historical_reconstruction,kickoff_minus_24h,19.61492609722928,21.868421554802286,19.683762479176867,21.901683242845504,-2.217920763668639,41.58544572202238,0.4174450047038647,0.029985117971982445,0.5525698773241529,0.4303490724091874,2.3236950283215045,1.755461022821879,132.36950283215046,-132.36950283215046,2.217920763668639,2.0,0.4774795637655528,0.030187581870123364,0.49233285436432384,41.5,0.49971386587740274,0.0,0.5002861341225973,0.02619995034043482,-2.220446049250313e-16,100,0,negative_latent_mass=0.0262 exceeds 0.01,,1,1,b8eb3c94eb3388ec3f3ff44dda35e9130178f1d32a5f2a459ddc134106dcbcb5,b7a8fd6d3b282691ecd59299f76b860a8be26f51d7febaf57f7dd1bbd7edede6,False,-11,7,32,51,-19,15,24,59,-28,23,16,68,0.029985117971982445,0.027902922952507354,0.030155093277533553,0.02367449933458646,0.028373926515963627,0.500121257708251,3,6,3.091484126560344,25.023605179220088,16.292722861011185,265.6057302086917,-3.0,9.0,0.7820792363313611,0.611647931900645,32.58544572202238,1061.8112729028664,0.0,0.0,0.5931753787926449,0.3753531539297269,0.5627315134871699,0.18520032412344803,1.0,18.0,0.0,19.0,1.0,34.0,0.0,35.0,1.0,51.0,0.0,52.0,0.0,0.0,1.0,0.0,0.0,0.0
confirmation-20260916T173933Z-48f95d,2024_17_TEN_JAX,2024-12-28 18:00:00+00:00,2024,17,JAX,TEN,2024-12-29 18:00:00+00:00,M1_ridge_alpha100,historical_reconstruction,kickoff_minus_24h,22.185278388236704,21.318108138919897,22.217257884962887,21.35752365940775,0.8597342255551377,43.57478154437064,0.5109861180221527,0.030243430512597248,0.45877045146525014,0.5269220483778227,1.8978139234799352,2.1138165424345288,-111.38165424345289,111.38165424345287,-0.8597342255551377,-1.0,0.4808208449259468,0.0301652730962058,0.4890138819778474,43.5,0.5001987753202206,0.0,0.4998012246797794,0.019048242715503618,0.0,100,0,negative_latent_mass=0.0190 exceeds 0.01,,1,1,b8eb3c94eb3388ec3f3ff44dda35e9130178f1d32a5f2a459ddc134106dcbcb5,b7a8fd6d3b282691ecd59299f76b860a8be26f51d7febaf57f7dd1bbd7edede6,False,-8,10,34,53,-16,18,26,61,-25,26,17,70,0.030243430512597248,0.029788420599465067,0.028915433604742753,0.027135957429361514,0.025316964797030043,0.5000720200678505,20,13,4.196713969581423,6.261458567618614,5.287390772185319,37.38221712299521,7.0,33.0,6.140265774444862,37.702863780818966,10.574781544370637,111.82600471116184,0.0,1.0,0.6714128554446004,0.4505195689938437,0.640702657173002,0.22380274831103508,1.0,18.0,0.0,19.0,1.0,34.0,1.0,35.0,1.0,51.0,1.0,53.0,0.0,0.0,0.0,1.0,0.0,0.0
confirmation-20260916T173933Z-48f95d,2024_18_BUF_NE,2025-01-04 18:00:00+00:00,2024,18,NE,BUF,2025-01-05 18:00:00+00:00,M1_ridge_alpha100,historical_reconstruction,kickoff_minus_24h,20.132153057427054,28.60706917196232,20.191436949820325,28.610358158267168,-8.418921208446854,48.80179510808748,0.24877828745028707,0.0245867484831239,0.726634964066589,0.25504911591411045,3.920813433976995,1.3423703781855023,292.08134339769947,-292.0813433976995,8.418921208446854,8.5,0.5009284334233977,0.0,0.49907156657660234,48.5,0.5071338682444386,0.0,0.4928661317555614,0.01620176454760078,1.432187701766452e-14,100,0,negative_latent_mass=0.0162 exceeds 0.01,,1,1,b8eb3c94eb3388ec3f3ff44dda35e9130178f1d32a5f2a459ddc134106dcbcb5,b7a8fd6d3b282691ecd59299f76b860a8be26f51d7febaf57f7dd1bbd7edede6,False,-17,0,40,58,-25,8,31,66,-34,17,23,75,0.0245867484831239,0.020703624107221177,0.027683542411843513,0.015223220576840094,0.029987432101746585,0.5000132841726236,23,16,9.578490644561438,5.846394402730553,7.7094606042234215,83.45457964330494,7.0,39.0,15.418921208446854,237.74313123229217,9.801795108087482,96.0751873409277,0.0,1.0,1.3911931910157673,1.0929369406111489,1.3662991409430263,0.5549518197003486,0.0,17.0,0.0,18.0,1.0,33.0,1.0,35.0,1.0,51.0,1.0,52.0,0.0,0.0,0.0,1.0,0.0,0.0
confirmation-20260916T173933Z-48f95d,2024_18_CAR_ATL,2025-01-04 18:00:00+00:00,2024,18,ATL,CAR,2025-01-05 18:00:00+00:00,M1_ridge_alpha100,historical_reconstruction,kickoff_minus_24h,25.776674686999122,18.526164629202725,25.786557192622656,18.615453027382554,7.171104165240101,44.40201022000521,0.6949717758120393,0.026060913324578928,0.2789673108633818,0.7135680098684123,1.401408115512925,3.4912301504472216,-249.1230150447221,249.1230150447221,-7.171104165240101,-7.0,0.492083763969537,0.030216506559537774,0.4776997294709252,44.5,0.4944896017748498,0.0,0.5055103982251502,0.024945182576403116,1.9984014443252818e-15,100,0,negative_latent_mass=0.0249 exceeds 0.01,,1,1,b8eb3c94eb3388ec3f3ff44dda35e9130178f1d32a5f2a459ddc134106dcbcb5,b7a8fd6d3b282691ecd59299f76b860a8be26f51d7febaf57f7dd1bbd7edede6,False,-2,16,35,53,-10,24,27,62,-19,32,18,71,0.026060913324578928,0.028663975187453915,0.022347666972090424,0.030216506559537774,0.016904927514953913,0.5000512988173718,38,44,7.965285497106209,30.018685208035727,18.798994889997395,396.77170510704946,-6.0,82.0,13.171104165240102,173.47798493160516,37.59798977999479,1413.6088354965927,0.0,0.0,1.2766606693893918,1.0035530791822338,1.2502541527465065,0.5091793047075666,0.0,18.0,0.0,18.0,1.0,34.0,0.0,35.0,1.0,51.0,0.0,53.0,0.0,0.0,0.0,0.0,0.0,1.0
confirmation-20260916T173933Z-48f95d,2024_18_CHI_GB,2025-01-04 18:00:00+00:00,2024,18,GB,CHI,2025-01-05 18:00:00+00:00,M1_ridge_alpha100,historical_reconstruction,kickoff_minus_24h,26.39806606171915,16.244682519471098,26.406031974208826,16.409866279700157,9.996165694508665,42.81589825390898,0.76707712885265,0.02262182181540312,0.21030104933194688,0.7848314459787055,1.2741589358119738,4.647519264831947,-364.7519264831948,364.7519264831948,-9.996165694508665,-10.0,0.48841502574065576,0.03034483806342611,0.4812401361959181,42.5,0.5050259331542148,0.0,0.49497406684578515,0.04057711907696699,3.4416913763379853e-15,100,0,negative_latent_mass=0.0406 exceeds 0.01,,1,1,b8eb3c94eb3388ec3f3ff44dda35e9130178f1d32a5f2a459ddc134106dcbcb5,b7a8fd6d3b282691ecd59299f76b860a8be26f51d7febaf57f7dd1bbd7edede6,False,1,19,34,52,-7,27,26,60,-16,35,17,69,0.02262182181540312,0.026101450291875838,0.0184112910459603,0.029424719088582036,0.01303439203188477,0.5000710844466784,22,24,7.214935051361854,3.4745843676237453,5.998082847254334,38.51162382489163,-2.0,46.0,11.996165694508665,143.90799137010657,3.1841017460910166,10.13850392945986,0.0,0.0,1.5592152065952662,1.2125435011172971,1.536333585808087,0.6159603985970257,0.0,18.0,1.0,18.0,1.0,34.0,1.0,34.0,1.0,51.0,1.0,52.0,0.0,0.0,0.0,0.0,0.0,1.0
confirmation-20260916T173933Z-48f95d,2024_18_CIN_PIT,2025-01-04 01:00:00+00:00,2024,18,PIT,CIN,2025-01-05 01:00:00+00:00,M1_ridge_alpha100,historical_reconstruction,kickoff_minus_24h,22.889657623800552,24.775675557528754,22.915302267948693,24.7886104050846,-1.873308137135913,47.7039126730333,0.4284230090616187,0.029890189547644552,0.5416868013907368,0.4416232105330921,2.264373737949326,1.7909053865844202,126.43737379493261,-126.4373737949326,1.873308137135913,2.0,0.4883979576526667,0.030153305762770446,0.4814487365845629,47.5,0.5048768517375761,0.0,0.4951231482624239,0.01077651286164587,4.440892098500626e-16,100,0,negative_latent_mass=0.0108 exceeds 0.01,,1,1,b8eb3c94eb3388ec3f3ff44dda35e9130178f1d32a5f2a459ddc134106dcbcb5,b7a8fd6d3b282691ecd59299f76b860a8be26f51d7febaf57f7dd1bbd7edede6,False,-11,7,38,57,-19,15,30,65,-28,24,21,74,0.029890189547644552,0.028168166424004933,0.030050419765731987,0.024079630706551093,0.02800312570076213,0.5000220593595558,17,19,3.085664826604644,6.940588605728882,5.851956336516647,34.24940567152633,-2.0,36.0,0.12669186286408696,0.016050828115972617,11.703912673033301,136.9815718579895,0.0,0.0,0.6130673017789798,0.3944906861440599,0.5827212945387947,0.1950310600815558,1.0,18.0,0.0,19.0,1.0,34.0,1.0,35.0,1.0,52.0,1.0,53.0,0.0,0.0,0.0,0.0,0.0,1.0
confirmation-20260916T173933Z-48f95d,2024_18_CLE_BAL,2025-01-03 21:30:00+00:00,2024,18,BAL,CLE,2025-01-04 21:30:00+00:00,M1_ridge_alpha100,historical_reconstruction,kickoff_minus_24h,30.843073583970337,14.209413179381071,30.84460200853087,14.48437250502587,16.360229503504996,45.32897451355674,0.8886049285207347,0.01373884433611313,0.09765622714315217,0.9009833991916509,1.1098983631631674,10.099316597784878,-909.9316597784886,909.9316597784878,-16.360229503504996,-16.5,0.501604745020742,0.0,0.49839525497925796,45.0,0.48872962219394844,0.029659143706555705,0.48161123409949586,0.06038558609491994,1.3289369604763124e-13,100,0,negative_latent_mass=0.0604 exceeds 0.01,,1,1,b8eb3c94eb3388ec3f3ff44dda35e9130178f1d32a5f2a459ddc134106dcbcb5,b7a8fd6d3b282691ecd59299f76b860a8be26f51d7febaf57f7dd1bbd7edede6,False,8,25,36,54,0,33,28,63,-9,41,20,72,0.01373884433611313,0.01775934398145997,0.010033704755620694,0.023206142306775607,0.006123775569864807,0.500023866674919,35,10,5.156166498420039,3.125130594978533,4.3198852482475,18.688464615668842,25.0,45.0,8.639770496495004,74.64563423210552,0.32897451355673724,0.10822423056989189,0.0,1.0,0.11810254210730735,0.022134356493397504,0.10426844641407085,0.009804287235639952,1.0,17.0,1.0,18.0,1.0,33.0,1.0,35.0,1.0,50.0,1.0,52.0,0.0,0.0,0.0,0.0,0.0,0.0
confirmation-20260916T173933Z-48f95d,2024_18_HOU_TEN,2025-01-04 18:00:00+00:00,2024,18,TEN,HOU,2025-01-05 18:00:00+00:00,M1_ridge_alpha100,historical_reconstruction,kickoff_minus_24h,20.161243807667184,20.882491978885113,20.220027390888553,20.92748540111582,-0.7074580102272723,41.14751279200436,0.46307785531031054,0.03041150120638021,0.5065106434833092,0.4776024631959648,2.093791546442864,1.914250986170185,109.37915464428637,-109.37915464428637,0.7074580102272723,0.5,0.4934893565166908,0.0,0.5065106434833092,41.0,0.48681331584283094,0.029332892833365355,0.4838537913238037,0.026724655913456602,-2.220446049250313e-16,100,0,negative_latent_mass=0.0267 exceeds 0.01,,1,1,b8eb3c94eb3388ec3f3ff44dda35e9130178f1d32a5f2a459ddc134106dcbcb5,b7a8fd6d3b282691ecd59299f76b860a8be26f51d7febaf57f7dd1bbd7edede6,False,-10,8,32,50,-18,16,24,58,-26,25,15,68,0.03041150120638021,0.02902832690635458,0.029760536100043745,0.025512621478803187,0.027039113258641684,0.5001379188899577,14,23,5.083273243157466,3.6452164065196824,4.1462709948863665,21.49202875299596,-9.0,37.0,8.292541989772728,68.76625265214383,4.147512792004363,17.20186235983983,0.0,0.0,0.680209941726803,0.45889770447968015,0.649326416184104,0.22810411285085289,1.0,18.0,1.0,18.0,1.0,34.0,1.0,34.0,1.0,51.0,1.0,53.0,0.0,0.0,0.0,0.0,0.0,0.0
confirmation-20260916T173933Z-48f95d,2024_18_JAX_IND,2025-01-04 18:00:00+00:00,2024,18,IND,JAX,2025-01-05 18:00:00+00:00,M1_ridge_alpha100,historical_reconstruction,kickoff_minus_24h,23.680150062409837,21.338574430654837,23.700056810959122,21.377743894779677,2.3223129161794493,45.0778007057388,0.5552904052235157,0.029783476531349388,0.41492611824513487,0.5723365782704669,1.7472236407148414,2.3382874222814167,-133.82874222814158,133.82874222814164,-2.3223129161794493,-2.5,0.49512997932072556,0.0,0.5048700206792744,45.0,0.48597389665926005,0.029303074039743773,0.4847230293009962,0.015969357477463888,1.1102230246251565e-16,100,0,negative_latent_mass=0.0160 exceeds 0.01,,1,1,b8eb3c94eb3388ec3f3ff44dda35e9130178f1d32a5f2a459ddc134106dcbcb5,b7a8fd6d3b282691ecd59299f76b860a8be26f51d7febaf57f7dd1bbd7edede6,False,-7,11,36,54,-15,19,28,62,-23,28,19,72,0.029783476531349388,0.030131779116498447,0.027805838135623637,0.02838279158763647,0.023531665216166668,0.5000470543297638,26,23,3.0952117899630327,3.634666007845457,1.9610996471306006,3.9607267718700676,3.0,49.0,0.6776870838205507,0.45925978357720204,3.9221992942611976,15.383647303903036,0.0,1.0,0.5882640494296542,0.37081736276253396,0.5580280371058264,0.18289600228541247,1.0,18.0,1.0,18.0,1.0,34.0,1.0,34.0,1.0,51.0,1.0,53.0,0.0,1.0,0.0,0.0,0.0,0.0
confirmation-20260916T173933Z-48f95d,2024_18_KC_DEN,2025-01-04 21:25:00+00:00,2024,18,DEN,KC,2025-01-05 21:25:00+00:00,M1_ridge_alpha100,historical_reconstruction,kickoff_minus_24h,21.672041099730983,22.302187088874295,21.709492408040788,22.331224698844633,-0.6217322908038465,44.04071710688542,0.4658957102829059,0.030254088194453337,0.5038502015226408,0.4804307031472459,2.0814656379143046,1.9246710805611746,108.14656379143045,-108.14656379143045,0.6217322908038465,0.5,0.4961497984773592,0.0,0.5038502015226408,44.0,0.4846789815443079,0.029305644982432325,0.4860153734732598,0.017835264646440703,-2.220446049250313e-16,100,0,negative_latent_mass=0.0178 exceeds 0.01,,1,1,b8eb3c94eb3388ec3f3ff44dda35e9130178f1d32a5f2a459ddc134106dcbcb5,b7a8fd6d3b282691ecd59299f76b860a8be26f51d7febaf57f7dd1bbd7edede6,False,-10,8,35,53,-17,16,27,61,-26,25,18,71,0.030254088194453337,0.029058279700858045,0.029695154068097456,0.025576469053903757,0.02690391161263716,0.5000632366192013,38,0,31.22271684888203,4.204518697302104,19.310866145401924,382.0321170769846,38.0,38.0,38.62173229080385,1491.6382051425207,6.040717106885417,36.49026316541812,0.0,1.0,0.7637934675790957,0.5400477277210851,0.7330722791881662,0.2699522542320653,0.0,18.0,1.0,18.0,0.0,33.0,1.0,34.0,0.0,51.0,1.0,53.0,0.0,0.0,0.0,0.0,0.0,1.0
confirmation-20260916T173933Z-48f95d,2024_18_LAC_LV,2025-01-04 21:25:00+00:00,2024,18,LV,LAC,2025-01-05 21:25:00+00:00,M1_ridge_alpha100,historical_reconstruction,kickoff_minus_24h,18.360318122223028,22.164215157534105,18.45822592479621,22.194540521506976,-3.736314596710761,40.65276644630319,0.37232994969532207,0.02926687631574283,0.598403173988935,0.38355541869448656,2.607185171320784,1.6222058402755177,160.71851713207843,-160.71851713207835,3.736314596710761,4.0,0.4912212463334049,0.0302337080634077,0.4785450456031874,40.5,0.5010584996504139,0.0,0.49894150034958606,0.031921099025735526,-2.220446049250313e-16,100,0,negative_latent_mass=0.0319 exceeds 0.01,,1,1,b8eb3c94eb3388ec3f3ff44dda35e9130178f1d32a5f2a459ddc134106dcbcb5,b7a8fd6d3b282691ecd59299f76b860a8be26f51d7febaf57f7dd1bbd7edede6,False,-13,5,31,50,-20,13,23,58,-29,22,15,67,0.02926687631574283,0.026458638329143764,0.030166517972213373,0.021669421584243696,0.029422823187239447,0.5001513730140852,20,34,6.081625902980279,8.084147819040087,6.673616776848407,70.87297039865564,-14.0,54.0,10.263685403289239,105.34323805769259,13.34723355369681,178.14864353693,0.0,0.0,0.5134905482100423,0.30076615215156366,0.4837868528667841,0.14711475920990288,0.0,18.0,0.0,19.0,1.0,33.0,1.0,35.0,1.0,51.0,1.0,52.0,0.0,0.0,0.0,0.0,0.0,1.0
confirmation-20260916T173933Z-48f95d,2024_18_MIA_NYJ,2025-01-04 21:25:00+00:00,2024,18,NYJ,MIA,2025-01-05 21:25:00+00:00,M1_ridge_alpha100,historical_reconstruction,kickoff_minus_24h,19.23594925116828,22.25689851486135,19.31262996274908,22.286353263011858,-2.973723300262778,41.59898322576093,0.3949539006671673,0.029640015556704768,0.5754060837761279,0.40701791809124954,2.456894292736787,1.6863915968271743,145.68942927367868,-145.68942927367868,2.973723300262778,3.0,0.48453465171307686,0.03020491436089941,0.48526043392602375,41.5,0.5000180207908711,0.0,0.4999819792091289,0.027033103886688326,-2.220446049250313e-16,100,0,negative_latent_mass=0.0270 exceeds 0.01,,1,1,b8eb3c94eb3388ec3f3ff44dda35e9130178f1d32a5f2a459ddc134106dcbcb5,b7a8fd6d3b282691ecd59299f76b860a8be26f51d7febaf57f7dd1bbd7edede6,False,-12,6,32,51,-20,14,24,59,-28,23,16,68,0.029640015556704768,0.027220548296696012,0.03020491436089941,0.0226927698625718,0.02892549719563366,0.5001195515758743,32,20,9.239392677219229,6.24744047480079,7.486861650131388,83.09838485270866,12.0,52.0,14.973723300262778,224.21238947283243,10.401016774239068,108.18114993800246,0.0,1.0,0.9289862280635555,0.6980514740866581,0.8988980697143799,0.35162774946483605,0.0,18.0,0.0,19.0,1.0,34.0,1.0,35.0,1.0,51.0,1.0,52.0,0.0,0.0,0.0,0.0,0.0,1.0
confirmation-20260916T173933Z-48f95d,2024_18_MIN_DET,2025-01-05 01:20:00+00:00,2024,18,DET,MIN,2025-01-06 01:20:00+00:00,M1_ridge_alpha100,historical_reconstruction,kickoff_minus_24h,28.780288689128213,24.107324344096963,28.783656428408616,24.123511246031914,4.660145182376697,52.90716767444052,0.6237582750952984,0.0283323433644776,0.34790938154022405,0.6419461127841918,1.557763151898979,2.79287569749878,-179.28756974987803,179.28756974987795,-4.660145182376697,-4.5,0.5051967250879605,0.0,0.49480327491203946,53.0,0.4820801196868868,0.029285019345162092,0.4886348609679511,0.0056859380521101935,2.5979218776228663e-14,100,0,,,1,1,b8eb3c94eb3388ec3f3ff44dda35e9130178f1d32a5f2a459ddc134106dcbcb5,b7a8fd6d3b282691ecd59299f76b860a8be26f51d7febaf57f7dd1bbd7edede6,False,-4,14,44,62,-12,22,35,70,-21,30,26,80,0.0283323433644776,0.029907369173084914,0.025482732817039357,0.029690152969798687,0.02043458492209374,0.5000043517244097,31,9,11.045525462310335,7.713844100044955,8.669927408811649,116.81638561809412,22.0,40.0,17.339854817623305,300.67056509625417,12.907167674440522,166.59497737612236,0.0,1.0,0.47199236531856126,0.26340149500348903,0.4432509152882603,0.1282025861503507,0.0,18.0,0.0,18.0,1.0,34.0,1.0,35.0,1.0,51.0,1.0,54.0,0.0,0.0,0.0,0.0,0.0,1.0
confirmation-20260916T173933Z-48f95d,2024_18_NO_TB,2025-01-04 18:00:00+00:00,2024,18,TB,NO,2025-01-05 18:00:00+00:00,M1_ridge_alpha100,historical_reconstruction,kickoff_minus_24h,28.440557304574696,16.994374268016536,28.444377776903913,17.130026129286307,11.314351647617604,45.57440390619022,0.7959176806940643,0.02080963473310544,0.18327268457283025,0.8128324265906393,1.2302658792715986,5.342805817185358,-434.28058171853576,434.28058171853576,-11.314351647617604,-11.5,0.4976076025159659,0.0,0.5023923974840341,45.5,0.49866313802825246,0.0,0.5013368619717475,0.03330733597212537,1.9539925233402755e-14,100,0,negative_latent_mass=0.0333 exceeds 0.01,,1,1,b8eb3c94eb3388ec3f3ff44dda35e9130178f1d32a5f2a459ddc134106dcbcb5,b7a8fd6d3b282691ecd59299f76b860a8be26f51d7febaf57f7dd1bbd7edede6,False,3,20,36,55,-6,28,28,63,-14,36,20,72,0.02080963473310544,0.024617484709339284,0.016621221759789768,0.02855948735939603,0.011421553326891227,0.500030854906699,27,19,3.416877032226249,3.1655310130341245,1.657175823808803,2.7915147197829207,8.0,46.0,3.3143516476176043,10.984926844065528,0.42559609380978003,0.1811320350661431,0.0,1.0,0.22825951469906638,0.07567151086154729,0.20723030803411505,0.035031700535948444,1.0,17.0,1.0,19.0,1.0,34.0,1.0,35.0,1.0,50.0,1.0,52.0,0.0,0.0,0.0,0.0,0.0,1.0
confirmation-20260916T173933Z-48f95d,2024_18_NYG_PHI,2025-01-04 18:00:00+00:00,2024,18,PHI,NYG,2025-01-05 18:00:00+00:00,M1_ridge_alpha100,historical_reconstruction,kickoff_minus_24h,28.75550622053084,15.631108040547318,28.75890521821656,15.82446321415434,12.934442004062218,44.583368432370904,0.8299333998388574,0.018521583702577914,0.15154501645856472,0.8455951613992078,1.1825990091349368,6.476480977292822,-547.6480977292827,547.6480977292822,-12.934442004062218,-13.0,0.48719320500586316,0.03040003112683475,0.4824067638673021,44.5,0.49773444688433444,0.0,0.5022655531156656,0.04503603862645328,2.5091040356528538e-14,100,0,negative_latent_mass=0.0450 exceeds 0.01,,1,1,b8eb3c94eb3388ec3f3ff44dda35e9130178f1d32a5f2a459ddc134106dcbcb5,b7a8fd6d3b282691ecd59299f76b860a8be26f51d7febaf57f7dd1bbd7edede6,False,4,22,35,54,-4,30,27,62,-13,38,19,71,0.018521583702577914,0.022531905217903197,0.01435790996733342,0.027173542964025372,0.009495440287787383,0.5000372868773674,20,13,4.153221958024741,6.804259092772254,5.791684216185451,42.34800653490619,7.0,33.0,5.934442004062218,35.21760189957799,11.583368432370904,134.17442424004676,0.0,1.0,0.18640982256899052,0.0522315895666482,0.16771456653424038,0.0238408541833367,1.0,18.0,0.0,19.0,1.0,34.0,1.0,35.0,1.0,51.0,1.0,52.0,0.0,0.0,0.0,1.0,0.0,0.0
confirmation-20260916T173933Z-48f95d,2024_18_SEA_LA,2025-01-04 21:25:00+00:00,2024,18,LA,SEA,2025-01-05 21:25:00+00:00,M1_ridge_alpha100,historical_reconstruction,kickoff_minus_24h,21.455113524082627,18.719866525376418,21.495120991671964,18.804426744149538,2.6906942475224236,40.29954773582151,0.5668730113021803,0.029892069622093884,0.4032349190757259,0.5843401476796036,1.7113320109374113,2.4058132976219846,-140.5813297621985,140.58132976219844,-2.6906942475224236,-2.5,0.5067695051863293,0.0,0.49323049481367065,40.0,0.4907629352970646,0.029356062741279686,0.47988100196165573,0.03139452806858057,-2.220446049250313e-16,100,0,negative_latent_mass=0.0314 exceeds 0.01,,1,1,b8eb3c94eb3388ec3f3ff44dda35e9130178f1d32a5f2a459ddc134106dcbcb5,b7a8fd6d3b282691ecd59299f76b860a8be26f51d7febaf57f7dd1bbd7edede6,False,-6,12,31,49,-14,19,23,58,-23,28,15,67,0.029892069622093884,0.030216144175773396,0.02749967747996174,0.02875676805494509,0.023085506915457722,0.5001704274692681,25,30,4.826115068295625,9.031543064402756,7.350226132089249,68.81251869506632,-5.0,55.0,7.690694247522424,59.1467780088745,14.700452264178487,216.1032967713904,0.0,0.0,0.908235961124451,0.6783671085796493,0.8778880158807011,0.34145340819022096,1.0,18.0,0.0,18.0,1.0,33.0,1.0,35.0,1.0,51.0,1.0,52.0,0.0,0.0,0.0,0.0,0.0,0.0
confirmation-20260916T173933Z-48f95d,2024_18_SF_ARI,2025-01-04 21:25:00+00:00,2024,18,ARI,SF,2025-01-05 21:25:00+00:00,M1_ridge_alpha100,historical_reconstruction,kickoff_minus_24h,23.525217671043407,21.668380756840897,23.546147213645856,21.70377120230675,1.8423760113391072,45.249918415952614,0.5407851732191808,0.029951731995219364,0.42926309478559976,0.5574827470508052,1.7937774851153676,2.2597988967332077,-125.97988967332076,125.97988967332076,-1.8423760113391072,-2.0,0.4805273907458161,0.030161410930291458,0.48931119832389247,45.0,0.4910887157794196,0.029298785145386832,0.4796124990751936,0.015308295594410888,0.0,100,0,negative_latent_mass=0.0153 exceeds 0.01,,1,1,b8eb3c94eb3388ec3f3ff44dda35e9130178f1d32a5f2a459ddc134106dcbcb5,b7a8fd6d3b282691ecd59299f76b860a8be26f51d7febaf57f7dd1bbd7edede6,False,-7,11,36,54,-15,19,28,63,-24,27,19,72,0.029951731995219364,0.030055200000758408,0.02820057982416744,0.027997505149328247,0.024131264095410408,0.5000450085364438,47,24,14.315614172908317,18.419909954363188,12.875040792023697,277.6779386076639,23.0,71.0,21.157623988660895,447.64505284555895,25.750081584047386,663.0667015850963,0.0,1.0,0.6147331710138695,0.396042167929762,0.5843237231208026,0.1958215191577016,0.0,18.0,0.0,18.0,0.0,34.0,0.0,35.0,1.0,51.0,1.0,53.0,0.0,0.0,0.0,0.0,0.0,0.0
confirmation-20260916T173933Z-48f95d,2024_18_WAS_DAL,2025-01-04 18:00:00+00:00,2024,18,DAL,WAS,2025-01-05 18:00:00+00:00,M1_ridge_alpha100,historical_reconstruction,kickoff_minus_24h,21.137748994107667,26.661434800301677,21.181779213384335,26.668146491613694,-5.4863672782293555,47.84992570499802,0.3244434574532322,0.027674881816905014,0.6478816607298628,0.3336779554347967,2.996901604413624,1.5007758007654277,199.6901604413624,-199.6901604413624,5.4863672782293555,5.5,0.4993867096766412,0.0,0.5006132903233588,48.0,0.47954176758115863,0.029297411117968877,0.4911608213008725,0.01358464224020654,2.6645352591003757e-15,100,0,negative_latent_mass=0.0136 exceeds 0.01,,1,1,b8eb3c94eb3388ec3f3ff44dda35e9130178f1d32a5f2a459ddc134106dcbcb5,b7a8fd6d3b282691ecd59299f76b860a8be26f51d7febaf57f7dd1bbd7edede6,False,-14,3,39,57,-22,11,30,65,-31,20,22,74,0.027674881816905014,0.024505095734454325,0.02961514334779805,0.019276655827671803,0.02999043425672597,0.5000196345979839,19,23,3.152704080027653,4.147136409705123,2.9249628524990143,9.107729609946908,-4.0,42.0,1.4863672782293555,2.2092876857909425,5.849925704998022,34.2216307539966,0.0,0.0,0.43404722163780934,0.23001678101814643,0.4059821749163642,0.1113409779431462,1.0,17.0,1.0,18.0,1.0,33.0,1.0,35.0,1.0,51.0,1.0,52.0,0.0,0.0,0.0,0.0,0.0,1.0
